Gemeinde;Gemeindename;Wahlkreisnummer;Gebietsnummer;Gebietsart;Gebietsname;Bezirksnummer;Ausgezaehlt abweichend Gebiet;Ausgezaehlt abweichend AGS;Ausbleibend;Wahlberechtigte gesamt (A);Wahlberechtigte ohne Wahlschein (A1);Wahlberechtigte mit Wahlschein (A2);Wahlberechtigte nicht im WVZ (A3);Waehler gesamt (B);Waehler ohne Wahlschein;Waehler mit Wahlschein;Urnenwaehler mit Wahlschein in Urnenwahllokal;Briefwaehler mit Wahlschein in Urnenwahllokal;Direktstimmen ungueltige (C);Direktstimmen gueltige (D);D1;D2;D3;D4;D6;D7;D11;D16;Listenstimmen ungueltige (E);Listenstimmen gueltige (F);F1;F2;F3;F4;F5;F6;F7;F8;F9;F10;F11;F12;F13;F14;F15;F16;F17;
;;247;247;WAHLKREIS;Bad Kissingen;;;;N;210364;106626;103738;0;180527;80727;99800;166;0;7608;172919;87357;25127;10615;8444;22323;9957;2216;6880;697;179830;75101;17374;13320;6462;41432;8048;8259;697;1227;670;618;225;719;104;33;259;5282;
;;247;09672000;KREIS;Landkreis Bad Kissingen;;;;N;81418;41351;40067;0;69039;30543;38496;52;0;2916;66123;34155;10270;4091;3224;7188;3819;913;2463;254;68785;29352;6776;5195;2550;15316;2775;3036;255;468;252;230;80;279;28;12;103;2078;
09672112;Markt Bad Bocklet;247;09672112;GEMEINDE;Markt Bad Bocklet;;;;N;3705;1919;1786;0;3130;1387;1743;0;0;178;2952;1471;454;155;165;353;186;52;116;16;3114;1242;299;199;115;783;121;149;17;23;6;19;3;10;4;0;3;121;
09672112;Markt Bad Bocklet;247;096721120001;STIMMBEZIRK;Rathaus Bad Bocklet;0001;;;N;1299;678;621;0;426;426;0;0;0;27;399;182;60;25;27;35;33;1;36;4;422;154;41;35;14;121;5;25;4;3;1;2;0;1;1;0;1;14;
09672112;Markt Bad Bocklet;247;096721120002;STIMMBEZIRK;Zehnthalle Aschach;0002;;;N;766;396;370;0;312;312;0;0;0;15;297;160;40;14;23;31;10;9;10;0;312;135;21;21;11;80;10;13;1;2;2;1;0;1;2;0;0;12;
09672112;Markt Bad Bocklet;247;096721120003;STIMMBEZIRK;Haus d. Dorfgemeinschaft Großenbrach;0003;;;N;360;188;172;0;155;155;0;0;0;15;140;61;29;6;16;17;5;4;2;1;154;59;20;10;6;39;5;6;2;2;0;0;0;0;0;0;0;5;
09672112;Markt Bad Bocklet;247;096721120004;STIMMBEZIRK;Henneberg-Sporthalle Steinach;0004;;;N;1096;530;566;0;376;376;0;0;0;19;357;159;50;13;21;54;37;6;17;4;372;113;38;14;24;134;18;16;0;0;0;1;0;1;0;0;0;13;
09672112;Markt Bad Bocklet;247;096721120005;STIMMBEZIRK;Haus d. Dorfgemeinschaft Hohn;0005;;;N;184;127;57;0;118;118;0;0;0;7;111;63;13;10;3;12;7;0;3;0;118;50;11;8;1;30;3;9;1;0;0;1;0;2;0;0;0;2;
09672112;Markt Bad Bocklet;247;096721120011;BRIEFWAHLBEZIRK;Briefwahlbezirk 1;0011;;;N;0;0;0;0;420;0;420;0;0;25;395;180;68;27;21;57;25;4;13;1;419;145;47;30;16;113;22;22;3;4;2;2;0;3;0;0;0;10;
09672112;Markt Bad Bocklet;247;096721120012;BRIEFWAHLBEZIRK;Briefwahlbezirk 2;0012;;;N;0;0;0;0;447;0;447;0;0;22;425;194;72;18;20;59;37;12;13;1;446;159;34;30;20;101;26;32;1;5;0;3;0;2;0;0;1;32;
09672112;Markt Bad Bocklet;247;096721120013;BRIEFWAHLBEZIRK;Briefwahlbezirk 3;0013;;;N;0;0;0;0;418;0;418;0;0;26;392;224;60;22;13;38;16;7;12;3;415;201;50;25;12;66;15;14;3;3;1;4;2;0;0;0;1;18;
09672112;Markt Bad Bocklet;247;096721120014;BRIEFWAHLBEZIRK;Briefwahlbezirk 4;0014;;;N;0;0;0;0;458;0;458;0;0;22;436;248;62;20;21;50;16;9;10;2;456;226;37;26;11;99;17;12;2;4;0;5;1;0;1;0;0;15;
09672113;Stadt Bad Brückenau;247;09672113;GEMEINDE;Stadt Bad Brückenau;;;;N;4814;3033;1781;0;3609;1902;1707;2;0;245;3364;1586;562;211;201;309;223;63;209;26;3583;1339;376;258;144;980;97;161;4;28;9;11;3;14;2;1;11;145;
09672113;Stadt Bad Brückenau;247;096721130001;STIMMBEZIRK;Ökozentrum, Stadtmitte;0001;;;N;1130;721;409;0;437;437;0;0;0;43;394;119;95;23;32;43;44;10;28;8;429;82;65;29;17;164;6;23;0;6;2;1;0;3;1;0;1;29;
09672113;Stadt Bad Brückenau;247;096721130002;STIMMBEZIRK;Georgi-Kurhalle, Stadtmitte;0002;;;N;1180;715;465;0;434;434;0;0;0;52;382;159;53;21;25;25;53;6;40;7;427;137;35;23;16;149;5;26;0;5;1;2;0;0;1;0;1;26;
09672113;Stadt Bad Brückenau;247;096721130003;STIMMBEZIRK;Grundschule, Stadtmitte;0003;;;N;1018;645;373;0;416;415;1;1;0;37;379;154;53;20;34;56;33;6;23;1;415;122;33;26;24;161;6;27;0;0;0;0;0;1;0;1;0;14;
09672113;Stadt Bad Brückenau;247;096721130004;STIMMBEZIRK;Mittelschule Römershag;0004;;;N;533;358;175;0;219;218;1;1;0;16;203;99;30;8;12;28;10;0;16;2;217;70;19;10;8;90;10;5;1;0;0;0;0;1;0;0;1;2;
09672113;Stadt Bad Brückenau;247;096721130005;STIMMBEZIRK;Alte Schule Volkers;0005;;;N;434;310;124;0;241;241;0;0;0;18;223;120;40;13;9;17;9;3;12;2;239;104;23;19;8;63;3;11;0;4;1;0;0;0;0;0;0;3;
09672113;Stadt Bad Brückenau;247;096721130006;STIMMBEZIRK;Kindergarten Wernarz;0006;;;N;519;284;235;0;157;157;0;0;0;12;145;68;21;12;6;12;10;2;14;2;155;51;10;14;1;52;4;12;1;0;1;2;0;0;0;0;0;7;
09672113;Stadt Bad Brückenau;247;096721130010;BRIEFWAHLBEZIRK;Grundschule, Briefwahl I;0010;;;N;0;0;0;0;390;0;390;0;0;25;365;198;59;22;17;27;14;5;23;0;390;170;37;26;14;91;14;10;0;2;0;2;0;2;0;0;0;22;
09672113;Stadt Bad Brückenau;247;096721130011;BRIEFWAHLBEZIRK;Grundschule, Briefwahl II;0011;;;N;0;0;0;0;447;0;447;0;0;15;432;227;80;26;28;20;19;8;24;0;447;202;63;30;12;72;20;23;2;3;1;1;0;4;0;0;2;12;
09672113;Stadt Bad Brückenau;247;096721130012;BRIEFWAHLBEZIRK;Grundschule, Briefwahl III;0012;;;N;0;0;0;0;359;0;359;0;0;14;345;180;58;27;14;28;15;10;13;2;357;170;46;33;13;49;9;10;0;3;0;3;1;1;0;0;6;13;
09672113;Stadt Bad Brückenau;247;096721130013;BRIEFWAHLBEZIRK;Grundschule, Briefwahl IV;0013;;;N;0;0;0;0;509;0;509;0;0;13;496;262;73;39;24;53;16;13;16;2;507;231;45;48;31;89;20;14;0;5;3;0;2;2;0;0;0;17;
09672114;Große Kreisstadt Bad Kissingen;247;09672114;GEMEINDE;Große Kreisstadt Bad Kissingen;;;;N;17056;9303;7753;0;13659;6347;7312;19;0;686;12973;6114;2420;947;782;1139;903;196;472;55;13604;5307;1638;1218;607;3008;332;729;58;92;40;36;11;47;5;5;13;458;
09672114;Große Kreisstadt Bad Kissingen;247;096721140101;STIMMBEZIRK;Stadtsaal;0101;;;N;1781;1030;751;0;575;574;1;1;0;40;535;227;76;37;43;64;48;9;31;5;570;199;50;47;25;180;5;33;2;5;1;1;1;2;0;0;0;19;
09672114;Große Kreisstadt Bad Kissingen;247;096721140102;STIMMBEZIRK;Staatliche Realschule;0102;;;N;1694;1106;588;0;651;651;0;0;0;81;570;225;105;28;31;67;66;17;31;7;644;155;77;30;13;280;7;33;3;5;1;5;0;2;1;0;0;32;
09672114;Große Kreisstadt Bad Kissingen;247;096721140103;STIMMBEZIRK;Sinnberg-Grundschule;0103;;;N;1567;986;581;0;688;685;3;3;0;78;610;249;105;35;45;82;58;10;26;4;684;194;77;38;36;241;7;44;2;4;1;3;2;1;0;0;0;34;
09672114;Große Kreisstadt Bad Kissingen;247;096721140104;STIMMBEZIRK;Feuerwache Bad Kissingen;0104;;;N;1280;731;549;0;492;490;2;2;0;32;460;215;80;38;50;14;45;4;14;5;487;189;58;43;18;118;5;35;1;2;1;0;0;0;0;0;0;17;
09672114;Große Kreisstadt Bad Kissingen;247;096721140105;STIMMBEZIRK;Landratsamt Bad Kissingen;0105;;;N;1294;602;692;0;380;379;1;1;0;22;358;147;53;39;34;29;30;7;19;2;378;126;38;44;26;89;4;25;1;3;2;2;0;0;0;0;0;18;
09672114;Große Kreisstadt Bad Kissingen;247;096721140201;STIMMBEZIRK;Feuerwehrhaus Albertshausen;0201;;;N;500;243;257;0;196;196;0;0;0;7;189;98;29;6;5;26;13;4;8;2;194;76;22;9;8;55;7;9;1;1;1;0;0;0;0;0;1;4;
09672114;Große Kreisstadt Bad Kissingen;247;096721140301;STIMMBEZIRK;Lollbachhalle Arnshausen;0301;;;N;893;427;466;0;324;324;0;0;0;15;309;150;54;22;10;35;25;2;11;1;323;128;35;30;6;93;4;17;0;0;0;0;0;2;0;0;1;7;
09672114;Große Kreisstadt Bad Kissingen;247;096721140401;STIMMBEZIRK;Katholisches Pfarrzentrum Garitz;0401;;;N;1014;543;471;0;365;365;0;0;0;36;329;126;54;31;25;44;25;5;19;3;362;103;32;41;13;111;9;24;2;1;3;0;0;1;0;1;1;20;
09672114;Große Kreisstadt Bad Kissingen;247;096721140402;STIMMBEZIRK;Turnhalle Garitz;0402;;;N;1475;716;759;0;517;514;3;3;0;17;500;225;79;41;30;60;34;10;21;3;514;194;64;45;24;132;9;23;4;5;3;2;0;2;0;0;0;7;
09672114;Große Kreisstadt Bad Kissingen;247;096721140403;STIMMBEZIRK;Parkwohnstift Garitz;0403;;;N;800;460;340;0;331;326;5;5;0;14;317;165;58;6;25;27;23;0;13;1;330;137;35;12;36;67;5;19;1;2;2;0;0;0;0;0;1;13;
09672114;Große Kreisstadt Bad Kissingen;247;096721140501;STIMMBEZIRK;Katholisches Pfarrheim Hausen;0501;;;N;1147;510;637;0;388;388;0;0;0;16;372;154;73;33;23;32;34;3;20;0;388;134;48;46;20;92;7;25;2;2;0;2;0;0;0;1;0;9;
09672114;Große Kreisstadt Bad Kissingen;247;096721140601;STIMMBEZIRK;Feuerwehrhaus Kleinbrach;0601;;;N;291;160;131;0;116;115;1;1;0;7;109;45;16;11;1;11;15;2;8;1;115;31;10;9;4;36;2;13;2;0;3;0;1;1;0;0;0;3;
09672114;Große Kreisstadt Bad Kissingen;247;096721140701;STIMMBEZIRK;Katholisches Pfarrheim Poppenroth;0701;;;N;637;290;347;0;237;237;0;0;0;15;222;109;22;33;4;31;6;4;13;0;237;92;16;33;6;72;7;3;1;0;0;0;0;0;0;1;1;5;
09672114;Große Kreisstadt Bad Kissingen;247;096721140801;STIMMBEZIRK;Bürgerhaus Krone Reiterswiesen;0801;;;N;1438;787;651;0;603;601;2;2;0;33;570;261;82;29;48;62;47;6;35;3;600;208;56;28;28;189;27;30;0;5;1;0;0;3;0;0;0;25;
09672114;Große Kreisstadt Bad Kissingen;247;096721140901;STIMMBEZIRK;Feuerwehrhaus Winkels;0901;;;N;1245;712;533;0;503;502;1;1;0;47;456;169;73;31;28;59;53;13;30;2;501;131;47;42;15;189;10;28;6;1;2;0;0;2;0;0;1;27;
09672114;Große Kreisstadt Bad Kissingen;247;096721140981;BRIEFWAHLBEZIRK;Briefwahlbezirk (0981);0981;;;N;0;0;0;0;575;0;575;0;0;19;556;245;113;60;25;49;39;9;16;4;571;217;74;76;24;94;22;36;2;5;4;2;1;2;1;0;0;11;
09672114;Große Kreisstadt Bad Kissingen;247;096721140982;BRIEFWAHLBEZIRK;Briefwahlbezirk (0982);0982;;;N;0;0;0;0;574;0;574;0;0;19;555;281;102;50;35;37;33;10;7;2;572;234;68;60;42;90;10;35;3;1;1;2;1;2;0;0;0;23;
09672114;Große Kreisstadt Bad Kissingen;247;096721140983;BRIEFWAHLBEZIRK;Briefwahlbezirk (0983);0983;;;N;0;0;0;0;576;0;576;0;0;21;555;262;119;41;18;53;42;8;12;1;575;233;65;64;15;89;31;42;0;4;3;1;0;3;1;0;3;21;
09672114;Große Kreisstadt Bad Kissingen;247;096721140984;BRIEFWAHLBEZIRK;Briefwahlbezirk (0984);0984;;;N;0;0;0;0;574;0;574;0;0;11;563;275;125;47;16;41;36;6;17;2;572;234;80;67;24;75;19;35;3;7;1;0;1;4;1;0;0;21;
09672114;Große Kreisstadt Bad Kissingen;247;096721140985;BRIEFWAHLBEZIRK;Briefwahlbezirk (0985);0985;;;N;0;0;0;0;579;0;579;0;0;19;560;274;110;30;37;53;32;9;15;0;579;243;67;58;24;101;27;31;7;3;0;1;0;0;0;0;0;17;
09672114;Große Kreisstadt Bad Kissingen;247;096721140986;BRIEFWAHLBEZIRK;Briefwahlbezirk (0986);0986;;;N;0;0;0;0;550;0;550;0;0;12;538;237;109;60;26;43;36;14;13;2;548;212;76;67;23;85;13;38;3;2;3;3;0;2;1;0;0;20;
09672114;Große Kreisstadt Bad Kissingen;247;096721140987;BRIEFWAHLBEZIRK;Briefwahlbezirk (0987);0987;;;N;0;0;0;0;569;0;569;0;0;17;552;312;110;27;42;30;16;4;11;0;569;302;86;30;38;54;18;12;2;3;1;2;0;7;0;0;0;14;
09672114;Große Kreisstadt Bad Kissingen;247;096721140988;BRIEFWAHLBEZIRK;Briefwahlbezirk (0988);0988;;;N;0;0;0;0;570;0;570;0;0;18;552;313;120;23;20;37;21;8;10;1;569;282;83;35;23;88;11;19;1;8;3;4;1;3;0;0;2;6;
09672114;Große Kreisstadt Bad Kissingen;247;096721140989;BRIEFWAHLBEZIRK;Briefwahlbezirk (0989);0989;;;N;0;0;0;0;564;0;564;0;0;25;539;287;118;34;34;32;24;3;7;0;564;279;71;50;27;72;19;18;2;3;2;2;2;1;0;0;0;16;
09672114;Große Kreisstadt Bad Kissingen;247;096721140990;BRIEFWAHLBEZIRK;Briefwahlbezirk (0990);0990;;;N;0;0;0;0;549;0;549;0;0;22;527;270;104;29;29;40;21;8;26;1;548;256;73;42;22;90;13;23;4;8;0;0;0;0;0;1;1;15;
09672114;Große Kreisstadt Bad Kissingen;247;096721140991;BRIEFWAHLBEZIRK;Briefwahlbezirk (0991);0991;;;N;0;0;0;0;553;0;553;0;0;14;539;287;99;43;38;30;29;6;7;1;552;262;74;69;20;75;8;22;2;5;1;0;0;1;0;0;1;12;
09672114;Große Kreisstadt Bad Kissingen;247;096721140992;BRIEFWAHLBEZIRK;Briefwahlbezirk (0992);0992;;;N;0;0;0;0;561;0;561;0;0;10;551;272;123;51;33;23;19;13;17;0;561;244;87;61;22;68;12;35;1;2;0;2;0;3;0;1;0;23;
09672114;Große Kreisstadt Bad Kissingen;247;096721140993;BRIEFWAHLBEZIRK;Briefwahlbezirk (0993);0993;;;N;0;0;0;0;499;0;499;0;0;19;480;234;109;32;27;28;33;2;15;2;497;212;69;42;25;83;14;22;0;5;0;2;1;3;0;0;0;19;
09672117;Markt Burkardroth;247;09672117;GEMEINDE;Markt Burkardroth;;;;N;5976;3114;2862;0;5187;2425;2762;3;0;205;4982;2779;523;155;225;737;269;87;207;19;5168;2357;349;222;173;1313;292;197;27;32;18;23;4;14;1;0;6;140;
09672117;Markt Burkardroth;247;096721170001;STIMMBEZIRK;Burkardroth/Frauenroth;0001;;;N;748;342;406;0;252;252;0;0;0;14;238;115;23;9;30;26;14;8;13;0;252;96;18;12;19;72;12;11;1;1;1;3;0;0;0;0;1;5;
09672117;Markt Burkardroth;247;096721170002;STIMMBEZIRK;Gefäll;0002;;;N;420;241;179;0;184;184;0;0;0;17;167;89;13;6;6;34;6;4;9;0;184;71;5;5;2;83;2;7;0;0;2;3;0;0;0;0;1;3;
09672117;Markt Burkardroth;247;096721170003;STIMMBEZIRK;Katzenbach;0003;;;N;306;150;156;0;133;133;0;0;0;6;127;71;15;9;8;12;5;4;3;0;133;54;9;8;7;36;9;4;0;2;0;2;0;0;0;0;0;2;
09672117;Markt Burkardroth;247;096721170004;STIMMBEZIRK;Lauter;0004;;;N;439;245;194;0;212;212;0;0;0;2;210;108;29;7;5;33;12;3;13;0;212;82;30;9;8;46;12;11;2;1;0;0;0;0;0;0;0;11;
09672117;Markt Burkardroth;247;096721170005;STIMMBEZIRK;Oehrberg;0005;;;N;319;208;111;0;176;174;2;2;0;13;163;79;24;7;10;19;16;2;6;1;175;65;16;11;8;53;6;8;0;1;0;0;0;1;0;0;0;6;
09672117;Markt Burkardroth;247;096721170006;STIMMBEZIRK;Premich;0006;;;N;815;435;380;0;318;318;0;0;0;7;311;166;38;6;12;46;23;3;17;1;317;135;19;13;10;103;9;15;1;8;0;0;1;0;0;0;0;3;
09672117;Markt Burkardroth;247;096721170007;STIMMBEZIRK;Stangenroth;0007;;;N;790;385;405;0;300;300;0;0;0;14;286;156;22;11;10;48;14;2;23;2;298;132;15;13;4;103;10;14;1;2;1;0;0;1;1;0;0;1;
09672117;Markt Burkardroth;247;096721170008;STIMMBEZIRK;Stralsbach;0008;;;N;395;229;166;0;177;177;0;0;0;5;172;112;16;10;7;13;7;2;5;0;177;101;11;14;6;25;7;6;2;0;0;0;0;0;0;0;0;5;
09672117;Markt Burkardroth;247;096721170009;STIMMBEZIRK;Waldfenster;0009;;;N;620;310;310;0;249;248;1;1;0;12;237;136;34;3;12;31;8;1;12;4;245;125;26;9;4;62;7;6;0;0;0;1;0;0;0;0;2;3;
09672117;Markt Burkardroth;247;096721170010;STIMMBEZIRK;Wollbach;0010;;;N;567;278;289;0;222;222;0;0;0;7;215;109;19;7;8;41;19;5;7;0;222;102;10;13;4;60;9;9;0;0;2;2;0;0;0;0;0;11;
09672117;Markt Burkardroth;247;096721170011;STIMMBEZIRK;Zahlbach;0011;;;N;557;291;266;0;205;205;0;0;0;18;187;104;14;4;7;28;14;6;10;2;203;87;7;5;6;63;13;14;0;2;1;3;0;0;0;0;0;2;
09672117;Markt Burkardroth;247;096721170021;BRIEFWAHLBEZIRK;Briefwahlbezirk 21;0021;;;N;0;0;0;0;549;0;549;0;0;20;529;303;48;19;22;70;30;9;28;3;546;261;33;28;19;116;39;21;5;3;1;3;1;1;0;0;0;15;
09672117;Markt Burkardroth;247;096721170022;BRIEFWAHLBEZIRK;Briefwahlbezirk 22;0022;;;N;0;0;0;0;546;0;546;0;0;13;533;305;49;14;19;94;29;9;14;1;545;257;27;19;19;135;37;23;5;1;1;2;0;2;0;0;1;16;
09672117;Markt Burkardroth;247;096721170023;BRIEFWAHLBEZIRK;Briefwahlbezirk 23;0023;;;N;0;0;0;0;565;0;565;0;0;28;537;317;61;15;23;78;25;4;14;3;562;275;37;22;13;121;47;14;4;3;2;2;1;3;0;0;1;17;
09672117;Markt Burkardroth;247;096721170024;BRIEFWAHLBEZIRK;Briefwahlbezirk 24;0024;;;N;0;0;0;0;546;0;546;0;0;12;534;334;59;14;20;61;16;12;18;2;544;287;48;20;16;122;23;6;2;2;3;1;1;1;0;0;0;12;
09672117;Markt Burkardroth;247;096721170025;BRIEFWAHLBEZIRK;Briefwahlbezirk 25;0025;;;N;0;0;0;0;553;0;553;0;0;17;536;275;59;14;26;103;31;13;15;0;553;227;38;21;28;113;50;28;4;6;4;1;0;5;0;0;0;28;
09672127;Stadt Hammelburg;247;09672127;GEMEINDE;Stadt Hammelburg;;;;N;8541;4019;4522;0;7364;3013;4351;3;0;314;7050;3614;1104;585;304;720;387;80;256;33;7331;3150;736;700;237;1528;263;323;27;55;24;28;10;31;1;1;13;204;
09672127;Stadt Hammelburg;247;096721270001;STIMMBEZIRK;Hammelburg 1 A-J;0001;;;N;2178;979;1199;0;669;668;1;1;0;60;609;235;96;82;35;76;49;4;32;3;666;173;62;91;32;227;9;38;3;4;1;2;1;2;0;0;0;21;
09672127;Stadt Hammelburg;247;096721270002;STIMMBEZIRK;Hammelburg 2 K-Z;0002;;;N;2092;970;1122;0;632;632;0;0;0;43;589;237;112;56;35;72;40;2;35;1;631;213;83;71;18;173;18;32;3;5;2;3;0;0;0;0;2;8;
09672127;Stadt Hammelburg;247;096721270010;STIMMBEZIRK;Obereschenbach;0010;;;N;404;204;200;0;162;162;0;0;0;4;158;82;23;10;5;30;4;2;2;0;162;72;15;15;2;39;12;3;0;2;1;0;0;0;0;0;0;1;
09672127;Stadt Hammelburg;247;096721270011;STIMMBEZIRK;Untereschenbach;0011;;;N;194;117;77;0;98;97;1;1;0;1;97;49;12;5;2;16;2;3;8;0;98;36;7;7;2;30;4;2;0;1;1;1;0;1;0;0;0;6;
09672127;Stadt Hammelburg;247;096721270012;STIMMBEZIRK;Morlesau;0012;;;N;181;103;78;0;98;98;0;0;0;3;95;45;19;12;4;6;7;1;1;0;98;34;11;18;4;17;1;6;0;1;1;1;0;0;0;0;0;4;
09672127;Stadt Hammelburg;247;096721270013;STIMMBEZIRK;Diebach;0013;;;N;839;387;452;0;320;320;0;0;0;8;312;178;33;26;8;27;19;1;20;1;319;153;16;30;10;71;9;19;2;0;2;0;0;2;0;0;0;5;
09672127;Stadt Hammelburg;247;096721270014;STIMMBEZIRK;Untererthal;0014;;;N;709;290;419;0;238;238;0;0;0;10;228;111;25;10;8;36;18;4;16;1;237;98;21;10;7;64;10;13;0;1;3;2;0;0;0;0;0;8;
09672127;Stadt Hammelburg;247;096721270015;STIMMBEZIRK;Obererthal;0015;;;N;305;148;157;0;132;132;0;0;0;6;126;82;14;8;2;13;5;0;2;0;132;74;7;8;3;29;3;4;1;0;0;0;0;0;0;0;0;3;
09672127;Stadt Hammelburg;247;096721270016;STIMMBEZIRK;Feuerthal;0016;;;N;175;116;59;0;100;99;1;1;0;4;96;44;16;0;3;22;3;3;5;2;98;35;13;2;4;37;1;0;1;2;1;0;0;0;0;0;0;2;
09672127;Stadt Hammelburg;247;096721270017;STIMMBEZIRK;Westheim;0017;;;N;594;283;311;0;244;244;0;0;0;12;232;106;32;32;7;24;8;5;18;1;243;84;31;29;6;72;5;9;2;2;0;1;0;1;0;0;0;1;
09672127;Stadt Hammelburg;247;096721270018;STIMMBEZIRK;Gauaschach;0018;;;N;482;230;252;0;185;185;0;0;0;7;178;103;27;6;11;18;7;1;5;1;184;88;19;8;4;43;9;6;0;2;1;0;0;0;0;0;0;4;
09672127;Stadt Hammelburg;247;096721270019;STIMMBEZIRK;Pfaffenhausen;0019;;;N;388;192;196;0;138;138;0;0;0;4;134;61;18;12;6;21;8;3;5;0;138;48;13;13;1;46;7;4;0;1;0;0;0;0;0;0;0;5;
09672127;Stadt Hammelburg;247;096721270031;BRIEFWAHLBEZIRK;Briefwahl 31;0031;;;N;0;0;0;0;460;0;460;0;0;16;444;235;67;47;24;39;19;4;9;1;459;203;47;47;20;85;16;15;1;2;0;0;0;7;0;0;2;14;
09672127;Stadt Hammelburg;247;096721270032;BRIEFWAHLBEZIRK;Briefwahl 32;0032;;;N;0;0;0;0;457;0;457;0;0;16;441;231;79;31;12;38;37;8;5;3;454;218;50;43;14;62;19;24;4;5;1;4;0;0;1;0;0;9;
09672127;Stadt Hammelburg;247;096721270033;BRIEFWAHLBEZIRK;Briefwahl 33;0033;;;N;0;0;0;0;412;0;412;0;0;9;403;224;60;34;21;20;21;10;13;2;410;218;42;41;13;41;11;14;2;3;0;2;2;2;0;1;1;17;
09672127;Stadt Hammelburg;247;096721270034;BRIEFWAHLBEZIRK;Briefwahl 34;0034;;;N;0;0;0;0;439;0;439;0;0;14;425;218;77;38;20;27;28;5;12;3;436;202;55;41;13;50;15;30;1;5;0;2;0;4;0;0;0;18;
09672127;Stadt Hammelburg;247;096721270035;BRIEFWAHLBEZIRK;Briefwahl 35;0035;;;N;0;0;0;0;459;0;459;0;0;19;440;228;74;45;24;37;18;4;10;2;457;215;52;52;12;76;8;25;0;4;2;0;0;0;0;0;0;11;
09672127;Stadt Hammelburg;247;096721270036;BRIEFWAHLBEZIRK;Briefwahl 36;0036;;;N;0;0;0;0;420;0;420;0;0;10;410;234;69;25;11;35;13;6;17;2;418;199;38;28;10;64;29;15;1;0;4;2;1;2;0;0;3;22;
09672127;Stadt Hammelburg;247;096721270037;BRIEFWAHLBEZIRK;Briefwahl 37;0037;;;N;0;0;0;0;419;0;419;0;0;18;401;230;77;21;12;34;13;4;10;2;417;178;36;42;17;89;14;19;1;2;0;2;2;2;0;0;1;12;
09672127;Stadt Hammelburg;247;096721270038;BRIEFWAHLBEZIRK;Briefwahl 38;0038;;;N;0;0;0;0;416;0;416;0;0;12;404;239;47;15;12;51;28;4;8;1;415;205;41;17;16;71;18;22;2;5;1;2;0;3;0;0;2;10;
09672127;Stadt Hammelburg;247;096721270039;BRIEFWAHLBEZIRK;Briefwahl 39;0039;;;N;0;0;0;0;421;0;421;0;0;19;402;199;76;38;23;38;16;4;8;5;416;180;48;49;15;66;21;6;2;5;1;2;2;4;0;0;1;14;
09672127;Stadt Hammelburg;247;096721270040;BRIEFWAHLBEZIRK;Briefwahl 40;0040;;;N;0;0;0;0;445;0;445;0;0;19;426;243;51;32;19;40;24;2;15;2;443;224;29;38;14;76;24;17;1;3;2;2;2;1;0;0;1;9;
09672134;Gemeinde Motten;247;09672134;GEMEINDE;Gemeinde Motten;;;;N;1335;673;662;0;1206;556;650;0;0;33;1173;751;120;59;36;127;48;11;21;2;1204;582;96;57;47;260;62;40;2;9;6;3;0;3;1;0;3;33;
09672134;Gemeinde Motten;247;096721340001;STIMMBEZIRK;Rathaus Motten;0001;;;N;747;307;440;0;243;243;0;0;0;8;235;138;23;4;7;32;13;7;11;1;242;104;17;5;7;75;10;10;0;3;2;2;0;0;1;0;1;5;
09672134;Gemeinde Motten;247;096721340002;STIMMBEZIRK;Gemeindehaus Kothen;0002;;;N;423;250;173;0;208;208;0;0;0;7;201;111;32;16;6;21;9;0;6;0;208;88;27;16;6;49;8;5;0;1;0;0;0;0;0;0;1;7;
09672134;Gemeinde Motten;247;096721340003;STIMMBEZIRK;Gemeindehaus Speicherz;0003;;;N;165;116;49;0;105;105;0;0;0;5;100;62;10;4;4;14;5;1;0;0;105;49;3;5;5;21;8;7;0;1;0;0;0;1;0;0;0;5;
09672134;Gemeinde Motten;247;096721340011;BRIEFWAHLBEZIRK;Rathaus Motten Briefwahl 1;0011;;;N;0;0;0;0;433;0;433;0;0;9;424;299;34;15;12;43;15;3;3;0;433;236;30;13;18;77;26;11;2;4;2;1;0;0;0;0;1;12;
09672134;Gemeinde Motten;247;096721340012;BRIEFWAHLBEZIRK;Rathaus Motten Briefwahl 2;0012;;;N;0;0;0;0;217;0;217;0;0;4;213;141;21;20;7;17;6;0;1;1;216;105;19;18;11;38;10;7;0;0;2;0;0;2;0;0;0;4;
09672135;Stadt Münnerstadt;247;09672135;GEMEINDE;Stadt Münnerstadt;;;;N;6009;3403;2606;0;5033;2530;2503;10;0;194;4839;2347;807;329;204;597;345;37;173;18;5015;2071;458;416;166;1107;240;270;20;28;49;13;4;23;1;2;11;136;
09672135;Stadt Münnerstadt;247;096721350001;STIMMBEZIRK;Altstadt Ost;0001;;;N;550;314;236;0;205;204;1;1;0;13;192;71;33;14;8;28;27;3;8;1;204;60;18;18;7;65;10;20;0;0;0;2;0;3;0;0;0;1;
09672135;Stadt Münnerstadt;247;096721350002;STIMMBEZIRK;Altstadt West;0002;;;N;615;316;299;0;200;200;0;0;0;5;195;64;36;24;10;21;24;4;12;0;200;57;25;29;8;48;4;16;0;0;0;1;0;2;0;0;0;10;
09672135;Stadt Münnerstadt;247;096721350003;STIMMBEZIRK;Schindberg;0003;;;N;531;346;185;0;218;218;0;0;0;15;203;77;38;18;13;18;20;4;15;0;218;65;22;23;4;75;3;14;1;0;0;0;0;0;0;0;1;10;
09672135;Stadt Münnerstadt;247;096721350004;STIMMBEZIRK;Karlsberg;0004;;;N;614;302;312;0;232;231;1;1;0;12;220;95;55;13;7;19;21;0;10;0;232;84;35;23;4;52;5;20;0;5;0;0;0;1;0;0;0;3;
09672135;Stadt Münnerstadt;247;096721350005;STIMMBEZIRK;Zent;0005;;;N;542;296;246;0;232;231;1;1;0;17;215;71;42;20;12;33;18;1;18;1;231;64;26;24;10;76;4;11;0;1;2;0;0;1;0;0;2;10;
09672135;Stadt Münnerstadt;247;096721350006;STIMMBEZIRK;Althausen;0006;;;N;256;161;95;0;138;135;3;3;0;7;131;60;22;1;9;25;9;0;5;0;138;57;11;3;1;47;6;8;0;1;0;0;0;0;0;0;1;3;
09672135;Stadt Münnerstadt;247;096721350007;STIMMBEZIRK;Brünn;0007;;;N;114;87;27;0;83;83;0;0;0;7;76;39;12;8;0;8;6;1;2;0;83;33;8;9;0;17;6;2;0;1;0;0;0;0;0;0;0;7;
09672135;Stadt Münnerstadt;247;096721350008;STIMMBEZIRK;Burghausen;0008;;;N;240;135;105;0;110;110;0;0;0;11;99;40;22;5;9;12;6;0;5;1;109;32;14;7;4;29;9;5;0;1;1;0;1;0;0;0;2;4;
09672135;Stadt Münnerstadt;247;096721350009;STIMMBEZIRK;Fridritt;0009;;;N;161;108;53;0;93;93;0;0;0;3;90;63;6;0;3;8;5;1;4;0;93;50;3;2;6;17;5;6;1;0;0;1;0;0;0;0;0;2;
09672135;Stadt Münnerstadt;247;096721350010;STIMMBEZIRK;Großwenkheim;0010;;;N;570;295;275;0;251;251;0;0;0;9;242;135;32;15;10;25;15;1;9;0;251;118;16;17;7;63;11;11;1;2;0;0;0;1;0;0;1;3;
09672135;Stadt Münnerstadt;247;096721350011;STIMMBEZIRK;Kleinwenkheim;0011;;;N;400;285;115;0;159;155;4;4;0;8;151;85;22;9;5;22;6;0;2;2;157;71;17;15;5;33;7;4;0;1;0;0;0;1;0;0;0;3;
09672135;Stadt Münnerstadt;247;096721350012;STIMMBEZIRK;Reichenbach;0012;;;N;586;291;295;0;246;246;0;0;0;8;238;139;28;7;5;37;8;1;13;3;243;116;14;16;6;58;11;9;0;0;3;0;0;0;0;0;1;9;
09672135;Stadt Münnerstadt;247;096721350013;STIMMBEZIRK;Seubrigshausen;0013;;;N;374;202;172;0;170;170;0;0;0;5;165;93;15;3;5;36;11;2;0;0;170;74;5;4;8;60;9;4;0;2;0;2;0;0;0;0;0;2;
09672135;Stadt Münnerstadt;247;096721350014;STIMMBEZIRK;Wermerichshausen;0014;;;N;180;105;75;0;90;90;0;0;0;7;83;33;10;9;2;18;6;0;5;0;90;26;6;12;4;30;5;2;3;0;1;0;1;0;0;0;0;0;
09672135;Stadt Münnerstadt;247;096721350015;STIMMBEZIRK;Windheim;0015;;;N;276;160;116;0;113;113;0;0;0;4;109;56;9;9;6;12;6;1;10;0;113;50;8;5;0;33;4;10;1;1;1;0;0;0;0;0;0;0;
09672135;Stadt Münnerstadt;247;096721350021;BRIEFWAHLBEZIRK;Briefwahl 21;0021;;;N;0;0;0;0;503;0;503;0;0;16;487;206;110;58;18;39;39;4;13;5;498;197;57;70;20;65;15;41;5;3;4;2;0;4;0;1;1;13;
09672135;Stadt Münnerstadt;247;096721350022;BRIEFWAHLBEZIRK;Briefwahl 22;0022;;;N;0;0;0;0;391;0;391;0;0;4;387;177;93;32;15;26;30;4;10;0;391;160;55;53;15;56;10;21;1;2;1;3;1;1;0;1;0;11;
09672135;Stadt Münnerstadt;247;096721350023;BRIEFWAHLBEZIRK;Briefwahl 23;0023;;;N;0;0;0;0;416;0;416;0;0;7;409;173;91;40;20;46;30;4;5;0;416;172;53;21;18;57;15;27;1;5;30;0;0;2;1;0;1;13;
09672135;Stadt Münnerstadt;247;096721350024;BRIEFWAHLBEZIRK;Briefwahl 24;0024;;;N;0;0;0;0;256;0;256;0;0;10;246;139;38;11;3;27;19;0;9;0;256;130;21;15;6;51;18;9;1;0;0;0;0;2;0;0;0;3;
09672135;Stadt Münnerstadt;247;096721350025;BRIEFWAHLBEZIRK;Briefwahl 25;0025;;;N;0;0;0;0;430;0;430;0;0;11;419;244;41;13;18;73;18;2;10;3;427;206;18;20;17;90;41;12;2;3;1;1;1;3;0;0;0;12;
09672135;Stadt Münnerstadt;247;096721350026;BRIEFWAHLBEZIRK;Briefwahl 26;0026;;;N;0;0;0;0;497;0;497;0;0;15;482;287;52;20;26;64;21;4;8;2;495;249;26;30;16;85;42;18;3;0;5;1;0;2;0;0;1;17;
09672136;Gemeinde Nüdlingen;247;09672136;GEMEINDE;Gemeinde Nüdlingen;;;;N;3199;1429;1770;0;2744;1051;1693;0;0;96;2648;1328;437;153;124;305;157;43;101;4;2740;1135;279;193;97;662;102;109;10;20;12;3;1;15;1;0;4;97;
09672136;Gemeinde Nüdlingen;247;096721360001;STIMMBEZIRK;Stimmbezirk I Rathaus;0001;;;N;1422;640;782;0;474;474;0;0;0;23;451;211;69;23;21;64;29;3;31;2;472;167;38;33;15;169;13;20;1;3;1;0;0;1;0;0;0;11;
09672136;Gemeinde Nüdlingen;247;096721360002;STIMMBEZIRK;Stimmbezirk II Schlossberghalle;0002;;;N;1090;487;603;0;333;333;0;0;0;12;321;176;42;17;15;26;24;6;15;1;332;145;25;21;5;100;5;17;0;0;0;0;0;0;0;0;0;14;
09672136;Gemeinde Nüdlingen;247;096721360003;STIMMBEZIRK;Stimmbezirk III Haard;0003;;;N;687;302;385;0;244;244;0;0;0;14;230;86;37;14;11;36;24;8;14;0;244;83;26;15;6;68;10;15;3;2;2;2;0;0;0;0;1;11;
09672136;Gemeinde Nüdlingen;247;096721360011;BRIEFWAHLBEZIRK;Briefwahl I;0011;;;N;0;0;0;0;756;0;756;0;0;15;741;406;130;42;26;71;39;10;17;0;756;351;85;49;30;132;32;31;0;8;5;0;0;11;0;0;2;20;
09672136;Gemeinde Nüdlingen;247;096721360012;BRIEFWAHLBEZIRK;Briefwahl II;0012;;;N;0;0;0;0;937;0;937;0;0;32;905;449;159;57;51;108;41;16;24;1;936;389;105;75;41;193;42;26;6;7;4;1;1;3;1;0;1;41;
09672139;Markt Oberthulba;247;09672139;GEMEINDE;Markt Oberthulba;;;;N;4047;2057;1990;0;3556;1642;1914;2;0;126;3430;1959;449;174;152;373;155;49;119;11;3545;1666;286;236;117;749;178;139;9;23;17;10;1;18;1;0;1;94;
09672139;Markt Oberthulba;247;096721390010;STIMMBEZIRK;Rathaus;0010;;;N;578;302;276;0;215;214;1;1;0;16;199;98;27;14;11;25;15;5;4;0;215;89;20;14;8;55;8;11;0;1;0;1;0;0;0;0;0;8;
09672139;Markt Oberthulba;247;096721390011;STIMMBEZIRK;St.-Josefs-Heim;0011;;;N;670;323;347;0;256;256;0;0;0;13;243;127;38;18;8;22;21;2;7;2;254;96;25;32;9;60;7;13;3;1;5;0;0;1;0;0;0;2;
09672139;Markt Oberthulba;247;096721390020;STIMMBEZIRK;Feuerwehrgerätehaus Frankenbrunn;0020;;;N;374;183;191;0;156;155;1;1;0;4;152;92;25;7;3;17;5;1;2;0;156;84;7;10;5;32;2;6;2;1;1;0;0;1;0;0;0;5;
09672139;Markt Oberthulba;247;096721390030;STIMMBEZIRK;Gemeindehaus Hassenbach;0030;;;N;377;208;169;0;171;171;0;0;0;4;167;90;20;11;4;23;4;3;12;0;171;80;11;16;1;43;7;4;0;3;1;1;0;0;0;0;0;4;
09672139;Markt Oberthulba;247;096721390040;STIMMBEZIRK;Ehem. Schule Hetzlos;0040;;;N;253;141;112;0;126;126;0;0;0;3;123;69;12;15;3;9;8;1;6;1;125;58;11;15;3;16;6;8;1;0;0;1;0;3;0;0;0;3;
09672139;Markt Oberthulba;247;096721390050;STIMMBEZIRK;Feuerwehrgerätehaus Reith;0050;;;N;302;133;169;0;110;110;0;0;0;6;104;63;17;3;6;10;5;0;0;1;109;44;12;5;7;31;2;3;0;1;1;0;0;0;0;0;0;3;
09672139;Markt Oberthulba;247;096721390060;STIMMBEZIRK;Feuerwehrgerätehaus Schlimpfhof;0060;;;N;250;142;108;0;113;113;0;0;0;3;110;63;9;5;5;23;2;2;1;0;113;49;6;5;6;35;7;2;1;0;0;0;0;0;0;0;0;2;
09672139;Markt Oberthulba;247;096721390070;STIMMBEZIRK;Schulsaal I Thulba;0070;;;N;851;398;453;0;315;315;0;0;0;20;295;169;30;18;11;35;18;3;11;2;313;142;16;21;9;79;17;13;0;0;1;1;1;3;0;0;0;10;
09672139;Markt Oberthulba;247;096721390080;STIMMBEZIRK;Alte Schule Wittershausen;0080;;;N;392;227;165;0;182;182;0;0;0;3;179;93;23;5;9;23;12;2;12;1;181;73;13;12;6;45;11;11;0;2;3;1;0;0;0;0;1;3;
09672139;Markt Oberthulba;247;096721390090;BRIEFWAHLBEZIRK;Briefwahl I;0090;;;N;0;0;0;0;262;0;262;0;0;11;251;148;32;11;12;27;5;5;11;1;261;120;21;13;7;63;17;5;0;2;0;0;0;1;0;0;0;12;
09672139;Markt Oberthulba;247;096721390091;BRIEFWAHLBEZIRK;Briefwahl II;0091;;;N;0;0;0;0;523;0;523;0;0;13;510;289;80;22;31;50;17;8;13;0;523;271;47;36;27;77;20;24;0;4;2;0;0;4;1;0;0;10;
09672139;Markt Oberthulba;247;096721390092;BRIEFWAHLBEZIRK;Briefwahl III;0092;;;N;0;0;0;0;536;0;536;0;0;13;523;313;72;25;25;49;18;4;17;1;535;261;57;31;15;96;32;17;2;2;1;1;0;2;0;0;0;18;
09672139;Markt Oberthulba;247;096721390093;BRIEFWAHLBEZIRK;Briefwahl IV;0093;;;N;0;0;0;0;591;0;591;0;0;17;574;345;64;20;24;60;25;13;23;2;589;299;40;26;14;117;42;22;0;6;2;4;0;3;0;0;0;14;
09672140;Gemeinde Oerlenbach;247;09672140;GEMEINDE;Gemeinde Oerlenbach;;;;N;3984;2002;1982;0;3503;1609;1894;0;0;131;3372;1756;557;225;149;335;189;26;135;9;3494;1502;364;288;117;770;120;155;11;19;11;7;9;22;0;1;8;90;
09672140;Gemeinde Oerlenbach;247;096721400001;STIMMBEZIRK;Rathaus Ebenhausen;0001;;;N;1140;590;550;0;483;483;0;0;0;25;458;219;53;47;39;38;28;5;29;2;481;161;37;56;15;159;12;21;2;1;2;0;2;0;0;0;0;13;
09672140;Gemeinde Oerlenbach;247;096721400002;STIMMBEZIRK;Gemeindehaus Eltingshausen;0002;;;N;828;386;442;0;292;292;0;0;0;11;281;132;47;20;9;35;24;2;12;2;290;108;32;20;9;83;5;10;0;2;1;1;1;3;0;0;0;15;
09672140;Gemeinde Oerlenbach;247;096721400003;STIMMBEZIRK;Feuerwehrhaus Oerlenbach;0003;;;N;1288;681;607;0;528;528;0;0;0;25;503;228;79;33;24;50;45;3;41;1;527;187;48;37;19;170;8;33;3;1;3;1;0;2;0;0;2;13;
09672140;Gemeinde Oerlenbach;247;096721400004;STIMMBEZIRK;Turnhalle Rottershausen;0004;;;N;728;345;383;0;306;306;0;0;0;13;293;163;58;18;11;20;9;0;14;0;306;163;26;27;7;55;3;15;0;1;0;0;2;1;0;0;1;5;
09672140;Gemeinde Oerlenbach;247;096721400011;BRIEFWAHLBEZIRK;Rathaus Oerlenbach - Sitzungssaal;0011;;;N;0;0;0;0;472;0;472;0;0;20;452;249;77;21;15;47;31;3;9;1;471;211;58;31;15;82;14;20;0;5;2;2;2;10;0;0;2;17;
09672140;Gemeinde Oerlenbach;247;096721400012;BRIEFWAHLBEZIRK;Wilhelm-Hegler-Halle - kleiner Gymnastikraum;0012;;;N;0;0;0;0;472;0;472;0;0;9;463;247;80;36;20;46;15;6;13;0;472;206;51;43;20;82;28;15;2;1;3;1;1;3;0;0;1;15;
09672140;Gemeinde Oerlenbach;247;096721400013;BRIEFWAHLBEZIRK;Wilhelm-Hegler-Halle - großer Gymnastikraum;0013;;;N;0;0;0;0;470;0;470;0;0;15;455;283;73;22;14;39;15;5;4;3;467;262;51;35;11;67;15;14;1;2;0;2;0;2;0;1;0;4;
09672140;Gemeinde Oerlenbach;247;096721400014;BRIEFWAHLBEZIRK;Turnhalle Ebenhausen;0014;;;N;0;0;0;0;480;0;480;0;0;13;467;235;90;28;17;60;22;2;13;0;480;204;61;39;21;72;35;27;3;6;0;0;1;1;0;0;2;8;
09672161;Gemeinde Wartmannsroth;247;09672161;GEMEINDE;Gemeinde Wartmannsroth;;;;N;1730;606;1124;0;1540;455;1085;1;0;71;1469;839;149;83;72;197;55;20;54;6;1534;721;106;104;48;344;92;41;10;6;5;4;1;8;0;0;3;41;
09672161;Gemeinde Wartmannsroth;247;096721610001;STIMMBEZIRK;Feuerwehrhaus Wartmannsroth;0001;;;N;1295;471;824;0;355;354;1;1;0;24;331;162;29;23;14;63;16;6;18;2;353;126;28;27;12;121;19;9;2;0;1;1;0;2;0;0;0;5;
09672161;Gemeinde Wartmannsroth;247;096721610002;STIMMBEZIRK;Wahllokal Schwärzelbach/Neuwirtshaus;0002;;;N;435;135;300;0;101;101;0;0;0;9;92;50;7;5;5;14;5;0;6;0;101;42;4;9;1;35;1;2;0;2;2;0;0;1;0;0;1;1;
09672161;Gemeinde Wartmannsroth;247;096721610011;BRIEFWAHLBEZIRK;Musiksaal Wartmannsroth;0011;;;N;0;0;0;0;1084;0;1084;0;0;38;1046;627;113;55;53;120;34;14;30;4;1080;553;74;68;35;188;72;30;8;4;2;3;1;5;0;0;2;35;
09672163;Markt Wildflecken;247;09672163;GEMEINDE;Markt Wildflecken;;;;N;2211;1248;963;0;1818;893;925;3;0;85;1733;989;175;60;86;178;117;28;100;15;1803;801;127;76;64;504;72;69;2;13;3;1;2;10;1;0;3;55;
09672163;Markt Wildflecken;247;096721630001;STIMMBEZIRK;Wildflecken Stimmbezirk 0001;0001;;;N;1286;801;485;0;534;534;0;0;0;36;498;254;40;21;29;51;40;10;53;6;528;183;29;20;18;222;13;18;0;4;1;0;1;2;0;0;0;17;
09672163;Markt Wildflecken;247;096721630002;STIMMBEZIRK;Oberwildflecken Stimmbezirk 0002;0002;;;N;283;181;102;0;151;151;0;0;0;10;141;67;15;2;10;15;13;4;15;2;149;55;14;1;1;66;2;5;0;1;0;0;0;0;0;0;0;4;
09672163;Markt Wildflecken;247;096721630003;STIMMBEZIRK;Oberbach Stimmbezirk 0003;0003;;;N;642;266;376;0;211;208;3;3;0;2;209;120;19;10;10;24;18;4;4;0;211;104;8;16;8;45;13;11;0;0;0;1;0;0;0;0;0;5;
09672163;Markt Wildflecken;247;096721630011;BRIEFWAHLBEZIRK;Wildflecken Briefwahlbezirk 0011;0011;;;N;0;0;0;0;464;0;464;0;0;19;445;257;51;15;25;48;32;3;14;4;460;208;37;24;21;98;18;24;1;7;0;0;0;2;1;0;1;18;
09672163;Markt Wildflecken;247;096721630012;BRIEFWAHLBEZIRK;Wildflecken Briefwahlbezirk 0012;0012;;;N;0;0;0;0;458;0;458;0;0;18;440;291;50;12;12;40;14;7;14;3;455;251;39;15;16;73;26;11;1;1;2;0;1;6;0;0;2;11;
09672166;Markt Zeitlofs;247;09672166;GEMEINDE;Markt Zeitlofs;;;;N;1646;853;793;0;1398;630;768;0;0;45;1353;742;140;74;73;148;87;12;77;5;1393;576;119;81;64;337;73;50;7;14;5;4;4;3;2;0;2;52;
09672166;Markt Zeitlofs;247;096721660001;STIMMBEZIRK;Eckarts-Rupboden-Roßbach;0001;;;N;591;295;296;0;241;241;0;0;0;5;236;114;16;20;15;19;22;3;27;1;240;84;14;23;5;80;5;15;2;1;0;1;0;1;0;0;0;9;
09672166;Markt Zeitlofs;247;096721660002;STIMMBEZIRK;Detter-Weißenbach;0002;;;N;581;305;276;0;220;220;0;0;0;9;211;102;29;13;9;25;18;2;13;0;220;81;23;14;13;62;7;7;1;2;1;1;0;0;0;0;0;8;
09672166;Markt Zeitlofs;247;096721660003;STIMMBEZIRK;Zeitlofs;0003;;;N;474;253;221;0;169;169;0;0;0;6;163;76;17;6;5;27;15;4;13;0;169;59;14;6;6;52;9;4;0;5;1;0;2;1;2;0;1;7;
09672166;Markt Zeitlofs;247;096721660011;BRIEFWAHLBEZIRK;Briefwahl;0011;;;N;0;0;0;0;768;0;768;0;0;25;743;450;78;35;44;77;32;3;24;4;764;352;68;38;40;143;52;24;4;6;3;2;2;1;0;0;1;28;
;;247;096725606;VERBANDSGEMEINDE;Verwaltungsgemeinschaft Bad Brückenau;;;;N;4466;2087;2379;0;3995;1696;2299;2;0;120;3875;2288;405;200;190;456;151;62;123;11;3984;1962;286;271;158;785;231;101;8;25;8;16;5;16;0;0;3;109;
09672126;Markt Geroda;247;09672126;GEMEINDE;Markt Geroda;;;;N;671;400;271;0;566;309;257;0;0;18;548;272;72;28;36;83;28;15;14;2;564;244;51;38;28;106;41;18;1;4;1;5;3;6;0;0;0;18;
09672126;Markt Geroda;247;096721260101;STIMMBEZIRK;Stimmbezirk 1: Geroda;0101;;;N;429;240;189;0;188;188;0;0;0;8;180;94;20;16;17;17;8;7;1;1;187;73;17;22;14;32;9;7;0;3;0;3;1;2;0;0;0;4;
09672126;Markt Geroda;247;096721260102;STIMMBEZIRK;Stimmbezirk 2: Platz;0102;;;N;242;160;82;0;121;121;0;0;0;2;119;50;20;4;7;17;12;1;8;1;120;48;11;7;7;33;7;1;0;1;0;0;0;0;0;0;0;5;
09672126;Markt Geroda;247;096721260011;BRIEFWAHLBEZIRK;Briefwahlbezirk 1: Geroda und Platz;0011;;;N;0;0;0;0;257;0;257;0;0;8;249;128;32;8;12;49;8;7;5;0;257;123;23;9;7;41;25;10;1;0;1;2;2;4;0;0;0;9;
09672138;Gemeinde Oberleichtersbach;247;09672138;GEMEINDE;Gemeinde Oberleichtersbach;;;;N;1714;701;1013;0;1528;553;975;2;0;42;1486;869;135;84;86;186;57;15;54;5;1523;755;93;98;74;303;78;49;3;9;4;4;0;6;0;0;0;47;
09672138;Gemeinde Oberleichtersbach;247;096721380201;STIMMBEZIRK;Stimmbezirk 1: Oberleichtersbach;0201;;;N;1714;701;1013;0;555;553;2;2;0;17;538;291;49;31;42;75;25;7;18;2;553;243;35;34;31;139;23;25;1;5;1;1;0;3;0;0;0;12;
09672138;Gemeinde Oberleichtersbach;247;096721380012;BRIEFWAHLBEZIRK;Briefwahlbezirk 1: Oberleichtersbach;0012;;;N;0;0;0;0;973;0;973;0;0;25;948;578;86;53;44;111;32;8;36;3;970;512;58;64;43;164;55;24;2;4;3;3;0;3;0;0;0;35;
09672145;Gemeinde Riedenberg;247;09672145;GEMEINDE;Gemeinde Riedenberg;;;;N;759;358;401;0;694;301;393;0;0;21;673;377;99;29;32;83;25;13;15;0;694;335;74;51;24;121;49;6;1;10;2;1;1;2;0;0;2;15;
09672145;Gemeinde Riedenberg;247;096721450301;STIMMBEZIRK;Stimmbezirk 1: Riedenberg;0301;;;N;759;358;401;0;301;301;0;0;0;2;299;176;38;13;15;28;16;4;9;0;301;149;34;18;8;63;17;4;1;2;0;0;0;1;0;0;0;4;
09672145;Gemeinde Riedenberg;247;096721450013;BRIEFWAHLBEZIRK;Briefwahlbezirk 1: Riedenberg;0013;;;N;0;0;0;0;393;0;393;0;0;19;374;201;61;16;17;55;9;9;6;0;393;186;40;33;16;58;32;2;0;8;2;1;1;1;0;0;2;11;
09672149;Markt Schondra;247;09672149;GEMEINDE;Markt Schondra;;;;N;1322;628;694;0;1207;533;674;0;0;39;1168;770;99;59;36;104;41;19;40;4;1203;628;68;84;32;255;63;28;3;2;1;6;1;2;0;0;1;29;
09672149;Markt Schondra;247;096721490401;STIMMBEZIRK;Stimmbezirk 1: Schönderling;0401;;;N;499;206;293;0;169;169;0;0;0;3;166;109;14;9;3;15;7;2;7;0;169;87;9;11;2;40;11;3;0;0;0;1;0;0;0;0;0;5;
09672149;Markt Schondra;247;096721490402;STIMMBEZIRK;Stimmbezirk 2: Schondra;0402;;;N;717;340;377;0;288;288;0;0;0;15;273;186;16;13;9;22;8;6;13;3;285;147;14;17;10;79;6;6;0;0;0;3;0;0;0;0;0;3;
09672149;Markt Schondra;247;096721490403;STIMMBEZIRK;Stimmbezirk 3: Singenrain;0403;;;N;106;82;24;0;76;76;0;0;0;2;74;49;8;6;2;5;1;3;0;1;75;40;6;11;1;13;1;1;0;0;0;0;0;0;0;0;0;2;
09672149;Markt Schondra;247;096721490014;BRIEFWAHLBEZIRK;Briefwahlbezirk 1: Schondra;0014;;;N;0;0;0;0;674;0;674;0;0;19;655;426;61;31;22;62;25;8;20;0;674;354;39;45;19;123;45;18;3;2;1;2;1;2;0;0;1;19;
;;247;096725607;VERBANDSGEMEINDE;Verwaltungsgemeinschaft Elfershausen;;;;N;3854;1502;2352;0;3455;1176;2279;4;0;114;3341;1820;445;259;140;358;173;49;97;8;3447;1537;322;286;132;676;161;158;10;18;10;14;4;17;3;0;6;93;
09672121;Markt Elfershausen;247;09672121;GEMEINDE;Markt Elfershausen;;;;N;2302;907;1395;0;2065;715;1350;0;0;71;1994;1067;285;146;91;214;107;32;52;2;2063;905;191;168;91;405;99;92;6;13;7;10;1;9;2;0;1;63;
09672121;Markt Elfershausen;247;096721210001;STIMMBEZIRK;Feuerwehrhaus Elfershausen;0001;;;N;1084;432;652;0;344;344;0;0;0;14;330;160;63;25;19;30;19;5;9;1;343;132;42;39;11;76;10;22;0;0;1;0;0;2;1;0;0;7;
09672121;Markt Elfershausen;247;096721210002;STIMMBEZIRK;Feuerwehrhaus Machtilshausen;0002;;;N;719;268;451;0;197;197;0;0;0;12;185;70;24;12;16;38;12;1;12;0;197;53;17;11;11;79;9;13;0;1;0;0;0;0;0;0;0;3;
09672121;Markt Elfershausen;247;096721210003;STIMMBEZIRK;Alte Schule;0003;;;N;499;207;292;0;174;174;0;0;0;5;169;86;23;25;6;9;11;4;5;0;174;77;15;26;8;24;3;10;1;3;1;1;0;0;0;0;0;5;
09672121;Markt Elfershausen;247;096721210011;BRIEFWAHLBEZIRK;Elfershausen Rathaus (großer Sitzungssaal);0011;;;N;0;0;0;0;457;0;457;0;0;12;445;255;79;32;7;41;20;8;3;0;457;226;53;33;18;56;26;18;1;6;2;2;0;1;0;0;0;15;
09672121;Markt Elfershausen;247;096721210012;BRIEFWAHLBEZIRK;Elfershausen Schloßkeller;0012;;;N;0;0;0;0;447;0;447;0;0;10;437;247;50;22;18;58;23;7;12;1;446;213;35;30;18;79;30;12;2;3;1;3;1;1;0;0;0;18;
09672121;Markt Elfershausen;247;096721210013;BRIEFWAHLBEZIRK;Elfershausen Schützenhaus;0013;;;N;0;0;0;0;446;0;446;0;0;18;428;249;46;30;25;38;22;7;11;0;446;204;29;29;25;91;21;17;2;0;2;4;0;5;1;0;1;15;
09672124;Gemeinde Fuchsstadt;247;09672124;GEMEINDE;Gemeinde Fuchsstadt;;;;N;1552;595;957;0;1390;461;929;4;0;43;1347;753;160;113;49;144;66;17;45;6;1384;632;131;118;41;271;62;66;4;5;3;4;3;8;1;0;5;30;
09672124;Gemeinde Fuchsstadt;247;096721240001;STIMMBEZIRK;Mehrzweckhalle (Empore);0001;;;N;1552;595;957;0;465;461;4;4;0;17;448;222;65;40;19;57;26;4;15;3;462;182;52;48;11;108;16;28;1;1;0;0;0;1;0;0;2;12;
09672124;Gemeinde Fuchsstadt;247;096721240011;BRIEFWAHLBEZIRK;Fuchsstadt Eulentreff;0011;;;N;0;0;0;0;462;0;462;0;0;14;448;260;46;44;16;40;21;7;14;3;459;211;41;37;14;86;25;22;1;3;0;3;2;5;0;0;1;8;
09672124;Gemeinde Fuchsstadt;247;096721240012;BRIEFWAHLBEZIRK;Fuchsstadt Eulentreff;0012;;;N;0;0;0;0;463;0;463;0;0;12;451;271;49;29;14;47;19;6;16;0;463;239;38;33;16;77;21;16;2;1;3;1;1;2;1;0;2;10;
;;247;096725608;VERBANDSGEMEINDE;Verwaltungsgemeinschaft Euerdorf;;;;N;3500;1589;1911;0;3067;1227;1840;2;0;112;2955;1537;516;172;130;347;125;47;81;6;3061;1326;366;236;111;572;147;121;17;27;10;19;5;9;3;0;6;86;
09672111;Gemeinde Aura a.d.Saale;247;09672111;GEMEINDE;Gemeinde Aura a.d.Saale;;;;N;719;347;372;0;639;283;356;0;0;24;615;336;82;32;27;82;23;11;22;2;637;293;47;49;18;138;35;21;3;3;2;5;0;4;0;0;4;15;
09672111;Gemeinde Aura a.d.Saale;247;096721110001;STIMMBEZIRK;Urnenwahl Rathaus Aura a. d. Saale;0001;;;N;719;347;372;0;283;283;0;0;0;9;274;142;40;18;11;36;11;6;10;1;282;122;22;30;7;66;12;12;2;1;2;1;0;2;0;0;2;1;
09672111;Gemeinde Aura a.d.Saale;247;096721110011;BRIEFWAHLBEZIRK;Briefwahl Rathaus Aura a. d. Saale;0011;;;N;0;0;0;0;356;0;356;0;0;15;341;194;42;14;16;46;12;5;12;1;355;171;25;19;11;72;23;9;1;2;0;4;0;2;0;0;2;14;
09672122;Markt Euerdorf;247;09672122;GEMEINDE;Markt Euerdorf;;;;N;1158;540;618;0;995;400;595;1;0;35;960;498;165;55;53;104;40;12;33;1;994;435;117;72;42;200;38;33;5;12;1;5;0;1;0;0;1;32;
09672122;Markt Euerdorf;247;096721220001;STIMMBEZIRK;Urnenwahl Rathaus Euerdorf;0001;;;N;910;414;496;0;294;293;1;1;0;14;280;136;41;22;26;32;10;3;10;1;293;113;27;26;15;82;7;9;1;2;1;1;0;1;0;0;0;8;
09672122;Markt Euerdorf;247;096721220002;STIMMBEZIRK;Urnenwahl Rathaus Wirmsthal;0002;;;N;248;126;122;0;107;107;0;0;0;2;105;74;9;0;4;10;4;1;3;0;107;63;6;0;1;23;4;2;2;2;0;1;0;0;0;0;0;3;
09672122;Markt Euerdorf;247;096721220011;BRIEFWAHLBEZIRK;Briefwahl Rathaus Euerdorf;0011;;;N;0;0;0;0;594;0;594;0;0;19;575;288;115;33;23;62;26;8;20;0;594;259;84;46;26;95;27;22;2;8;0;3;0;0;0;0;1;21;
09672142;Gemeinde Ramsthal;247;09672142;GEMEINDE;Gemeinde Ramsthal;;;;N;902;386;516;0;788;299;489;1;0;39;749;397;118;38;32;106;30;12;16;0;788;324;87;53;27;173;41;32;5;7;3;5;2;1;2;0;1;25;
09672142;Gemeinde Ramsthal;247;096721420001;STIMMBEZIRK;Urnenwahl Haus erLebenskunst Ramsthal;0001;;;N;902;386;516;0;300;299;1;1;0;15;285;126;38;14;17;64;13;5;8;0;300;101;27;22;18;80;18;13;2;2;1;1;0;1;1;0;0;13;
09672142;Gemeinde Ramsthal;247;096721420011;BRIEFWAHLBEZIRK;Briefwahl Haus erLebenskunst Ramsthal;0011;;;N;0;0;0;0;488;0;488;0;0;24;464;271;80;24;15;42;17;7;8;0;488;223;60;31;9;93;23;19;3;5;2;4;2;0;1;0;1;12;
09672155;Markt Sulzthal;247;09672155;GEMEINDE;Markt Sulzthal;;;;N;721;316;405;0;645;245;400;0;0;14;631;306;151;47;18;55;32;12;10;3;642;274;115;62;24;61;33;35;4;5;4;4;3;3;1;0;0;14;
09672155;Markt Sulzthal;247;096721550001;STIMMBEZIRK;Urnenwahl Pfarrhaus Sulzthal;0001;;;N;721;316;405;0;245;245;0;0;0;3;242;109;63;18;7;23;12;5;5;0;245;97;48;25;9;26;13;12;0;4;1;2;2;1;1;0;0;4;
09672155;Markt Sulzthal;247;096721550011;BRIEFWAHLBEZIRK;Briefwahl Mehrzweckhalle Sulzthal;0011;;;N;0;0;0;0;400;0;400;0;0;11;389;197;88;29;11;32;20;7;5;3;397;177;67;37;15;35;20;23;4;1;3;2;1;2;0;0;0;10;
;;247;096725609;VERBANDSGEMEINDE;Verwaltungsgemeinschaft Maßbach;;;;N;5345;2514;2831;0;4775;2004;2771;1;0;161;4614;2235;1007;250;191;509;249;51;122;10;4765;2078;569;354;153;938;192;224;16;36;19;19;13;19;2;2;7;124;
09672131;Markt Maßbach;247;09672131;GEMEINDE;Markt Maßbach;;;;N;3594;1690;1904;0;3158;1287;1871;0;0;109;3049;1333;775;156;118;368;183;24;92;7;3151;1246;458;230;86;660;130;159;13;26;14;6;10;14;1;2;3;93;
09672131;Markt Maßbach;247;096721310101;STIMMBEZIRK;Evang. Pfarrscheune Maßbach;0101;;;N;1471;710;761;0;514;514;0;0;0;31;483;166;134;33;21;60;35;3;31;0;514;150;69;39;21;152;12;27;1;10;5;0;1;4;1;2;1;19;
09672131;Markt Maßbach;247;096721310102;STIMMBEZIRK;Evang. Gemeindehaus Poppenlauer;0102;;;N;1493;667;826;0;506;506;0;0;0;16;490;203;115;22;15;77;36;7;15;1;505;187;71;30;11;124;22;38;0;2;0;3;2;2;0;0;0;13;
09672131;Markt Maßbach;247;096721310103;STIMMBEZIRK;Evang. Gemeindehaus Volkershausen;0103;;;N;297;164;133;0;133;133;0;0;0;9;124;46;17;6;9;27;11;3;5;0;133;35;13;10;0;55;3;11;0;0;0;0;0;0;0;0;0;6;
09672131;Markt Maßbach;247;096721310104;STIMMBEZIRK;Alte Schule Weichtungen;0104;;;N;333;149;184;0;134;134;0;0;0;3;131;55;30;5;4;22;6;0;9;0;134;53;14;8;4;36;12;4;0;1;1;0;0;1;0;0;0;0;
09672131;Markt Maßbach;247;096721310111;BRIEFWAHLBEZIRK;Briefwahl Maßbach;0111;;;N;0;0;0;0;748;0;748;0;0;26;722;316;205;44;30;68;36;5;18;4;744;292;132;67;22;114;34;28;5;8;4;2;4;4;0;0;0;28;
09672131;Markt Maßbach;247;096721310112;BRIEFWAHLBEZIRK;Briefwahl Poppenlauer;0112;;;N;0;0;0;0;809;0;809;0;0;19;790;399;202;32;28;91;27;3;8;2;807;387;119;51;22;130;35;30;6;2;2;0;3;3;0;0;1;16;
09672131;Markt Maßbach;247;096721310113;BRIEFWAHLBEZIRK;Briefwahl Volkershausen und Weichtungen;0113;;;N;0;0;0;0;314;0;314;0;0;5;309;148;72;14;11;23;32;3;6;0;314;142;40;25;6;49;12;21;1;3;2;1;0;0;0;0;1;11;
09672143;Gemeinde Rannungen;247;09672143;GEMEINDE;Gemeinde Rannungen;;;;N;937;413;524;0;865;356;509;0;0;26;839;487;128;66;39;49;37;17;16;2;863;453;57;87;35;127;26;32;2;7;3;7;2;4;1;0;3;17;
09672143;Gemeinde Rannungen;247;096721430201;STIMMBEZIRK;Pfarrheim Rannungen;0201;;;N;937;413;524;0;356;356;0;0;0;13;343;187;52;28;17;25;18;9;7;0;356;174;17;35;18;64;10;18;1;3;1;3;1;1;1;0;0;9;
09672143;Gemeinde Rannungen;247;096721430211;BRIEFWAHLBEZIRK;Briefwahl Rannungen;0211;;;N;0;0;0;0;509;0;509;0;0;13;496;300;76;38;22;24;19;8;9;2;507;279;40;52;17;63;16;14;1;4;2;4;1;3;0;0;3;8;
09672157;Gemeinde Thundorf;247;09672157;GEMEINDE;Gemeinde Thundorf;;;;N;814;411;403;0;752;361;391;1;0;26;726;415;104;28;34;92;29;10;14;1;751;379;54;37;32;151;36;33;1;3;2;6;1;1;0;0;1;14;
09672157;Gemeinde Thundorf;247;096721570301;STIMMBEZIRK;Rathaus Thundorf i. UFr.;0301;;;N;381;182;199;0;159;158;1;1;0;6;153;105;14;2;10;12;3;2;5;0;159;92;4;1;7;39;4;8;1;0;0;0;0;0;0;0;0;3;
09672157;Gemeinde Thundorf;247;096721570302;STIMMBEZIRK;Rathaus Rothhausen;0302;;;N;287;144;143;0;121;121;0;0;0;2;119;48;30;3;4;24;6;1;3;0;121;34;18;7;9;25;16;8;0;2;0;0;0;0;0;0;0;2;
09672157;Gemeinde Thundorf;247;096721570303;STIMMBEZIRK;Schule Theinfeld;0303;;;N;146;85;61;0;82;82;0;0;0;7;75;62;3;0;1;7;2;0;0;0;82;57;2;0;1;19;0;2;0;0;0;0;0;0;0;0;0;1;
09672157;Gemeinde Thundorf;247;096721570311;BRIEFWAHLBEZIRK;Briefwahl Thundorf i. UFr.;0311;;;N;0;0;0;0;390;0;390;0;0;11;379;200;57;23;19;49;18;7;6;1;389;196;30;29;15;68;16;15;0;1;2;6;1;1;0;0;1;8;
;;247;09674000;KREIS;Landkreis Haßberge;;;;N;66761;33151;33610;0;57906;25531;32375;57;0;2486;55420;26977;8604;3535;2814;7000;3176;806;2508;221;57685;22922;6068;4166;1942;14056;2629;2688;262;407;228;255;81;227;39;8;91;1616;
09674133;Stadt Eltmann;247;09674133;GEMEINDE;Stadt Eltmann;;;;N;4216;2206;2010;0;3630;1706;1924;4;0;152;3478;1649;519;226;176;427;231;62;188;12;3618;1390;372;274;100;950;130;175;13;28;21;21;3;19;3;0;4;115;
09674133;Stadt Eltmann;247;096741330001;STIMMBEZIRK;Kindergarten_Stadt Eltmann;0001;;;N;1110;632;478;0;450;450;0;0;0;26;424;155;71;42;17;62;42;5;30;1;449;123;50;43;4;153;16;36;0;5;4;1;0;7;0;0;0;7;
09674133;Stadt Eltmann;247;096741330002;STIMMBEZIRK;Grundschule_Stadt Eltmann;0002;;;N;1412;676;736;0;522;522;0;0;0;31;491;210;71;28;32;66;38;12;34;2;520;166;49;40;17;178;11;27;1;3;3;1;0;3;1;0;0;20;
09674133;Stadt Eltmann;247;096741330003;STIMMBEZIRK;Limbach_Stadt Eltmann;0003;;;N;594;289;305;0;247;245;2;2;0;10;237;117;23;13;17;33;17;5;12;1;246;94;23;14;14;70;9;10;1;1;1;1;0;1;0;0;0;7;
09674133;Stadt Eltmann;247;096741330004;STIMMBEZIRK;Weisbrunn_Stadt Eltmann;0004;;;N;451;244;207;0;201;201;0;0;0;7;194;90;22;18;11;29;10;1;13;1;200;76;13;17;9;62;5;8;1;3;0;0;0;0;0;0;1;5;
09674133;Stadt Eltmann;247;096741330005;STIMMBEZIRK;Dippach_Stadt Eltmann;0005;;;N;426;237;189;0;182;182;0;0;0;8;174;75;16;7;13;26;23;2;12;1;181;55;11;11;4;66;7;12;0;1;2;2;0;0;0;0;0;10;
09674133;Stadt Eltmann;247;096741330006;STIMMBEZIRK;Roßstadt_Stadt Eltmann;0006;;;N;223;128;95;0;108;106;2;2;0;1;107;64;11;3;8;13;4;2;2;0;108;49;12;4;4;32;3;3;0;1;0;0;0;0;0;0;0;0;
09674133;Stadt Eltmann;247;096741330011;BRIEFWAHLBEZIRK;Briefwahl I_Stadt Eltmann;0011;;;N;0;0;0;0;652;0;652;0;0;28;624;319;116;43;23;58;17;13;35;1;651;297;95;47;15;120;19;17;4;1;3;6;0;1;0;0;2;24;
09674133;Stadt Eltmann;247;096741330012;BRIEFWAHLBEZIRK;Briefwahl II_Stadt Eltmann;0012;;;N;0;0;0;0;634;0;634;0;0;20;614;320;96;31;23;69;37;7;31;2;632;268;62;47;10;137;33;29;2;5;5;5;2;2;2;0;0;23;
09674133;Stadt Eltmann;247;096741330013;BRIEFWAHLBEZIRK;Briefwahl III_Stadt Eltmann;0013;;;N;0;0;0;0;634;0;634;0;0;21;613;299;93;41;32;71;43;15;19;3;631;262;57;51;23;132;27;33;4;8;3;5;1;5;0;0;1;19;
09674147;Stadt Haßfurt;247;09674147;GEMEINDE;Stadt Haßfurt;;;;N;10578;5777;4801;0;8790;4164;4626;12;0;412;8378;3875;1387;708;471;849;576;144;368;42;8748;3419;925;813;285;2008;295;481;43;68;39;42;6;39;8;2;8;267;
09674147;Stadt Haßfurt;247;096741470001;STIMMBEZIRK;HAS 01 Albrecht-Dürer-Mittelschule;0001;;;N;725;492;233;0;289;289;0;0;0;35;254;74;53;13;19;46;32;3;14;5;284;58;38;15;7;123;4;26;1;0;2;0;0;0;2;0;0;8;
09674147;Stadt Haßfurt;247;096741470002;STIMMBEZIRK;HAS 02 Fachakademie für Sozialpädagogik;0002;;;N;1684;994;690;0;641;640;1;1;0;50;591;226;94;50;33;73;54;13;48;3;638;175;71;49;25;222;17;34;5;4;2;4;2;2;1;0;0;25;
09674147;Stadt Haßfurt;247;096741470003;STIMMBEZIRK;HAS 03 Rathaus am Marktplatz, EG (Rathaushalle);0003;;;N;1325;762;563;0;516;512;4;4;0;27;489;204;52;59;31;44;58;15;26;5;511;161;29;55;15;141;8;63;4;4;1;2;0;6;2;1;1;18;
09674147;Stadt Haßfurt;247;096741470004;STIMMBEZIRK;HAS 04 Grundschule Nassachtal;0004;;;N;846;483;363;0;361;359;2;2;0;34;327;138;67;34;12;31;29;2;14;5;356;111;43;37;10;97;7;26;2;3;5;2;0;2;0;0;0;11;
09674147;Stadt Haßfurt;247;096741470005;STIMMBEZIRK;HAS 05 Kindergarten St. Barbara;0005;;;N;897;453;444;0;353;351;2;2;0;24;329;130;40;27;24;44;27;9;28;5;348;98;34;26;15;134;6;15;4;0;1;3;0;1;0;0;0;11;
09674147;Stadt Haßfurt;247;096741470006;STIMMBEZIRK;HAS 06 Kinderkrippe im Osterfeld;0006;;;N;1286;747;539;0;608;605;3;3;0;54;554;230;73;40;39;67;38;17;50;1;607;190;44;57;14;229;9;26;2;2;1;5;0;1;0;0;1;26;
09674147;Stadt Haßfurt;247;096741470007;STIMMBEZIRK;HAS 07 Kindergarten St. Kilian Augsfeld;0007;;;N;915;449;466;0;346;346;0;0;0;31;315;115;52;27;30;38;26;8;19;4;342;85;35;32;15;138;8;11;1;3;1;3;0;0;0;0;0;10;
09674147;Stadt Haßfurt;247;096741470008;STIMMBEZIRK;HAS 08 Sportheim Prappach;0008;;;N;526;263;263;0;214;214;0;0;0;12;202;107;21;16;3;24;18;4;9;0;214;99;17;14;4;53;4;15;0;1;0;0;0;3;0;0;0;4;
09674147;Stadt Haßfurt;247;096741470009;STIMMBEZIRK;HAS 09 Grundschule Haßfurt - Standort Sylbach;0009;;;N;1064;503;561;0;353;353;0;0;0;21;332;153;50;20;27;40;21;5;16;1;352;129;40;22;14;113;6;18;1;1;2;2;0;0;2;0;0;2;
09674147;Stadt Haßfurt;247;096741470010;STIMMBEZIRK;HAS 10 Dorfgemeinschaftshaus Unterhohenried;0010;;;N;648;276;372;0;214;214;0;0;0;6;208;100;31;16;14;22;11;4;10;0;214;91;21;15;10;54;5;9;0;3;0;1;0;0;0;0;0;5;
09674147;Stadt Haßfurt;247;096741470011;STIMMBEZIRK;HAS 11 Wässernachhalle Wülflingen;0011;;;N;662;355;307;0;281;281;0;0;0;18;263;131;37;19;12;26;22;6;10;3;278;116;23;22;7;65;14;13;3;5;3;0;0;0;0;0;0;7;
09674147;Stadt Haßfurt;247;096741470020;BRIEFWAHLBEZIRK;HAS 20 Volkshochschule Haßfurt (VHS), Erdgeschoss Raum E.3;0020;;;N;0;0;0;0;500;0;500;0;0;8;492;268;73;39;19;48;24;3;18;0;500;233;40;50;18;89;20;22;3;2;2;3;0;3;1;0;0;14;
09674147;Stadt Haßfurt;247;096741470021;BRIEFWAHLBEZIRK;HAS 21 Volkshochschule Haßfurt (VHS), Erdgeschoss Raum E.4;0021;;;N;0;0;0;0;505;0;505;0;0;13;492;241;70;56;30;49;21;12;13;1;504;210;38;67;15;92;19;23;3;10;1;1;0;6;0;0;0;19;
09674147;Stadt Haßfurt;247;096741470022;BRIEFWAHLBEZIRK;HAS 22 Volkshochschule Haßfurt (VHS), Raum I.4;0022;;;N;0;0;0;0;500;0;500;0;0;13;487;241;81;39;35;40;28;5;18;4;496;220;46;54;25;67;30;26;3;8;0;2;1;4;0;0;0;10;
09674147;Stadt Haßfurt;247;096741470023;BRIEFWAHLBEZIRK;HAS 23 Volkshochschule Haßfurt (VHS), Raum I.3;0023;;;N;0;0;0;0;498;0;498;0;0;16;482;234;123;29;21;35;19;12;9;2;496;226;85;40;9;69;14;23;2;3;5;6;1;1;0;0;2;10;
09674147;Stadt Haßfurt;247;096741470024;BRIEFWAHLBEZIRK;HAS 24 Volkshochschule Haßfurt (VHS) Raum I.1;0024;;;N;0;0;0;0;495;0;495;0;0;5;490;268;98;27;21;41;20;1;14;2;493;274;68;33;16;49;15;19;2;3;1;0;1;1;0;0;0;11;
09674147;Stadt Haßfurt;247;096741470025;BRIEFWAHLBEZIRK;HAS 25 Volkshochschule Haßfurt (VHS), OG Raum I.2;0025;;;N;0;0;0;0;494;0;494;0;0;6;488;260;79;32;33;51;19;4;10;0;494;263;47;34;22;67;20;17;3;4;1;1;1;3;0;0;1;10;
09674147;Stadt Haßfurt;247;096741470026;BRIEFWAHLBEZIRK;HAS 26 Volkshochschule Haßfurt (VHS), OG Raum 1.5;0026;;;N;0;0;0;0;504;0;504;0;0;11;493;245;87;50;16;43;40;4;8;0;504;231;52;60;9;58;30;38;0;0;3;0;0;3;0;1;2;17;
09674147;Stadt Haßfurt;247;096741470027;BRIEFWAHLBEZIRK;HAS 27 Volkshochschule Haßfurt (VHS), EG Raum E.2;0027;;;N;0;0;0;0;665;0;665;0;0;20;645;294;131;81;29;53;29;11;17;0;665;274;101;90;17;85;27;21;3;7;5;4;0;1;0;0;1;29;
09674147;Stadt Haßfurt;247;096741470028;BRIEFWAHLBEZIRK;HAS 28 Rathaus am Marktplatz, 2. OG Trausaal;0028;;;N;0;0;0;0;453;0;453;0;0;8;445;216;75;34;23;34;40;6;17;1;452;175;53;41;18;63;32;36;1;5;3;3;0;2;0;0;0;20;
09674163;Gemeinde Knetzgau;247;09674163;GEMEINDE;Gemeinde Knetzgau;;;;N;5068;2560;2508;0;4413;1989;2424;4;0;235;4178;2153;554;236;213;478;250;54;240;19;4394;1813;344;239;152;1253;166;186;32;29;18;19;4;10;2;0;10;117;
09674163;Gemeinde Knetzgau;247;096741630001;STIMMBEZIRK;Wahlbezirk 01 Knetzgau;0001;;;N;1033;564;469;0;443;443;0;0;0;39;404;187;46;15;25;53;35;3;40;3;440;157;26;13;12;173;9;23;3;2;4;0;1;0;0;0;2;15;
09674163;Gemeinde Knetzgau;247;096741630002;STIMMBEZIRK;Wahlbezirk 02 Knetzgau;0002;;;N;888;453;435;0;317;316;1;1;0;17;300;131;34;12;26;39;27;5;26;1;316;96;29;13;12;134;4;13;1;1;3;3;0;0;0;0;0;7;
09674163;Gemeinde Knetzgau;247;096741630003;STIMMBEZIRK;Wahlbezirk 03 Knetzgau;0003;;;N;821;430;391;0;319;319;0;0;0;21;298;149;37;14;15;50;15;4;14;1;318;111;20;13;11;123;6;16;3;1;0;2;0;1;1;0;0;10;
09674163;Gemeinde Knetzgau;247;096741630004;STIMMBEZIRK;Wahlbezirk 04 Hainert;0004;;;N;283;168;115;0;149;148;1;1;0;8;141;75;9;10;4;27;4;3;9;0;149;68;6;10;7;38;10;2;2;0;1;2;0;0;0;0;0;3;
09674163;Gemeinde Knetzgau;247;096741630005;STIMMBEZIRK;Wahlbezirk 05 Oberschwappach;0005;;;N;619;261;358;0;227;226;1;1;0;17;210;121;13;16;9;25;9;3;14;0;227;98;10;13;7;70;11;9;4;1;0;0;0;1;0;0;0;3;
09674163;Gemeinde Knetzgau;247;096741630006;STIMMBEZIRK;Wahlbezirk 06 Westheim;0006;;;N;813;381;432;0;300;300;0;0;0;11;289;111;32;29;20;31;28;6;32;3;297;98;22;27;8;99;11;18;0;3;0;2;0;0;0;0;1;8;
09674163;Gemeinde Knetzgau;247;096741630007;STIMMBEZIRK;Wahlbezirk 07 Zell a. E.;0007;;;N;611;303;308;0;238;237;1;1;0;11;227;123;28;6;13;26;18;0;13;3;235;99;15;6;11;75;5;8;1;1;3;1;0;0;0;0;0;10;
09674163;Gemeinde Knetzgau;247;096741630011;BRIEFWAHLBEZIRK;011 Briefwahl Knetzgau;0011;;;N;0;0;0;0;598;0;598;0;0;29;569;317;81;24;25;58;22;8;34;0;598;268;47;35;19;144;29;27;9;3;1;3;0;1;0;0;1;11;
09674163;Gemeinde Knetzgau;247;096741630012;BRIEFWAHLBEZIRK;012 Briefwahl Knetzgau;0012;;;N;0;0;0;0;490;0;490;0;0;31;459;229;80;40;19;53;23;7;8;3;487;204;42;35;14;114;31;14;0;9;4;1;0;4;0;0;1;14;
09674163;Gemeinde Knetzgau;247;096741630013;BRIEFWAHLBEZIRK;013 Briefwahl Knetzgau;0013;;;N;0;0;0;0;492;0;492;0;0;9;483;287;65;24;17;33;28;5;24;1;491;247;43;28;13;102;15;21;3;1;0;1;1;0;0;0;3;13;
09674163;Gemeinde Knetzgau;247;096741630014;BRIEFWAHLBEZIRK;014 Briefwahl Knetzgau;0014;;;N;0;0;0;0;496;0;496;0;0;24;472;263;70;24;21;52;21;4;17;4;492;229;44;27;17;110;21;17;5;4;2;2;1;1;0;0;0;12;
09674163;Gemeinde Knetzgau;247;096741630015;BRIEFWAHLBEZIRK;015 Briefwahl Knetzgau;0015;;;N;0;0;0;0;344;0;344;0;0;18;326;160;59;22;19;31;20;6;9;0;344;138;40;19;21;71;14;18;1;3;0;2;1;2;1;0;2;11;
09674164;Stadt Königsberg in Bayern;247;09674164;GEMEINDE;Stadt Königsberg in Bayern;;;;N;2897;1450;1447;0;2517;1122;1395;5;0;93;2424;1074;488;169;134;313;130;41;75;10;2507;935;332;226;95;562;112;117;14;12;7;12;4;11;2;1;4;61;
09674164;Stadt Königsberg in Bayern;247;096741640001;STIMMBEZIRK;Königsberg Altstadt;0001;;;N;645;366;279;0;284;284;0;0;0;7;277;106;61;27;12;35;18;6;12;0;284;82;44;38;16;59;12;19;0;4;0;3;1;1;0;0;1;4;
09674164;Stadt Königsberg in Bayern;247;096741640002;STIMMBEZIRK;Königsberg Siedlung;0002;;;N;626;307;319;0;229;229;0;0;0;8;221;79;60;11;12;31;16;5;7;1;228;64;38;18;11;60;8;11;3;4;0;2;0;1;0;1;1;6;
09674164;Stadt Königsberg in Bayern;247;096741640003;STIMMBEZIRK;Königsberg Oberland;0003;;;N;530;238;292;0;192;191;1;1;0;18;174;76;16;3;15;42;7;3;12;2;190;64;10;8;3;76;8;5;1;1;1;0;0;1;2;0;1;9;
09674164;Stadt Königsberg in Bayern;247;096741640004;STIMMBEZIRK;Königsberg Unterland;0004;;;N;1096;539;557;0;422;418;4;4;0;14;408;183;68;30;22;53;31;7;14;1;421;156;40;36;13;121;11;26;2;1;3;0;0;1;0;0;0;11;
09674164;Stadt Königsberg in Bayern;247;096741640011;BRIEFWAHLBEZIRK;Briefwahl Königberg Altstadt;0011;;;N;0;0;0;0;272;0;272;0;0;11;261;109;55;25;17;30;14;5;6;0;272;96;35;43;14;46;9;14;2;0;2;3;0;0;0;0;0;8;
09674164;Stadt Königsberg in Bayern;247;096741640012;BRIEFWAHLBEZIRK;Briefwahl Königberg Siedlung;0012;;;N;0;0;0;0;298;0;298;0;0;10;288;137;57;17;16;29;13;6;13;1;297;137;41;19;9;51;14;13;1;1;1;1;1;2;0;0;0;6;
09674164;Stadt Königsberg in Bayern;247;096741640013;BRIEFWAHLBEZIRK;Briefwahl Königberg Oberland;0013;;;N;0;0;0;0;279;0;279;0;0;6;273;141;47;13;16;38;12;1;5;2;277;125;29;19;5;50;24;13;1;0;0;1;2;2;0;0;1;5;
09674164;Stadt Königsberg in Bayern;247;096741640014;BRIEFWAHLBEZIRK;Briefwahl Königberg Unterland;0014;;;N;0;0;0;0;541;0;541;0;0;19;522;243;124;43;24;55;19;8;6;3;538;211;95;45;24;99;26;16;4;1;0;2;0;3;0;0;0;12;
09674171;Markt Maroldsweisach;247;09674171;GEMEINDE;Markt Maroldsweisach;;;;N;2583;1158;1425;0;2204;846;1358;0;0;85;2119;971;420;76;128;299;99;26;100;7;2197;771;334;85;82;591;112;92;6;22;6;3;4;14;2;2;3;68;
09674171;Markt Maroldsweisach;247;096741710001;STIMMBEZIRK;Maroldsweisach-Allertshausen-Voccawind-Wüst. / Rathaus Maroldsweisach MZR;0001;;;N;1021;477;544;0;323;323;0;0;0;23;300;130;48;8;17;42;29;4;22;3;320;99;39;11;10;117;9;21;1;3;0;0;2;0;0;1;0;7;
09674171;Markt Maroldsweisach;247;096741710002;STIMMBEZIRK;Wasmuthhausen-Dürr.-Eck.-Hafenpr. / Gemeinschaftshaus Wasmuthhausen;0002;;;N;562;298;264;0;236;236;0;0;0;6;230;106;33;14;21;34;12;4;6;0;236;84;17;10;9;69;12;14;2;5;1;2;0;2;1;0;0;8;
09674171;Markt Maroldsweisach;247;096741710003;STIMMBEZIRK;Pfaffendorf-Altenstein-Geroldsw.-Gückelh.-Saarhof-Todtenw. / Freizeitraum im Schloß Pfd.;0003;;;N;549;209;340;0;151;151;0;0;0;11;140;54;19;11;7;25;5;1;18;1;150;41;17;7;5;61;6;6;0;2;1;0;0;0;0;0;0;4;
09674171;Markt Maroldsweisach;247;096741710004;STIMMBEZIRK;Ditterswind-Birk.-Dippach-Gresselgr.-Marbach / alte Schule Ditterswind;0004;;;N;451;174;277;0;136;136;0;0;0;8;128;52;24;5;3;15;8;5;16;0;136;36;22;5;2;50;4;8;2;1;0;0;0;1;0;0;0;5;
09674171;Markt Maroldsweisach;247;096741710011;BRIEFWAHLBEZIRK;Briefwahl/Mittelschule Maroldsweisach I;0011;;;N;0;0;0;0;524;0;524;0;0;24;500;233;110;9;31;70;18;5;24;3;521;179;88;18;22;137;28;10;0;5;0;0;2;4;1;1;2;24;
09674171;Markt Maroldsweisach;247;096741710012;BRIEFWAHLBEZIRK;Briefwahl/Mittelschule Maroldsweisach II;0012;;;N;0;0;0;0;253;0;253;0;0;5;248;125;48;13;13;31;9;1;8;0;253;106;37;10;9;58;14;9;1;2;1;0;0;4;0;0;0;2;
09674171;Markt Maroldsweisach;247;096741710013;BRIEFWAHLBEZIRK;Briefwahl/Mittelschule Maroldsweisach III;0013;;;N;0;0;0;0;317;0;317;0;0;5;312;148;71;11;19;45;13;2;3;0;317;122;63;12;17;52;19;15;0;1;2;1;0;3;0;0;1;9;
09674171;Markt Maroldsweisach;247;096741710014;BRIEFWAHLBEZIRK;Briefwahl/Mittelschule Maroldsweisach IV;0014;;;N;0;0;0;0;264;0;264;0;0;3;261;123;67;5;17;37;5;4;3;0;264;104;51;12;8;47;20;9;0;3;1;0;0;0;0;0;0;9;
09674159;Gemeinde Oberaurach;247;09674159;GEMEINDE;Gemeinde Oberaurach;;;;N;3224;1867;1357;0;2800;1522;1278;0;0;96;2704;1417;317;167;126;354;140;41;142;8;2792;1075;241;175;101;812;143;105;7;18;7;10;3;12;1;0;8;74;
09674159;Gemeinde Oberaurach;247;096741590001;STIMMBEZIRK;Dankenfeld;0001;;;N;443;273;170;0;228;228;0;0;0;16;212;120;34;4;6;26;9;3;10;1;227;93;23;7;8;72;11;6;0;0;0;1;0;1;0;0;1;4;
09674159;Gemeinde Oberaurach;247;096741590002;STIMMBEZIRK;Fatschenbrunn;0002;;;N;202;135;67;0;125;125;0;0;0;2;123;78;12;10;3;12;4;2;2;1;124;55;6;15;13;24;4;3;0;0;1;2;0;0;0;0;0;1;
09674159;Gemeinde Oberaurach;247;096741590003;STIMMBEZIRK;Kirchaich;0003;;;N;764;440;324;0;350;350;0;0;0;25;325;153;52;14;14;51;17;7;17;2;348;103;41;12;18;141;9;14;0;2;0;0;0;2;0;0;0;6;
09674159;Gemeinde Oberaurach;247;096741590004;STIMMBEZIRK;Neuschleichach;0004;;;N;261;174;87;0;142;142;0;0;0;3;139;83;9;8;5;21;7;4;2;0;142;63;9;12;2;43;7;1;1;1;0;0;0;0;0;0;0;3;
09674159;Gemeinde Oberaurach;247;096741590005;STIMMBEZIRK;Oberschleichach;0005;;;N;426;223;203;0;174;174;0;0;0;5;169;61;32;20;14;15;8;3;16;0;174;41;31;17;7;57;4;7;2;3;1;0;0;0;0;0;0;4;
09674159;Gemeinde Oberaurach;247;096741590006;STIMMBEZIRK;Tretzendorf;0006;;;N;319;164;155;0;135;135;0;0;0;4;131;64;8;10;3;18;12;1;15;0;135;46;6;11;4;45;8;8;0;0;0;0;0;2;0;0;1;4;
09674159;Gemeinde Oberaurach;247;096741590007;STIMMBEZIRK;Trossenfurt;0007;;;N;525;282;243;0;226;226;0;0;0;13;213;105;13;16;14;25;26;2;12;1;225;90;7;15;13;68;7;17;0;1;0;1;2;0;0;0;0;4;
09674159;Gemeinde Oberaurach;247;096741590008;STIMMBEZIRK;Unterschleichach;0008;;;N;284;176;108;0;142;142;0;0;0;0;142;53;16;7;7;36;10;2;11;1;141;50;15;9;4;41;11;7;0;0;0;1;0;0;0;0;0;3;
09674159;Gemeinde Oberaurach;247;096741590011;BRIEFWAHLBEZIRK;Oberaurach Briefwahl I;0011;;;N;0;0;0;0;423;0;423;0;0;7;416;240;35;26;16;56;22;4;17;1;422;175;28;25;11;111;26;16;1;3;2;1;1;2;0;0;1;19;
09674159;Gemeinde Oberaurach;247;096741590012;BRIEFWAHLBEZIRK;Oberaurach Briefwahl II;0012;;;N;0;0;0;0;425;0;425;0;0;12;413;209;63;28;22;54;16;7;14;1;424;155;45;30;11;98;38;19;2;3;0;3;0;5;0;0;2;13;
09674159;Gemeinde Oberaurach;247;096741590013;BRIEFWAHLBEZIRK;Oberaurach Briefwahl III;0013;;;N;0;0;0;0;430;0;430;0;0;9;421;251;43;24;22;40;9;6;26;0;430;204;30;22;10;112;18;7;1;5;3;1;0;0;1;0;3;13;
09674187;Gemeinde Rauhenebrach;247;09674187;GEMEINDE;Gemeinde Rauhenebrach;;;;N;2285;1131;1154;0;2064;950;1114;3;0;84;1980;1158;188;78;59;309;59;16;113;11;2053;949;143;89;67;514;143;65;5;6;9;9;3;5;0;0;3;43;
09674187;Gemeinde Rauhenebrach;247;096741870001;STIMMBEZIRK;Untersteinbach;0001;;;N;578;276;302;0;233;230;3;3;0;10;223;138;17;9;9;23;9;3;15;3;230;115;15;7;16;48;12;10;2;1;0;2;0;0;0;0;0;2;
09674187;Gemeinde Rauhenebrach;247;096741870002;STIMMBEZIRK;Theinheim;0002;;;N;227;128;99;0;111;111;0;0;0;2;109;67;6;3;4;21;3;1;4;2;109;58;3;4;2;25;10;3;0;2;0;0;0;1;0;0;0;1;
09674187;Gemeinde Rauhenebrach;247;096741870003;STIMMBEZIRK;Fürnbach;0003;;;N;283;123;160;0;99;99;0;0;0;7;92;47;11;0;5;9;1;2;17;1;98;37;10;0;3;42;3;1;0;0;0;1;0;0;0;0;0;1;
09674187;Gemeinde Rauhenebrach;247;096741870004;STIMMBEZIRK;Geusfeld;0004;;;N;348;135;213;0;119;119;0;0;0;3;116;70;5;2;4;29;4;0;2;0;119;61;7;3;7;27;8;4;0;0;1;1;0;0;0;0;0;0;
09674187;Gemeinde Rauhenebrach;247;096741870005;STIMMBEZIRK;Karbach/Fabrikschleichach;0005;;;N;187;105;82;0;90;90;0;0;0;6;84;30;14;4;6;21;6;0;3;0;90;27;5;4;2;34;5;8;0;0;0;0;0;0;0;0;0;5;
09674187;Gemeinde Rauhenebrach;247;096741870006;STIMMBEZIRK;Koppenwind;0006;;;N;240;129;111;0;112;112;0;0;0;5;107;56;13;5;6;15;5;3;4;1;111;46;8;8;6;23;9;5;0;1;2;1;0;0;0;0;0;2;
09674187;Gemeinde Rauhenebrach;247;096741870007;STIMMBEZIRK;Prölsdorf;0007;;;N;256;131;125;0;111;111;0;0;0;12;99;70;6;4;1;9;6;0;3;0;111;55;5;7;3;25;9;5;0;0;0;0;0;0;0;0;0;2;
09674187;Gemeinde Rauhenebrach;247;096741870008;STIMMBEZIRK;Wustviel;0008;;;N;166;104;62;0;78;78;0;0;0;4;74;46;4;0;3;15;1;1;4;1;77;37;4;0;2;26;5;1;0;0;0;0;0;1;0;0;0;1;
09674187;Gemeinde Rauhenebrach;247;096741870011;BRIEFWAHLBEZIRK;Rauhenebrach Briefwahl 1;0011;;;N;0;0;0;0;378;0;378;0;0;8;370;221;37;13;5;56;11;1;26;0;378;183;30;14;6;97;21;10;0;1;2;0;0;1;0;0;2;11;
09674187;Gemeinde Rauhenebrach;247;096741870012;BRIEFWAHLBEZIRK;Rauhenebrach Briefwahl 2;0012;;;N;0;0;0;0;382;0;382;0;0;11;371;200;48;24;5;63;4;4;23;1;381;164;33;28;3;88;36;12;1;0;2;4;3;1;0;0;1;5;
09674187;Gemeinde Rauhenebrach;247;096741870013;BRIEFWAHLBEZIRK;Rauhenebrach Briefwahl 3;0013;;;N;0;0;0;0;351;0;351;0;0;16;335;213;27;14;11;48;9;1;12;2;349;166;23;14;17;79;25;6;2;1;2;0;0;1;0;0;0;13;
09674195;Gemeinde Sand am Main;247;09674195;GEMEINDE;Gemeinde Sand am Main;;;;N;2478;1343;1135;0;2246;1144;1102;1;0;70;2176;1101;325;103;94;330;123;30;70;7;2239;957;240;121;70;505;121;115;6;11;10;13;6;9;0;0;2;53;
09674195;Gemeinde Sand am Main;247;096741950001;STIMMBEZIRK;Schule Sand a.Main, Schulsaal Nr. 1;0001;;;N;1294;681;613;0;577;577;0;0;0;23;554;267;72;34;24;88;38;15;16;3;574;224;52;36;20;138;31;35;1;5;5;5;2;2;0;0;0;18;
09674195;Gemeinde Sand am Main;247;096741950002;STIMMBEZIRK;Schule Sand a.Main, Pausenhalle;0002;;;N;1184;662;522;0;568;567;1;1;0;16;552;255;90;16;37;98;36;1;19;1;567;219;63;21;23;173;22;31;2;1;1;0;3;1;0;0;1;6;
09674195;Gemeinde Sand am Main;247;096741950011;BRIEFWAHLBEZIRK;Briefwahlbezirk Nr. 0011, Rathaus Sand a.Main, Rathaussaal;0011;;;N;0;0;0;0;592;0;592;0;0;15;577;320;91;23;17;73;30;9;14;2;590;286;69;31;13;99;31;29;2;3;3;4;1;2;0;0;1;16;
09674195;Gemeinde Sand am Main;247;096741950012;BRIEFWAHLBEZIRK;Briefwahlbezirk Nr. 0012, Schule Sand a.Main, Mensa;0012;;;N;0;0;0;0;509;0;509;0;0;16;493;259;72;30;16;71;19;5;21;1;508;228;56;33;14;95;37;20;1;2;1;4;0;4;0;0;0;13;
09674210;Gemeinde Untermerzbach;247;09674210;GEMEINDE;Gemeinde Untermerzbach;;;;N;1302;648;654;0;1152;506;646;4;0;37;1115;566;220;58;59;108;64;12;28;2;1150;473;163;69;41;256;35;62;4;9;1;2;4;3;0;0;1;27;
09674210;Gemeinde Untermerzbach;247;096742100001;STIMMBEZIRK;Untermerzbach;0001;;;N;912;445;467;0;343;340;3;3;0;12;331;168;50;19;20;39;18;3;14;2;341;132;34;23;9;103;10;15;1;4;1;0;0;0;0;0;0;9;
09674210;Gemeinde Untermerzbach;247;096742100002;STIMMBEZIRK;Memmelsdorf/Ufr.;0002;;;N;390;203;187;0;167;166;1;1;0;6;161;66;49;8;10;16;7;1;4;0;167;54;36;15;9;39;7;5;0;0;0;0;1;1;0;0;0;0;
09674210;Gemeinde Untermerzbach;247;096742100011;BRIEFWAHLBEZIRK;Briefwahl Untermerzbach;0011;;;N;0;0;0;0;642;0;642;0;0;19;623;332;121;31;29;53;39;8;10;0;642;287;93;31;23;114;18;42;3;5;0;2;3;2;0;0;1;18;
09674221;Stadt Zeil am Main;247;09674221;GEMEINDE;Stadt Zeil am Main;;;;N;4356;2357;1999;0;3681;1750;1931;7;0;140;3541;1586;622;289;167;387;234;65;191;25;3656;1398;443;334;144;811;120;193;15;31;13;22;3;18;3;1;5;102;
09674221;Stadt Zeil am Main;247;096742210001;STIMMBEZIRK;Pfarrsaal - Stadt Zeil a.Main;0001;;;N;1126;648;478;0;449;445;4;4;0;14;435;142;81;45;35;47;49;16;20;3;446;135;57;48;20;111;12;33;1;6;1;4;1;1;1;0;0;15;
09674221;Stadt Zeil am Main;247;096742210002;STIMMBEZIRK;Rudolf-Winkler-Haus - Stadt Zeil a.Main;0002;;;N;1183;635;548;0;486;484;2;2;0;18;468;206;69;29;24;62;47;8;23;2;484;151;44;43;30;155;5;32;3;4;1;3;1;2;0;0;0;10;
09674221;Stadt Zeil am Main;247;096742210003;STIMMBEZIRK;Schmachtenberg - Stadt Zeil a.Main;0003;;;N;873;449;424;0;332;331;1;1;0;13;319;136;58;23;17;36;23;3;23;4;328;107;42;34;11;87;6;20;1;1;1;0;0;5;2;0;1;10;
09674221;Stadt Zeil am Main;247;096742210004;STIMMBEZIRK;Schule-Neubau - Stadt Zeil a.Main;0004;;;N;1174;625;549;0;490;490;0;0;0;43;447;163;74;48;20;58;32;10;42;3;487;141;55;51;13;167;4;26;3;3;4;4;1;1;0;0;1;13;
09674221;Stadt Zeil am Main;247;096742210011;BRIEFWAHLBEZIRK;Briefwahl I - Stadt Zeil a.Main;0011;;;N;0;0;0;0;470;0;470;0;0;16;454;242;79;32;11;41;20;4;25;2;468;217;61;41;13;77;18;14;3;7;1;3;0;1;0;0;1;11;
09674221;Stadt Zeil am Main;247;096742210012;BRIEFWAHLBEZIRK;Briefwahl II - Stadt Zeil a.Main;0012;;;N;0;0;0;0;490;0;490;0;0;14;476;233;89;41;20;41;21;11;20;6;484;213;76;41;20;76;17;21;0;3;1;1;0;2;0;0;1;12;
09674221;Stadt Zeil am Main;247;096742210013;BRIEFWAHLBEZIRK;Briefwahl III - Stadt Zeil a.Main;0013;;;N;0;0;0;0;485;0;485;0;0;7;478;242;85;34;21;52;18;5;21;1;484;223;53;43;15;71;27;26;0;2;1;3;0;2;0;0;1;17;
09674221;Stadt Zeil am Main;247;096742210014;BRIEFWAHLBEZIRK;Briefwahl IV - Stadt Zeil a.Main;0014;;;N;0;0;0;0;479;0;479;0;0;15;464;222;87;37;19;50;24;8;17;4;475;211;55;33;22;67;31;21;4;5;3;4;0;4;0;1;0;14;
;;247;096745610;VERBANDSGEMEINDE;Verwaltungsgemeinschaft Ebelsbach;;;;N;5754;2741;3013;0;5072;2150;2922;1;0;235;4837;2230;785;293;285;700;265;60;219;19;5053;1875;568;356;171;1278;267;226;34;29;26;18;5;16;3;1;15;165;
09674118;Gemeinde Breitbrunn;247;09674118;GEMEINDE;Gemeinde Breitbrunn;;;;N;859;361;498;0;797;312;485;1;0;57;740;353;81;34;46;147;48;4;27;3;794;310;60;36;22;217;65;35;4;3;8;0;1;1;1;0;5;26;
09674118;Gemeinde Breitbrunn;247;096741181001;STIMMBEZIRK;Gemeindezentrum Breitbrunn;1001;;;N;620;245;375;0;208;207;1;1;0;14;194;89;20;7;15;36;19;0;8;1;207;76;14;12;3;70;10;11;0;0;0;0;0;1;1;0;0;9;
09674118;Gemeinde Breitbrunn;247;096741181002;STIMMBEZIRK;Feuerwehrgerätehaus Lußberg;1002;;;N;239;116;123;0;105;105;0;0;0;14;91;44;10;8;5;20;3;0;1;1;104;38;7;4;3;29;11;5;2;0;2;0;0;0;0;0;0;3;
09674118;Gemeinde Breitbrunn;247;096741181011;BRIEFWAHLBEZIRK;Briefwahl Breitbrunn;1011;;;N;0;0;0;0;484;0;484;0;0;29;455;220;51;19;26;91;26;4;18;1;483;196;39;20;16;118;44;19;2;3;6;0;1;0;0;0;5;14;
09674129;Gemeinde Ebelsbach;247;09674129;GEMEINDE;Gemeinde Ebelsbach;;;;N;2926;1433;1493;0;2527;1080;1447;0;0;103;2424;1064;453;154;131;324;144;33;121;13;2514;877;347;203;84;649;109;115;15;15;9;7;1;7;1;0;2;73;
09674129;Gemeinde Ebelsbach;247;096741292001;STIMMBEZIRK;Schule Ebelsbach;2001;;;N;853;452;401;0;355;355;0;0;0;11;344;140;57;13;17;49;23;11;34;4;351;103;44;22;16;112;12;25;2;0;3;1;0;1;0;0;1;9;
09674129;Gemeinde Ebelsbach;247;096741292002;STIMMBEZIRK;Pfarrsaal Ebelsbach;2002;;;N;841;459;382;0;321;321;0;0;0;22;299;110;60;14;26;44;20;7;18;5;316;83;45;21;14;120;8;14;0;1;1;1;0;1;0;0;0;7;
09674129;Gemeinde Ebelsbach;247;096741292003;STIMMBEZIRK;Schloss Gleisenau;2003;;;N;819;341;478;0;250;250;0;0;0;17;233;80;26;23;19;42;22;2;19;1;249;63;21;22;10;102;4;12;0;1;0;1;0;1;1;0;0;11;
09674129;Gemeinde Ebelsbach;247;096741292004;STIMMBEZIRK;Steinbach;2004;;;N;413;181;232;0;154;154;0;0;0;4;150;73;22;10;8;16;8;2;11;0;154;63;15;13;4;45;3;7;0;0;1;0;0;0;0;0;0;3;
09674129;Gemeinde Ebelsbach;247;096741292011;BRIEFWAHLBEZIRK;Briefwahl Ebelsbach 1;2011;;;N;0;0;0;0;690;0;690;0;0;23;667;314;158;44;22;72;36;5;16;2;688;260;114;55;15;129;42;31;6;6;1;2;1;1;0;0;1;24;
09674129;Gemeinde Ebelsbach;247;096741292012;BRIEFWAHLBEZIRK;Briefwahl Ebelsbach 2;2012;;;N;0;0;0;0;374;0;374;0;0;12;362;155;68;22;24;53;24;4;12;0;374;140;48;37;14;74;20;18;5;3;1;2;0;1;0;0;0;11;
09674129;Gemeinde Ebelsbach;247;096741292013;BRIEFWAHLBEZIRK;Briefwahl Ebelsbach 3;2013;;;N;0;0;0;0;383;0;383;0;0;14;369;192;62;28;15;48;11;2;11;1;382;165;60;33;11;67;20;8;2;4;2;0;0;2;0;0;0;8;
09674160;Gemeinde Kirchlauter;247;09674160;GEMEINDE;Gemeinde Kirchlauter;;;;N;1074;566;508;0;927;437;490;0;0;38;889;453;128;43;66;113;37;13;36;2;925;389;83;54;32;204;51;39;9;7;3;4;2;6;1;0;5;36;
09674160;Gemeinde Kirchlauter;247;096741603001;STIMMBEZIRK;Oskar-Kandler-Zentrum Kirchlauter;3001;;;N;569;287;282;0;225;225;0;0;0;12;213;108;29;11;16;21;14;4;10;0;225;100;20;14;6;48;9;16;0;2;0;1;1;3;0;0;3;2;
09674160;Gemeinde Kirchlauter;247;096741603002;STIMMBEZIRK;Obere Wirtschaft Neubrunn;3002;;;N;505;279;226;0;212;212;0;0;0;13;199;97;36;13;13;32;2;1;5;0;212;75;25;17;10;56;9;5;4;1;1;1;0;1;0;0;1;6;
09674160;Gemeinde Kirchlauter;247;096741603011;BRIEFWAHLBEZIRK;Briefwahl Kirchlauter;3011;;;N;0;0;0;0;490;0;490;0;0;13;477;248;63;19;37;60;21;8;21;2;488;214;38;23;16;100;33;18;5;4;2;2;1;2;1;0;1;28;
09674201;Gemeinde Stettfeld;247;09674201;GEMEINDE;Gemeinde Stettfeld;;;;N;895;381;514;0;821;321;500;0;0;37;784;360;123;62;42;116;36;10;35;1;820;299;78;63;33;208;42;37;6;4;6;7;1;2;0;1;3;30;
09674201;Gemeinde Stettfeld;247;096742014001;STIMMBEZIRK;Gemeindehaus Stettfeld;4001;;;N;895;381;514;0;321;321;0;0;0;18;303;130;41;22;22;50;19;4;15;1;320;105;31;16;11;108;12;20;2;0;0;3;0;0;0;0;1;11;
09674201;Gemeinde Stettfeld;247;096742014011;BRIEFWAHLBEZIRK;Briefwahl Stettfeld;4011;;;N;0;0;0;0;500;0;500;0;0;19;481;230;82;40;20;66;17;6;20;0;500;194;47;47;22;100;30;17;4;4;6;4;1;2;0;1;2;19;
;;247;096745611;VERBANDSGEMEINDE;Verwaltungsgemeinschaft Ebern;;;;N;8214;3603;4611;0;7209;2769;4440;12;0;276;6933;3253;1116;422;376;957;397;92;320;25;7184;2772;762;560;258;1732;365;343;29;71;36;23;15;26;7;1;13;171;
09674130;Stadt Ebern;247;09674130;GEMEINDE;Stadt Ebern;;;;N;5748;2692;3056;0;4980;2038;2942;7;0;197;4783;2258;765;327;260;602;278;65;228;18;4962;1916;532;429;169;1198;223;225;15;56;29;12;12;17;7;0;5;117;
09674130;Stadt Ebern;247;096741301001;STIMMBEZIRK;Ebern, Altstadt;1001;;;N;1130;539;591;0;387;385;2;2;0;26;361;131;69;39;20;34;37;6;25;1;386;100;45;58;11;116;7;29;1;4;2;1;0;1;0;0;1;10;
09674130;Stadt Ebern;247;096741301002;STIMMBEZIRK;Ebern, Losberg;1002;;;N;1083;499;584;0;369;367;2;2;0;19;350;139;68;30;25;37;25;5;21;4;365;121;35;51;11;102;6;20;0;3;2;0;1;1;0;0;0;12;
09674130;Stadt Ebern;247;096741301003;STIMMBEZIRK;Ebern, Steinberg;1003;;;N;1044;521;523;0;383;382;1;1;0;30;353;151;66;16;21;47;32;6;14;4;379;130;49;17;16;113;8;28;1;3;0;1;0;2;0;0;0;11;
09674130;Stadt Ebern;247;096741301004;STIMMBEZIRK;Heubach;1004;;;N;639;292;347;0;226;226;0;0;0;8;218;84;28;8;16;45;12;3;22;0;226;76;16;10;8;84;12;13;1;3;0;0;0;0;0;0;1;2;
09674130;Stadt Ebern;247;096741301005;STIMMBEZIRK;Fischbach;1005;;;N;583;297;286;0;219;219;0;0;0;5;214;92;33;9;22;27;16;5;10;1;218;59;23;13;16;77;7;17;1;0;0;0;1;0;1;0;0;3;
09674130;Stadt Ebern;247;096741301006;STIMMBEZIRK;Unterpreppach;1006;;;N;607;256;351;0;211;209;2;2;0;15;196;96;22;9;12;37;6;0;14;0;211;83;13;12;10;68;11;5;2;3;0;0;0;0;0;0;0;4;
09674130;Stadt Ebern;247;096741301007;STIMMBEZIRK;Jesserndorf;1007;;;N;662;288;374;0;250;250;0;0;0;19;231;121;22;9;14;36;11;6;12;3;247;97;18;11;3;89;11;7;2;2;0;2;2;1;0;0;0;2;
09674130;Stadt Ebern;247;096741301011;BRIEFWAHLBEZIRK;Ebern, Briefwahl 1;1011;;;N;0;0;0;0;547;0;547;0;0;10;537;259;101;53;21;47;29;7;20;1;546;212;86;63;17;78;19;25;1;10;9;5;1;0;5;0;1;14;
09674130;Stadt Ebern;247;096741301012;BRIEFWAHLBEZIRK;Ebern, Briefwahl 2;1012;;;N;0;0;0;0;567;0;567;0;0;15;552;262;105;49;17;70;25;4;20;0;567;237;72;62;13;97;31;21;0;7;1;1;2;3;0;0;0;20;
09674130;Stadt Ebern;247;096741301013;BRIEFWAHLBEZIRK;Ebern, Briefwahl 3;1013;;;N;0;0;0;0;493;0;493;0;0;15;478;234;89;30;13;46;29;14;23;1;492;211;63;44;12;81;22;16;5;8;5;1;1;5;1;0;1;16;
09674130;Stadt Ebern;247;096741301014;BRIEFWAHLBEZIRK;Ebern, Briefwahl 4;1014;;;N;0;0;0;0;617;0;617;0;0;18;599;307;93;31;43;69;31;4;21;0;617;261;59;39;31;128;41;22;1;7;7;0;1;4;0;0;0;16;
09674130;Stadt Ebern;247;096741301015;BRIEFWAHLBEZIRK;Ebern, Briefwahl 5;1015;;;N;0;0;0;0;711;0;711;0;0;17;694;382;69;44;36;107;25;5;26;3;708;329;53;49;21;165;48;22;0;6;3;1;3;0;0;0;1;7;
09674184;Gemeinde Pfarrweisach;247;09674184;GEMEINDE;Gemeinde Pfarrweisach;;;;N;1209;408;801;0;1090;319;771;4;0;41;1049;471;156;45;60;190;59;14;54;3;1087;410;96;64;45;288;73;50;7;7;3;4;2;4;0;0;6;28;
09674184;Gemeinde Pfarrweisach;247;096741842001;STIMMBEZIRK;Pfarrweisach;2001;;;N;1209;408;801;0;323;319;4;4;0;20;303;129;27;11;23;52;22;11;28;0;323;109;12;14;17;121;18;13;3;1;1;3;1;1;0;0;0;9;
09674184;Gemeinde Pfarrweisach;247;096741842011;BRIEFWAHLBEZIRK;Pfarrweisach, Briefwahl;2011;;;N;0;0;0;0;767;0;767;0;0;21;746;342;129;34;37;138;37;3;26;3;764;301;84;50;28;167;55;37;4;6;2;1;1;3;0;0;6;19;
09674190;Markt Rentweinsdorf;247;09674190;GEMEINDE;Markt Rentweinsdorf;;;;N;1257;503;754;0;1139;412;727;1;0;38;1101;524;195;50;56;165;60;13;38;4;1135;446;134;67;44;246;69;68;7;8;4;7;1;5;0;1;2;26;
09674190;Markt Rentweinsdorf;247;096741903001;STIMMBEZIRK;Rentweinsdorf;3001;;;N;1257;503;754;0;413;412;1;1;0;19;394;164;63;20;33;56;31;7;20;3;410;130;44;29;23;116;18;30;4;4;2;1;0;0;0;0;1;8;
09674190;Markt Rentweinsdorf;247;096741903011;BRIEFWAHLBEZIRK;Rentweinsdorf, Briefwahl;3011;;;N;0;0;0;0;726;0;726;0;0;19;707;360;132;30;23;109;29;6;18;1;725;316;90;38;21;130;51;38;3;4;2;6;1;5;0;1;1;18;
;;247;096745612;VERBANDSGEMEINDE;Verwaltungsgemeinschaft Hofheim i.UFr.;;;;N;9028;3739;5289;0;7836;2745;5091;0;0;295;7541;3910;1035;435;332;1092;374;94;269;20;7816;3375;737;515;248;1739;452;342;37;47;25;31;11;25;6;0;8;218;
09674111;Gemeinde Aidhausen;247;09674111;GEMEINDE;Gemeinde Aidhausen;;;;N;1369;446;923;0;1228;343;885;0;0;51;1177;647;156;54;43;161;50;22;44;2;1226;576;96;68;24;265;83;49;13;6;6;8;1;4;1;0;1;25;
09674111;Gemeinde Aidhausen;247;096741110001;STIMMBEZIRK;Urnenwahl Aidhausen;0001;;;N;1369;446;923;0;343;343;0;0;0;26;317;160;38;11;22;40;23;4;19;0;343;135;27;15;11;105;14;20;2;3;1;1;0;0;0;0;0;9;
09674111;Gemeinde Aidhausen;247;096741110012;BRIEFWAHLBEZIRK;Briefwahl Aidhausen;0011;;;N;0;0;0;0;885;0;885;0;0;25;860;487;118;43;21;121;27;18;25;2;883;441;69;53;13;160;69;29;11;3;5;7;1;4;1;0;1;16;
09674120;Gemeinde Bundorf;247;09674120;GEMEINDE;Gemeinde Bundorf;;;;N;734;289;445;0;627;202;425;0;0;25;602;279;72;34;40;126;27;7;17;4;623;244;52;38;35;146;36;30;6;7;0;2;1;2;0;0;2;22;
09674120;Gemeinde Bundorf;247;096741200001;STIMMBEZIRK;Urnenwahl Bundorf;0001;;;N;734;289;445;0;202;202;0;0;0;15;187;65;19;14;16;44;15;1;13;2;200;47;12;13;9;77;9;16;2;4;0;0;1;0;0;0;0;10;
09674120;Gemeinde Bundorf;247;096741200011;BRIEFWAHLBEZIRK;Briefwahl Bundorf;0011;;;N;0;0;0;0;425;0;425;0;0;10;415;214;53;20;24;82;12;6;4;2;423;197;40;25;26;69;27;14;4;3;0;2;0;2;0;0;2;12;
09674121;Markt Burgpreppach;247;09674121;GEMEINDE;Markt Burgpreppach;;;;N;1115;432;683;0;975;312;663;0;0;42;933;485;130;30;51;156;44;3;34;3;972;393;101;44;29;240;81;42;3;6;2;0;0;2;0;0;3;26;
09674121;Markt Burgpreppach;247;096741210001;STIMMBEZIRK;Urnenwahl Burgpreppach;0001;;;N;1115;432;683;0;312;312;0;0;0;26;286;123;42;11;23;51;21;1;14;3;309;86;38;11;10;110;20;16;1;2;0;0;0;2;0;0;3;10;
09674121;Markt Burgpreppach;247;096741210011;BRIEFWAHLBEZIRK;Briefwahl Burgpreppach;0011;;;N;0;0;0;0;663;0;663;0;0;16;647;362;88;19;28;105;23;2;20;0;663;307;63;33;19;130;61;26;2;4;2;0;0;0;0;0;0;16;
09674149;Stadt Hofheim i.UFr.;247;09674149;GEMEINDE;Stadt Hofheim i.UFr.;;;;N;3996;1829;2167;0;3395;1317;2078;0;0;136;3259;1620;491;233;155;388;194;47;131;7;3388;1402;353;271;124;734;153;169;11;22;17;14;4;13;3;0;2;96;
09674149;Stadt Hofheim i.UFr.;247;096741490001;STIMMBEZIRK;Urnenwahl Hofheim 1;0001;;;N;2063;964;1099;0;678;678;0;0;0;47;631;280;92;42;34;77;59;8;39;2;676;231;70;52;25;193;17;47;2;6;1;4;0;4;1;0;1;22;
09674149;Stadt Hofheim i.UFr.;247;096741490002;STIMMBEZIRK;Urnenwahl Hofheim 2;0002;;;N;884;432;452;0;321;321;0;0;0;9;312;131;41;37;19;45;15;5;19;0;321;104;38;36;15;89;12;14;0;3;1;1;0;1;0;0;0;7;
09674149;Stadt Hofheim i.UFr.;247;096741490003;STIMMBEZIRK;Urnenwahl Hofheim 3;0003;;;N;1049;433;616;0;318;318;0;0;0;19;299;117;40;26;21;44;17;13;21;0;318;97;32;25;20;100;13;22;0;0;4;3;0;1;0;0;0;1;
09674149;Stadt Hofheim i.UFr.;247;096741490011;BRIEFWAHLBEZIRK;Briefwahl Hofheim 1;0011;;;N;0;0;0;0;1038;0;1038;0;0;34;1004;513;158;70;39;110;66;15;33;2;1036;441;109;83;27;191;61;51;7;9;7;1;2;6;0;0;0;41;
09674149;Stadt Hofheim i.UFr.;247;096741490012;BRIEFWAHLBEZIRK;Briefwahl Hofheim 2;0012;;;N;0;0;0;0;1040;0;1040;0;0;27;1013;579;160;58;42;112;37;6;19;3;1037;529;104;75;37;161;50;35;2;4;4;5;2;1;2;0;1;25;
09674153;Gemeinde Riedbach;247;09674153;GEMEINDE;Gemeinde Riedbach;;;;N;1385;518;867;0;1214;374;840;0;0;30;1184;658;137;56;34;202;47;13;37;3;1211;578;100;58;20;275;81;34;4;4;0;4;5;3;2;0;0;43;
09674153;Gemeinde Riedbach;247;096741530001;STIMMBEZIRK;Urnenwahl Riedbach;0001;;;N;1385;518;867;0;374;374;0;0;0;21;353;173;41;18;19;63;17;8;14;0;374;142;26;20;4;142;11;11;1;2;0;1;1;2;0;0;0;11;
09674153;Gemeinde Riedbach;247;096741530011;BRIEFWAHLBEZIRK;Briefwahl Riedbach;0011;;;N;0;0;0;0;840;0;840;0;0;9;831;485;96;38;15;139;30;5;23;3;837;436;74;38;16;133;70;23;3;2;0;3;4;1;2;0;0;32;
09674223;Gemeinde Ermershausen;247;09674223;GEMEINDE;Gemeinde Ermershausen;;;;N;429;225;204;0;397;197;200;0;0;11;386;221;49;28;9;59;12;2;6;1;396;182;35;36;16;79;18;18;0;2;0;3;0;1;0;0;0;6;
09674223;Gemeinde Ermershausen;247;096742230001;STIMMBEZIRK;Urnenwahl Ermershausen;0001;;;N;429;225;204;0;197;197;0;0;0;7;190;108;21;18;4;23;10;2;4;1;196;83;17;23;9;42;3;12;0;0;0;3;0;1;0;0;0;3;
09674223;Gemeinde Ermershausen;247;096742230011;BRIEFWAHLBEZIRK;Briefwahl Ermershausen;0011;;;N;0;0;0;0;200;0;200;0;0;4;196;113;28;10;5;36;2;0;2;0;200;99;18;13;7;37;15;6;0;2;0;0;0;0;0;0;0;3;
;;247;096745613;VERBANDSGEMEINDE;Verwaltungsgemeinschaft Theres;;;;N;4778;2571;2207;0;4292;2168;2124;4;0;276;4016;2034;628;275;194;397;234;69;185;14;4278;1720;464;310;128;1045;168;186;17;26;10;30;10;20;2;0;7;135;
09674139;Gemeinde Gädheim;247;09674139;GEMEINDE;Gemeinde Gädheim;;;;N;1050;585;465;0;946;505;441;0;0;57;889;464;135;62;50;83;44;5;46;2;944;401;109;65;35;230;26;33;5;3;3;1;0;6;0;0;1;26;
09674139;Gemeinde Gädheim;247;096741390001;STIMMBEZIRK;Gädheim;0001;;;N;621;290;331;0;245;245;0;0;0;6;239;130;28;12;9;28;15;3;14;0;245;109;25;11;6;65;6;12;0;1;1;0;0;0;0;0;1;8;
09674139;Gemeinde Gädheim;247;096741390002;STIMMBEZIRK;Ottendorf;0002;;;N;334;221;113;0;192;192;0;0;0;10;182;85;21;22;10;22;11;1;10;1;191;77;21;20;9;45;4;5;1;0;1;0;0;3;0;0;0;5;
09674139;Gemeinde Gädheim;247;096741390003;STIMMBEZIRK;Greßhausen;0003;;;N;95;74;21;0;68;68;0;0;0;2;66;33;7;6;4;1;4;0;11;0;68;30;5;5;4;19;1;3;0;0;0;0;0;0;0;0;0;1;
09674139;Gemeinde Gädheim;247;096741390011;BRIEFWAHLBEZIRK;Briefwahl Gädheim;0011;;;N;0;0;0;0;441;0;441;0;0;39;402;216;79;22;27;32;14;1;11;1;440;185;58;29;16;101;15;13;4;2;1;1;0;3;0;0;0;12;
09674180;Gemeinde Theres;247;09674180;GEMEINDE;Gemeinde Theres;;;;N;2194;1189;1005;0;1954;981;973;1;0;132;1822;913;296;127;81;165;126;34;80;8;1946;744;224;142;57;457;89;99;5;12;4;17;10;9;0;0;5;72;
09674180;Gemeinde Theres;247;096741800001;STIMMBEZIRK;Obertheres;0001;;;N;1090;576;514;0;449;448;1;1;0;15;434;220;91;22;19;31;27;5;19;3;446;175;74;32;21;99;8;16;0;2;1;0;3;2;0;0;3;10;
09674180;Gemeinde Theres;247;096741800002;STIMMBEZIRK;Horhausen;0002;;;N;232;152;80;0;120;120;0;0;0;9;111;51;10;12;5;8;14;6;5;2;118;36;10;8;4;33;7;6;0;0;1;4;1;0;0;0;0;8;
09674180;Gemeinde Theres;247;096741800003;STIMMBEZIRK;Untertheres;0003;;;N;620;309;311;0;277;277;0;0;0;11;266;132;35;20;14;27;22;5;11;0;277;114;26;19;4;65;6;16;2;2;0;3;3;1;0;0;0;16;
09674180;Gemeinde Theres;247;096741800004;STIMMBEZIRK;Buch;0004;;;N;252;152;100;0;136;136;0;0;0;9;127;59;17;4;5;16;13;6;7;0;136;48;10;6;2;37;8;13;0;1;1;6;0;1;0;0;0;3;
09674180;Gemeinde Theres;247;096741800011;BRIEFWAHLBEZIRK;Briefwahl Obertheres;0011;;;N;0;0;0;0;497;0;497;0;0;45;452;210;84;38;19;44;34;6;17;2;495;177;57;47;12;108;28;34;1;2;1;3;1;2;0;0;1;21;
09674180;Gemeinde Theres;247;096741800012;BRIEFWAHLBEZIRK;Briefwahl Horhausen-Untertheres-Buch;0012;;;N;0;0;0;0;475;0;475;0;0;43;432;241;59;31;19;39;16;6;21;1;474;194;47;30;14;115;32;14;2;5;0;1;2;3;0;0;1;14;
09674219;Gemeinde Wonfurt;247;09674219;GEMEINDE;Gemeinde Wonfurt;;;;N;1534;797;737;0;1392;682;710;3;0;87;1305;657;197;86;63;149;64;30;59;4;1388;575;131;103;36;358;53;54;7;11;3;12;0;5;2;0;1;37;
09674219;Gemeinde Wonfurt;247;096742190001;STIMMBEZIRK;Wonfurt;0001;;;N;963;483;480;0;407;407;0;0;0;31;376;152;61;32;16;47;26;12;30;1;406;121;36;38;8;139;14;26;0;5;1;3;0;3;1;0;0;11;
09674219;Gemeinde Wonfurt;247;096742190002;STIMMBEZIRK;Dampfach;0002;;;N;348;173;175;0;148;145;3;3;0;13;135;59;15;3;7;25;15;2;9;0;148;51;5;4;5;54;9;12;0;0;0;0;0;0;1;0;0;7;
09674219;Gemeinde Wonfurt;247;096742190003;STIMMBEZIRK;Steinsfeld;0003;;;N;223;141;82;0;130;130;0;0;0;4;126;69;14;4;9;14;5;5;6;1;129;66;11;6;0;36;1;2;3;0;0;1;0;0;0;0;0;3;
09674219;Gemeinde Wonfurt;247;096742190011;BRIEFWAHLBEZIRK;Briefwahl Wonfurt;0011;;;N;0;0;0;0;463;0;463;0;0;8;455;241;85;36;23;41;15;7;7;1;462;213;64;46;16;64;22;11;4;6;2;6;0;1;0;0;1;6;
09674219;Gemeinde Wonfurt;247;096742190012;BRIEFWAHLBEZIRK;Briefwahl Dampfach-Steinsfeld;0012;;;N;0;0;0;0;244;0;244;0;0;31;213;136;22;11;8;22;3;4;7;1;243;124;15;9;7;65;7;3;0;0;0;2;0;1;0;0;0;10;
;;247;09673000;KREIS;Landkreis Rhön-Grabfeld;;;;N;62185;32124;30061;0;53582;24653;28929;57;0;2206;51376;26225;6253;2989;2406;8135;2962;497;1909;222;53360;22827;4530;3959;1970;12060;2644;2535;180;352;190;133;64;213;37;13;65;1588;
09673114;Stadt Bad Neustadt a.d.Saale;247;09673114;GEMEINDE;Stadt Bad Neustadt a.d.Saale;;;;N;10819;6037;4782;0;8725;4203;4522;9;0;446;8279;3696;1267;623;497;1109;659;78;350;42;8683;3261;883;821;352;2107;278;474;34;53;26;17;11;37;15;2;5;307;
09673114;Stadt Bad Neustadt a.d.Saale;247;096731140001;STIMMBEZIRK;Bad Neustadt Innenstadt-Mühlbach-Neuhaus-Löhrieth;0001;;;N;2183;1142;1041;0;743;739;4;4;0;55;688;242;109;67;51;96;83;6;34;4;739;202;78;81;33;218;18;55;2;1;3;1;2;7;5;1;1;31;
09673114;Stadt Bad Neustadt a.d.Saale;247;096731140002;STIMMBEZIRK;Bad Neustadt Westl. Aussenstadt;0002;;;N;1509;980;529;0;614;613;1;1;0;81;533;200;73;38;39;92;58;6;27;9;605;143;63;42;21;261;8;24;2;3;2;1;0;1;0;1;0;33;
09673114;Stadt Bad Neustadt a.d.Saale;247;096731140003;STIMMBEZIRK;Bad Neustadt Gartenstadt;0003;;;N;1599;870;729;0;632;632;0;0;0;58;574;244;76;35;39;77;66;1;36;3;629;199;53;52;21;219;15;36;4;5;1;0;0;0;3;0;0;21;
09673114;Stadt Bad Neustadt a.d.Saale;247;096731140004;STIMMBEZIRK;Herschfeld-Dürrnhof;0004;;;N;2163;1111;1052;0;794;792;2;2;0;61;733;285;109;59;40;124;61;14;41;7;787;234;79;72;26;246;22;45;5;6;4;2;2;9;2;0;1;32;
09673114;Stadt Bad Neustadt a.d.Saale;247;096731140005;STIMMBEZIRK;Brend West-Ost;0005;;;N;1604;1002;602;0;716;715;1;1;0;59;657;246;84;38;38;118;86;6;41;6;710;196;54;45;27;280;13;52;3;5;3;1;0;0;0;0;0;31;
09673114;Stadt Bad Neustadt a.d.Saale;247;096731140006;STIMMBEZIRK;Brend Nord-Lorenzen-Lebenhan;0006;;;N;1761;932;829;0;713;712;1;1;0;42;671;280;83;45;30;129;49;4;51;2;711;232;55;59;19;265;17;33;1;3;0;2;0;3;0;0;1;21;
09673114;Stadt Bad Neustadt a.d.Saale;247;096731140021;BRIEFWAHLBEZIRK;Briefwahl 0021;0021;;;N;0;0;0;0;985;0;985;0;0;11;974;485;143;96;53;92;66;13;26;3;982;463;96;123;42;111;33;74;3;5;1;4;1;3;1;0;0;22;
09673114;Stadt Bad Neustadt a.d.Saale;247;096731140022;BRIEFWAHLBEZIRK;Briefwahl 0022;0022;;;N;0;0;0;0;492;0;492;0;0;10;482;228;90;21;33;59;35;4;12;0;492;207;61;38;27;72;20;36;0;4;1;1;1;4;0;0;0;20;
09673114;Stadt Bad Neustadt a.d.Saale;247;096731140023;BRIEFWAHLBEZIRK;Briefwahl 0023;0023;;;N;0;0;0;0;686;0;686;0;0;17;669;326;125;54;32;62;45;7;18;6;680;317;93;72;30;80;24;28;3;4;3;2;2;2;0;0;0;20;
09673114;Stadt Bad Neustadt a.d.Saale;247;096731140024;BRIEFWAHLBEZIRK;Briefwahl 0024;0024;;;N;0;0;0;0;992;0;992;0;0;31;961;472;144;67;65;114;55;7;37;0;992;428;101;94;47;161;47;44;4;7;6;2;2;1;1;0;2;45;
09673114;Stadt Bad Neustadt a.d.Saale;247;096731140025;BRIEFWAHLBEZIRK;Briefwahl 0025;0025;;;N;0;0;0;0;567;0;567;0;0;4;563;299;90;46;29;66;23;2;8;0;567;276;60;60;21;75;29;21;4;4;1;1;0;2;1;0;0;12;
09673114;Stadt Bad Neustadt a.d.Saale;247;096731140026;BRIEFWAHLBEZIRK;Briefwahl 0026;0026;;;N;0;0;0;0;791;0;791;0;0;17;774;389;141;57;48;80;32;8;19;2;789;364;90;83;38;119;32;26;3;6;1;0;1;5;2;0;0;19;
09673117;Stadt Bischofsheim i.d.Rhön;247;09673117;GEMEINDE;Stadt Bischofsheim i.d.Rhön;;;;N;3838;2008;1830;0;3290;1561;1729;0;0;109;3181;1872;341;166;104;407;164;35;92;17;3273;1526;277;196;120;674;177;139;10;22;7;13;4;14;1;0;3;90;
09673117;Stadt Bischofsheim i.d.Rhön;247;096731170001;STIMMBEZIRK;Bischofsheim;0001;;;N;1406;708;698;0;505;505;0;0;0;33;472;234;50;30;23;49;54;6;26;5;500;175;41;39;13;153;12;36;6;3;1;2;0;3;0;0;1;15;
09673117;Stadt Bischofsheim i.d.Rhön;247;096731170002;STIMMBEZIRK;Frankenheim;0002;;;N;388;226;162;0;186;186;0;0;0;2;184;123;20;7;4;22;6;1;1;2;184;107;14;6;4;31;9;4;1;4;0;0;0;1;0;0;0;3;
09673117;Stadt Bischofsheim i.d.Rhön;247;096731170003;STIMMBEZIRK;Haselbach;0003;;;N;550;288;262;0;238;238;0;0;0;11;227;128;17;11;9;40;11;4;7;4;234;94;12;14;10;76;10;10;0;0;0;2;0;2;0;0;0;4;
09673117;Stadt Bischofsheim i.d.Rhön;247;096731170004;STIMMBEZIRK;Oberweißenbrunn;0004;;;N;423;236;187;0;197;197;0;0;0;2;195;132;16;6;7;22;7;1;4;0;197;116;8;12;5;36;7;7;0;0;1;0;2;0;0;0;0;3;
09673117;Stadt Bischofsheim i.d.Rhön;247;096731170005;STIMMBEZIRK;Unterweißenbrunn;0005;;;N;612;316;296;0;253;253;0;0;0;7;246;147;26;5;13;39;8;1;7;0;253;126;26;5;14;49;20;9;0;2;0;0;0;1;0;0;0;1;
09673117;Stadt Bischofsheim i.d.Rhön;247;096731170006;STIMMBEZIRK;Wegfurt;0006;;;N;459;234;225;0;182;182;0;0;0;13;169;98;24;8;3;22;8;2;4;3;179;78;21;8;12;39;10;7;0;1;0;1;0;0;0;0;0;2;
09673117;Stadt Bischofsheim i.d.Rhön;247;096731170011;BRIEFWAHLBEZIRK;Briefwahl;0011;;;N;0;0;0;0;652;0;652;0;0;16;636;370;80;50;15;59;35;7;20;3;649;312;71;49;29;102;16;37;1;4;2;2;1;5;0;0;0;18;
09673117;Stadt Bischofsheim i.d.Rhön;247;096731170012;BRIEFWAHLBEZIRK;Briefwahl;0012;;;N;0;0;0;0;400;0;400;0;0;12;388;225;35;18;17;58;19;5;11;0;400;182;24;27;16;87;24;10;1;5;0;4;0;1;0;0;0;19;
09673117;Stadt Bischofsheim i.d.Rhön;247;096731170013;BRIEFWAHLBEZIRK;Briefwahl;0013;;;N;0;0;0;0;399;0;399;0;0;7;392;238;40;21;6;63;7;8;9;0;399;196;35;25;7;60;40;11;1;2;0;2;1;0;1;0;2;16;
09673117;Stadt Bischofsheim i.d.Rhön;247;096731170014;BRIEFWAHLBEZIRK;Briefwahl;0014;;;N;0;0;0;0;278;0;278;0;0;6;272;177;33;10;7;33;9;0;3;0;278;140;25;11;10;41;29;8;0;1;3;0;0;1;0;0;0;9;
09673141;Stadt Bad Königshofen i.Grabfeld;247;09673141;GEMEINDE;Stadt Bad Königshofen i.Grabfeld;;;;N;4639;2322;2317;0;3891;1629;2262;3;0;151;3740;1437;366;173;142;1194;219;39;170;13;3878;1469;324;286;133;992;244;207;10;34;19;7;6;10;1;0;5;131;
09673141;Stadt Bad Königshofen i.Grabfeld;247;096731410001;STIMMBEZIRK;Stadt Bad Königshofen 0001 Nord/West;0001;;;N;802;444;358;0;327;327;0;0;0;29;298;96;35;12;17;89;29;4;16;2;325;94;25;19;9;119;15;15;2;3;1;0;0;0;0;0;2;21;
09673141;Stadt Bad Königshofen i.Grabfeld;247;096731410002;STIMMBEZIRK;Stadt Bad Königshofen 0002 Mitte/Süd;0002;;;N;1108;577;531;0;337;337;0;0;0;16;321;89;51;24;8;97;28;8;16;1;336;87;41;33;10;95;10;34;1;2;1;0;0;2;0;0;0;20;
09673141;Stadt Bad Königshofen i.Grabfeld;247;096731410003;STIMMBEZIRK;Stadt Bad Königshofen 0002 Ost;0003;;;N;1020;494;526;0;317;314;3;3;0;13;304;87;33;17;17;97;36;2;15;0;317;84;31;28;7;107;14;27;0;3;1;1;1;0;0;0;0;13;
09673141;Stadt Bad Königshofen i.Grabfeld;247;096731410004;STIMMBEZIRK;Stadt Bad Königshofen 0004 KÖN/Ipthausen;0004;;;N;264;99;165;0;76;76;0;0;0;5;71;13;5;2;2;34;6;2;7;1;75;14;8;7;6;26;7;5;0;0;0;0;1;0;0;0;0;1;
09673141;Stadt Bad Königshofen i.Grabfeld;247;096731410005;STIMMBEZIRK;Stadt Bad Königshofen 0005 Aub/Althausen;0005;;;N;356;191;165;0;156;156;0;0;0;7;149;74;4;7;4;35;13;3;9;0;156;69;5;7;4;48;3;15;0;0;0;1;0;0;0;0;0;4;
09673141;Stadt Bad Königshofen i.Grabfeld;247;096731410006;STIMMBEZIRK;Stadt Bad Königshofen 0006 Eyershausen;0006;;;N;317;173;144;0;144;144;0;0;0;8;136;56;4;6;4;39;11;1;15;0;144;39;5;9;5;65;8;4;1;0;2;0;0;0;0;0;0;6;
09673141;Stadt Bad Königshofen i.Grabfeld;247;096731410007;STIMMBEZIRK;Stadt Bad Königshofen 0007 Merkershausen;0007;;;N;450;210;240;0;172;172;0;0;0;3;169;93;9;2;7;40;4;0;14;2;170;76;11;1;13;48;9;7;1;2;1;0;0;0;0;0;0;1;
09673141;Stadt Bad Königshofen i.Grabfeld;247;096731410008;STIMMBEZIRK;Stadt Bad Königshofen 0008 Gabolshausen/Untereßfeld;0008;;;N;322;134;188;0;103;103;0;0;0;4;99;40;5;3;5;36;7;0;3;0;103;46;4;5;2;31;7;6;0;1;0;0;0;0;0;0;0;1;
09673141;Stadt Bad Königshofen i.Grabfeld;247;096731410021;BRIEFWAHLBEZIRK;Stadt Bad Königshofen 0021 Briefwahl;0021;;;N;0;0;0;0;388;0;388;0;0;21;367;124;33;21;12;129;30;7;11;2;386;125;33;36;18;78;29;31;0;8;4;3;2;0;0;0;2;17;
09673141;Stadt Bad Königshofen i.Grabfeld;247;096731410022;BRIEFWAHLBEZIRK;Stadt Bad Königshofen 0022 Briefwahl;0022;;;N;0;0;0;0;368;0;368;0;0;9;359;150;43;13;7;134;3;3;6;1;367;160;36;33;6;72;31;7;2;9;2;1;0;2;1;0;0;5;
09673141;Stadt Bad Königshofen i.Grabfeld;247;096731410023;BRIEFWAHLBEZIRK;Stadt Bad Königshofen 0023 Briefwahl;0023;;;N;0;0;0;0;369;0;369;0;0;9;360;131;37;20;15;123;14;3;17;1;368;155;36;28;13;73;24;14;3;2;1;0;0;3;0;0;0;16;
09673141;Stadt Bad Königshofen i.Grabfeld;247;096731410024;BRIEFWAHLBEZIRK;Stadt Bad Königshofen 0024 Briefwahl;0024;;;N;0;0;0;0;379;0;379;0;0;5;374;176;38;12;16;104;11;3;14;1;378;175;31;23;11;85;27;11;0;2;2;1;1;1;0;0;0;8;
09673141;Stadt Bad Königshofen i.Grabfeld;247;096731410025;BRIEFWAHLBEZIRK;Stadt Bad Königshofen 0025 Briefwahl;0025;;;N;0;0;0;0;380;0;380;0;0;12;368;157;36;15;15;119;9;2;15;0;380;178;30;24;17;71;36;6;0;0;4;0;1;2;0;0;1;10;
09673141;Stadt Bad Königshofen i.Grabfeld;247;096731410026;BRIEFWAHLBEZIRK;Stadt Bad Königshofen 0026 Briefwahl;0026;;;N;0;0;0;0;375;0;375;0;0;10;365;151;33;19;13;118;18;1;12;2;373;167;28;33;12;74;24;25;0;2;0;0;0;0;0;0;0;8;
09673149;Markt Oberelsbach;247;09673149;GEMEINDE;Markt Oberelsbach;;;;N;2134;1123;1011;0;1875;893;982;2;0;60;1815;1091;154;93;68;231;95;21;62;8;1867;904;114;112;58;419;112;72;5;5;6;7;0;8;0;1;3;41;
09673149;Markt Oberelsbach;247;096731490001;STIMMBEZIRK;Stimmbezirk Oberelsbach;0001;;;N;864;402;462;0;282;282;0;0;0;9;273;174;23;7;15;27;12;4;11;1;281;135;18;10;7;77;13;4;1;1;1;1;0;3;0;0;0;10;
09673149;Markt Oberelsbach;247;096731490002;STIMMBEZIRK;Stimmbezirk Unterelsbach;0002;;;N;414;226;188;0;180;179;1;1;0;11;169;93;12;11;8;23;12;1;9;3;177;76;9;13;5;55;8;7;2;0;2;0;0;0;0;0;0;0;
09673149;Markt Oberelsbach;247;096731490003;STIMMBEZIRK;Stimmbezirk Weisbach;0003;;;N;370;182;188;0;154;154;0;0;0;3;151;93;12;5;8;25;5;1;2;1;153;75;10;5;8;32;13;8;0;0;0;0;0;1;0;0;0;1;
09673149;Markt Oberelsbach;247;096731490004;STIMMBEZIRK;Stimmbezirk Ginolfs;0004;;;N;266;164;102;0;148;148;0;0;0;5;143;102;10;6;7;7;8;2;1;1;147;84;7;6;3;34;3;7;0;0;1;1;0;1;0;0;0;0;
09673149;Markt Oberelsbach;247;096731490005;STIMMBEZIRK;Stimmbezirk Sondernau;0005;;;N;220;149;71;0;131;130;1;1;0;10;121;70;4;4;1;24;9;2;7;0;131;53;4;8;1;41;9;9;0;0;0;1;0;0;0;1;1;3;
09673149;Markt Oberelsbach;247;096731490011;BRIEFWAHLBEZIRK;Stimmbezirk Briefwahl 11;0011;;;N;0;0;0;0;513;0;513;0;0;7;506;292;41;23;21;69;31;8;21;0;513;252;29;24;17;111;35;23;0;2;1;3;0;2;0;0;1;13;
09673149;Markt Oberelsbach;247;096731490012;BRIEFWAHLBEZIRK;Stimmbezirk Briefwahl 12;0012;;;N;0;0;0;0;467;0;467;0;0;15;452;267;52;37;8;56;18;3;11;2;465;229;37;46;17;69;31;14;2;2;1;1;0;1;0;0;1;14;
09673162;Gemeinde Sandberg;247;09673162;GEMEINDE;Gemeinde Sandberg;;;;N;1938;909;1029;0;1743;754;989;1;0;67;1676;1042;150;65;45;194;105;13;62;5;1738;879;101;71;48;400;59;81;8;8;5;6;5;6;1;0;2;58;
09673162;Gemeinde Sandberg;247;096731620001;STIMMBEZIRK;Sandberg Urne;0001;;;N;662;279;383;0;214;214;0;0;0;14;200;108;18;11;4;28;22;0;9;2;212;89;10;10;3;63;5;17;4;1;1;0;0;1;1;0;1;6;
09673162;Gemeinde Sandberg;247;096731620002;STIMMBEZIRK;Langenleiten Urne;0002;;;N;508;246;262;0;208;207;1;1;0;10;198;113;13;5;12;28;17;4;6;1;207;96;11;4;11;51;12;8;1;0;1;3;0;1;0;0;0;8;
09673162;Gemeinde Sandberg;247;096731620003;STIMMBEZIRK;Schmalwasser Urne;0003;;;N;331;161;170;0;141;141;0;0;0;11;130;71;23;12;4;9;5;0;6;0;141;64;9;16;4;29;3;8;0;0;0;0;0;0;0;0;1;7;
09673162;Gemeinde Sandberg;247;096731620004;STIMMBEZIRK;Waldberg Urne;0004;;;N;437;223;214;0;192;192;0;0;0;4;188;111;10;4;12;29;11;0;11;1;191;87;8;6;12;61;5;5;1;0;0;1;0;0;0;0;0;5;
09673162;Gemeinde Sandberg;247;096731620011;BRIEFWAHLBEZIRK;Briefwahlbezirk 1;0011;;;N;0;0;0;0;365;0;365;0;0;16;349;230;40;11;7;35;11;4;11;0;365;195;29;15;9;73;11;12;1;2;1;1;5;2;0;0;0;9;
09673162;Gemeinde Sandberg;247;096731620012;BRIEFWAHLBEZIRK;Briefwahlbezirk 2;0012;;;N;0;0;0;0;251;0;251;0;0;6;245;168;10;10;2;32;13;2;8;1;250;135;6;11;5;53;11;7;1;1;1;1;0;2;0;0;0;16;
09673162;Gemeinde Sandberg;247;096731620013;BRIEFWAHLBEZIRK;Briefwahlbezirk 3;0013;;;N;0;0;0;0;372;0;372;0;0;6;366;241;36;12;4;33;26;3;11;0;372;213;28;9;4;70;12;24;0;4;1;0;0;0;0;0;0;7;
;;247;096735633;VERBANDSGEMEINDE;Verwaltungsgemeinschaft Mellrichstadt;;;;N;8803;4516;4287;0;7620;3470;4150;8;0;332;7288;3856;925;423;361;1018;377;65;263;23;7597;3276;654;532;314;1649;378;364;34;70;35;18;12;44;4;2;13;198;
09673116;Gemeinde Bastheim;247;09673116;GEMEINDE;Gemeinde Bastheim;;;;N;1646;736;910;0;1405;528;877;1;0;57;1348;728;151;101;64;178;73;9;44;5;1400;632;103;126;46;273;76;75;6;14;4;3;3;5;2;1;0;31;
09673116;Gemeinde Bastheim;247;096731160501;STIMMBEZIRK;Stimmbezirk 0501 - Bastheim;0501;;;N;1171;524;647;0;346;345;1;1;0;23;323;161;33;27;16;51;17;2;16;3;343;141;18;34;7;101;14;15;1;3;0;1;0;0;1;0;0;7;
09673116;Gemeinde Bastheim;247;096731160502;STIMMBEZIRK;Stimmbezirk 0502 - Reyersbach;0502;;;N;475;212;263;0;183;183;0;0;0;10;173;83;19;11;4;26;19;1;10;0;183;70;12;15;9;46;6;17;0;2;1;0;0;0;0;0;0;5;
09673116;Gemeinde Bastheim;247;096731160511;BRIEFWAHLBEZIRK;Stimmbezirk 0511 - Briefwahl Bastheim I;0511;;;N;0;0;0;0;484;0;484;0;0;15;469;266;50;38;23;64;17;2;9;1;483;235;35;47;15;66;37;23;4;3;2;1;1;3;0;0;0;11;
09673116;Gemeinde Bastheim;247;096731160512;BRIEFWAHLBEZIRK;Stimmbezirk 0512 - Briefwahl Bastheim II;0512;;;N;0;0;0;0;392;0;392;0;0;9;383;218;49;25;21;37;20;4;9;1;391;186;38;30;15;60;19;20;1;6;1;1;2;2;1;1;0;8;
09673130;Gemeinde Hendungen;247;09673130;GEMEINDE;Gemeinde Hendungen;;;;N;713;379;334;0;632;309;323;2;0;23;609;340;73;32;18;94;27;4;21;1;631;286;60;40;13;143;28;31;2;2;2;0;4;5;0;0;2;13;
09673130;Gemeinde Hendungen;247;096731300201;STIMMBEZIRK;Stimmbezirk 0201 - Hendungen;0201;;;N;545;291;254;0;237;235;2;2;0;7;230;126;33;11;5;28;17;2;8;1;236;109;29;11;4;51;8;17;0;1;1;0;0;3;0;0;1;1;
09673130;Gemeinde Hendungen;247;096731300202;STIMMBEZIRK;Stimmbezirk 0202 - Rappershausen;0202;;;N;168;88;80;0;74;74;0;0;0;6;68;43;1;4;0;15;0;0;5;0;74;31;1;4;1;30;4;0;1;0;0;0;1;0;0;0;0;1;
09673130;Gemeinde Hendungen;247;096731300211;BRIEFWAHLBEZIRK;Stimmbezirk 0211 - Briefwahl Hendungen;0211;;;N;0;0;0;0;321;0;321;0;0;10;311;171;39;17;13;51;10;2;8;0;321;146;30;25;8;62;16;14;1;1;1;0;3;2;0;0;1;11;
09673142;Stadt Mellrichstadt;247;09673142;GEMEINDE;Stadt Mellrichstadt;;;;N;4357;2306;2051;0;3725;1738;1987;4;0;149;3576;1848;484;190;179;528;185;34;128;12;3713;1556;330;258;165;819;191;169;19;39;22;11;4;23;2;1;8;96;
09673142;Stadt Mellrichstadt;247;096731420101;STIMMBEZIRK;Stimmbezirk 0101 - Markthalle;0101;;;N;791;402;389;0;285;284;1;1;0;15;270;141;34;14;14;35;15;7;10;0;285;120;26;22;8;74;13;11;0;4;1;2;0;0;0;0;1;3;
09673142;Stadt Mellrichstadt;247;096731420102;STIMMBEZIRK;Stimmbezirk 0102 - Realschule;0102;;;N;808;396;412;0;297;297;0;0;0;21;276;128;33;9;16;53;23;3;11;2;295;111;17;18;13;95;9;14;1;0;2;1;0;3;0;0;1;10;
09673142;Stadt Mellrichstadt;247;096731420103;STIMMBEZIRK;Stimmbezirk 0103 - Franziska-Streitel-Altenheim;0103;;;N;801;394;407;0;290;290;0;0;0;9;281;122;45;23;18;37;16;4;16;0;290;95;32;33;16;70;16;14;0;1;2;1;0;3;1;0;1;5;
09673142;Stadt Mellrichstadt;247;096731420104;STIMMBEZIRK;Stimmbezirk 0104 - ev. Kindergarten;0104;;;N;848;482;366;0;322;321;1;1;0;31;291;113;45;12;22;49;25;7;18;3;319;92;21;17;13;121;10;23;2;3;1;1;0;4;0;0;0;11;
09673142;Stadt Mellrichstadt;247;096731420105;STIMMBEZIRK;Stimmbezirk 0105 - Eußenhausen;0105;;;N;305;172;133;0;154;152;2;2;0;8;146;102;21;1;3;14;3;0;2;1;153;76;11;5;4;41;8;7;0;0;1;0;0;0;0;0;0;0;
09673142;Stadt Mellrichstadt;247;096731420106;STIMMBEZIRK;Stimmbezirk 0106 - Frickenhausen;0106;;;N;319;160;159;0;135;135;0;0;0;0;135;66;7;7;9;28;13;1;4;0;135;57;4;8;5;38;6;7;1;3;0;1;0;0;0;1;0;4;
09673142;Stadt Mellrichstadt;247;096731420107;STIMMBEZIRK;Stimmbezirk 0107 - Mühlfeld;0107;;;N;270;152;118;0;126;126;0;0;0;6;120;67;20;7;3;15;5;0;3;1;125;53;14;7;2;26;7;1;1;4;0;0;0;1;0;0;0;9;
09673142;Stadt Mellrichstadt;247;096731420108;STIMMBEZIRK;Stimmbezirk 0108 - Sondheim;0108;;;N;215;148;67;0;133;133;0;0;0;9;124;74;6;5;11;25;1;0;2;0;133;54;6;6;9;43;7;4;1;1;0;0;0;0;0;0;0;2;
09673142;Stadt Mellrichstadt;247;096731420111;BRIEFWAHLBEZIRK;Stimmbezirk 0111 - Briefwahl MET I;0111;;;N;0;0;0;0;480;0;480;0;0;5;475;253;57;33;14;73;22;3;20;0;480;212;33;41;23;75;22;27;5;12;7;0;2;9;0;0;0;12;
09673142;Stadt Mellrichstadt;247;096731420112;BRIEFWAHLBEZIRK;Stimmbezirk 0112 - Briefwahl MET II;0112;;;N;0;0;0;0;485;0;485;0;0;18;467;247;60;25;18;75;21;3;18;2;483;203;43;37;18;95;39;17;7;4;1;2;1;0;1;0;2;13;
09673142;Stadt Mellrichstadt;247;096731420113;BRIEFWAHLBEZIRK;Stimmbezirk 0113 - Briefwahl MET III;0113;;;N;0;0;0;0;479;0;479;0;0;10;469;248;86;24;22;60;13;2;14;2;477;243;71;28;19;52;25;15;0;3;3;2;0;2;0;0;2;12;
09673142;Stadt Mellrichstadt;247;096731420114;BRIEFWAHLBEZIRK;Stimmbezirk 0114 - Briefwahl MET IV;0114;;;N;0;0;0;0;539;0;539;0;0;17;522;287;70;30;29;64;28;4;10;1;538;240;52;36;35;89;29;29;1;4;4;1;1;1;0;0;1;15;
09673151;Gemeinde Oberstreu;247;09673151;GEMEINDE;Gemeinde Oberstreu;;;;N;1229;633;596;0;1108;528;580;1;0;70;1038;587;119;63;52;121;43;10;43;3;1105;503;91;66;47;235;53;40;5;6;5;3;1;7;0;0;3;40;
09673151;Gemeinde Oberstreu;247;096731510301;STIMMBEZIRK;Stimmbezirk 0301 - Oberstreu;0301;;;N;783;383;400;0;321;321;0;0;0;32;289;150;36;20;19;38;7;2;17;0;321;128;26;18;18;89;19;9;0;2;0;0;0;3;0;0;1;8;
09673151;Gemeinde Oberstreu;247;096731510302;STIMMBEZIRK;Stimmbezirk 0302 - Mittelstreu;0302;;;N;446;250;196;0;208;207;1;1;0;13;195;112;16;12;10;23;9;1;12;1;207;95;13;14;8;56;7;6;1;1;1;1;1;0;0;0;0;3;
09673151;Gemeinde Oberstreu;247;096731510311;BRIEFWAHLBEZIRK;Stimmbezirk 0311 - Briefwahl Oberstreu;0311;;;N;0;0;0;0;579;0;579;0;0;25;554;325;67;31;23;60;27;7;14;2;577;280;52;34;21;90;27;25;4;3;4;2;0;4;0;0;2;29;
09673170;Gemeinde Stockheim;247;09673170;GEMEINDE;Gemeinde Stockheim;;;;N;858;462;396;0;750;367;383;0;0;33;717;353;98;37;48;97;49;8;27;2;748;299;70;42;43;179;30;49;2;9;2;1;0;4;0;0;0;18;
09673170;Gemeinde Stockheim;247;096731700401;STIMMBEZIRK;Stimmbezirk 0401 - Alte Schule;0401;;;N;858;462;396;0;367;367;0;0;0;21;346;157;47;18;21;45;32;6;20;0;367;125;31;23;21;117;11;25;1;3;0;0;0;4;0;0;0;6;
09673170;Gemeinde Stockheim;247;096731700411;BRIEFWAHLBEZIRK;Stimmbezirk 0411 - Briefwahl Stockheim;0411;;;N;0;0;0;0;383;0;383;0;0;12;371;196;51;19;27;52;17;2;7;2;381;174;39;19;22;62;19;24;1;6;2;1;0;0;0;0;0;12;
;;247;096735634;VERBANDSGEMEINDE;Verwaltungsgemeinschaft Bad Königshofen i.Grabfeld;;;;N;5809;3287;2522;0;5199;2759;2440;7;0;198;5001;2457;521;192;275;1104;214;55;183;31;5168;2222;423;278;186;1218;348;188;29;30;21;13;7;25;2;2;4;172;
09673113;Gemeinde Aubstadt;247;09673113;GEMEINDE;Gemeinde Aubstadt;;;;N;632;286;346;0;561;225;336;2;0;34;527;287;50;8;32;107;17;3;23;3;558;258;41;15;22;137;36;14;2;3;1;0;1;1;0;1;1;25;
09673113;Gemeinde Aubstadt;247;096731130101;STIMMBEZIRK;Stimmbezirk Aubstadt;0101;;;N;632;286;346;0;227;225;2;2;0;17;210;109;16;4;16;43;8;2;12;3;224;97;8;6;10;75;9;5;0;0;0;0;1;0;0;0;1;12;
09673113;Gemeinde Aubstadt;247;096731130111;BRIEFWAHLBEZIRK;Briefwahl Aubstadt;0111;;;N;0;0;0;0;334;0;334;0;0;17;317;178;34;4;16;64;9;1;11;0;334;161;33;9;12;62;27;9;2;3;1;0;0;1;0;1;0;13;
09673126;Gemeinde Großbardorf;247;09673126;GEMEINDE;Gemeinde Großbardorf;;;;N;743;359;384;0;681;312;369;0;0;13;668;332;75;43;27;132;39;7;13;2;679;317;55;60;18;117;40;30;5;2;7;2;1;4;0;0;1;20;
09673126;Gemeinde Großbardorf;247;096731260201;STIMMBEZIRK;Stimmbezirk Großbardorf;0201;;;N;743;359;384;0;312;312;0;0;0;6;306;148;36;28;15;48;20;3;8;0;312;122;22;37;14;70;12;17;2;0;2;0;0;2;0;0;1;11;
09673126;Gemeinde Großbardorf;247;096731260211;BRIEFWAHLBEZIRK;Briefwahl Großbardorf;0211;;;N;0;0;0;0;369;0;369;0;0;7;362;184;39;15;12;84;19;4;5;2;367;195;33;23;4;47;28;13;3;2;5;2;1;2;0;0;0;9;
09673131;Gemeinde Herbstadt;247;09673131;GEMEINDE;Gemeinde Herbstadt;;;;N;487;255;232;0;429;202;227;0;0;15;414;191;44;10;19;115;11;6;18;1;428;172;30;15;11;125;39;9;2;4;5;1;0;2;0;0;0;13;
09673131;Gemeinde Herbstadt;247;096731310301;STIMMBEZIRK;Stimmbezirk Herbstadt mit Ottelmannshausen;0301;;;N;351;163;188;0;128;128;0;0;0;7;121;50;15;2;5;36;6;1;6;1;127;45;13;2;1;44;7;5;1;3;2;0;0;0;0;0;0;4;
09673131;Gemeinde Herbstadt;247;096731310302;STIMMBEZIRK;Stimmbezirk Breitensee;0302;;;N;136;92;44;0;74;74;0;0;0;5;69;30;8;1;5;20;0;2;3;0;74;26;2;2;4;27;11;0;0;0;0;0;0;0;0;0;0;2;
09673131;Gemeinde Herbstadt;247;096731310311;BRIEFWAHLBEZIRK;Briefwahl Herbstadt;0311;;;N;0;0;0;0;227;0;227;0;0;3;224;111;21;7;9;59;5;3;9;0;227;101;15;11;6;54;21;4;1;1;3;1;0;2;0;0;0;7;
09673134;Gemeinde Höchheim;247;09673134;GEMEINDE;Gemeinde Höchheim;;;;N;862;588;274;0;778;506;272;2;0;29;749;351;91;28;65;136;43;9;26;5;773;291;73;41;40;184;50;48;2;4;3;1;3;6;1;0;0;26;
09673134;Gemeinde Höchheim;247;096731340401;STIMMBEZIRK;Stimmbezirk Höchheim;0401;;;N;281;174;107;0;134;134;0;0;0;3;131;62;18;3;11;24;9;3;1;1;133;53;11;9;8;29;7;8;1;0;0;0;0;3;0;0;0;4;
09673134;Gemeinde Höchheim;247;096731340402;STIMMBEZIRK;Stimmbezirk Irmelshausen;0402;;;N;336;231;105;0;212;210;2;2;0;9;203;85;28;8;25;27;11;6;13;3;209;69;23;9;13;59;10;16;1;0;0;1;3;0;0;0;0;5;
09673134;Gemeinde Höchheim;247;096731340403;STIMMBEZIRK;Stimmbezirk Gollmuthhausen;0403;;;N;145;99;46;0;86;86;0;0;0;4;82;50;1;2;3;13;5;0;8;0;86;38;3;1;2;26;2;5;0;1;2;0;0;0;1;0;0;5;
09673134;Gemeinde Höchheim;247;096731340404;STIMMBEZIRK;Stimmbezirk Rothausen;0404;;;N;100;84;16;0;76;76;0;0;0;5;71;34;11;4;1;17;4;0;0;1;75;29;3;5;1;19;7;8;0;0;0;0;0;0;0;0;0;3;
09673134;Gemeinde Höchheim;247;096731340411;BRIEFWAHLBEZIRK;Briefwahl Höchheim;0411;;;N;0;0;0;0;270;0;270;0;0;8;262;120;33;11;25;55;14;0;4;0;270;102;33;17;16;51;24;11;0;3;1;0;0;3;0;0;0;9;
09673172;Gemeinde Sulzdorf a.d.Lederhecke;247;09673172;GEMEINDE;Gemeinde Sulzdorf a.d.Lederhecke;;;;N;942;585;357;0;834;490;344;1;0;39;795;347;91;36;38;192;37;7;47;5;829;314;93;49;40;186;51;35;10;6;1;1;0;3;0;0;0;40;
09673172;Gemeinde Sulzdorf a.d.Lederhecke;247;096731720501;STIMMBEZIRK;Stimmbezirk Sulzdorf a. d. L. mit Schwanhausen;0501;;;N;392;257;135;0;217;217;0;0;0;13;204;98;22;7;11;43;8;3;12;0;217;85;25;6;11;58;15;6;2;1;0;0;0;0;0;0;0;8;
09673172;Gemeinde Sulzdorf a.d.Lederhecke;247;096731720502;STIMMBEZIRK;Stimmbezirk Obereßfeld;0502;;;N;170;92;78;0;80;80;0;0;0;4;76;33;7;1;4;20;0;1;10;1;79;30;10;5;6;17;2;1;3;0;0;0;0;0;0;0;0;5;
09673172;Gemeinde Sulzdorf a.d.Lederhecke;247;096731720503;STIMMBEZIRK;Stimmbezirk Zimmerau mit Sternberg;0503;;;N;261;143;118;0;114;113;1;1;0;11;103;29;14;7;5;28;11;2;7;1;113;26;11;9;5;35;6;8;2;2;1;0;0;0;0;0;0;8;
09673172;Gemeinde Sulzdorf a.d.Lederhecke;247;096731720504;STIMMBEZIRK;Stimmbezirk Serrfeld;0504;;;N;119;93;26;0;80;80;0;0;0;2;78;35;12;7;7;13;2;0;2;0;80;25;17;8;6;14;2;1;2;0;0;1;0;1;0;0;0;3;
09673172;Gemeinde Sulzdorf a.d.Lederhecke;247;096731720511;BRIEFWAHLBEZIRK;Briefwahl Sulzdorf a. d. L.;0511;;;N;0;0;0;0;343;0;343;0;0;9;334;152;36;14;11;88;16;1;16;3;340;148;30;21;12;62;26;19;1;3;0;0;0;2;0;0;0;16;
09673173;Gemeinde Sulzfeld;247;09673173;GEMEINDE;Gemeinde Sulzfeld;;;;N;1384;812;572;0;1226;682;544;0;0;42;1184;617;104;52;61;252;42;18;38;13;1213;568;81;69;38;295;73;28;6;6;3;8;1;8;1;0;1;27;
09673173;Gemeinde Sulzfeld;247;096731730601;STIMMBEZIRK;Stimmbezirk Sulzfeld;0601;;;N;941;484;457;0;392;392;0;0;0;22;370;166;38;10;23;87;21;4;21;4;388;149;29;15;14;132;21;8;3;4;0;2;0;4;0;0;0;7;
09673173;Gemeinde Sulzfeld;247;096731730602;STIMMBEZIRK;Stimmbezirk Kleinbardorf;0602;;;N;264;186;78;0;166;166;0;0;0;0;166;100;15;6;9;24;5;3;4;3;163;93;9;9;6;25;6;4;0;0;2;2;0;2;1;0;0;4;
09673173;Gemeinde Sulzfeld;247;096731730603;STIMMBEZIRK;Stimmbezirk Leinach;0603;;;N;179;142;37;0;124;124;0;0;0;7;117;57;8;8;3;35;4;2;0;2;122;46;11;7;3;36;10;3;2;0;0;1;0;0;0;0;0;3;
09673173;Gemeinde Sulzfeld;247;096731730611;BRIEFWAHLBEZIRK;Briefwahl Sulzfeld;0611;;;N;0;0;0;0;544;0;544;0;0;13;531;294;43;28;26;106;12;9;13;4;540;280;32;38;15;102;36;13;1;2;1;3;1;2;0;0;1;13;
09673174;Markt Trappstadt;247;09673174;GEMEINDE;Markt Trappstadt;;;;N;759;402;357;0;690;342;348;2;0;26;664;332;66;15;33;170;25;5;18;2;688;302;50;29;17;174;59;24;2;5;1;0;1;1;0;1;1;21;
09673174;Markt Trappstadt;247;096731740701;STIMMBEZIRK;Stimmbezirk Trappstadt;0701;;;N;406;245;161;0;212;212;0;0;0;9;203;117;16;2;11;44;7;0;6;1;211;102;12;2;9;50;16;8;1;2;1;0;0;0;0;0;1;7;
09673174;Markt Trappstadt;247;096731740702;STIMMBEZIRK;Stimmbezirk Alsleben;0702;;;N;353;157;196;0;132;130;2;2;0;10;122;60;12;4;5;26;5;5;5;1;131;50;5;7;1;51;6;4;0;1;0;0;0;0;0;1;0;5;
09673174;Markt Trappstadt;247;096731740711;BRIEFWAHLBEZIRK;Briefwahl Trappstadt;0711;;;N;0;0;0;0;346;0;346;0;0;7;339;155;38;9;17;100;13;0;7;0;346;150;33;20;7;73;37;12;1;2;0;0;1;1;0;0;0;9;
;;247;096735635;VERBANDSGEMEINDE;Verwaltungsgemeinschaft Bad Neustadt a.d.Saale;;;;N;9788;5082;4706;0;8503;3998;4505;8;0;375;8128;4336;1005;470;362;1098;489;70;298;28;8475;3665;649;644;299;2000;370;401;26;57;25;20;4;27;7;2;11;268;
09673135;Gemeinde Hohenroth;247;09673135;GEMEINDE;Gemeinde Hohenroth;;;;N;2798;1483;1315;0;2421;1162;1259;1;0;104;2317;1199;297;125;108;333;158;25;72;9;2412;984;200;167;100;591;112;117;10;18;9;7;2;9;4;0;2;80;
09673135;Gemeinde Hohenroth;247;096731350201;STIMMBEZIRK;Hohenroth Edmund-Grom-Schule;0201;;;N;1761;969;792;0;757;756;1;1;0;57;700;315;79;30;34;122;66;14;40;6;751;233;47;38;30;285;21;40;5;8;2;5;0;2;1;0;0;34;
09673135;Gemeinde Hohenroth;247;096731350202;STIMMBEZIRK;Hohenroth Leutershausen Urbanussaal;0202;;;N;524;258;266;0;214;214;0;0;0;3;211;124;19;13;15;27;10;0;3;1;213;97;18;15;19;43;10;7;0;0;0;0;0;1;0;0;0;3;
09673135;Gemeinde Hohenroth;247;096731350203;STIMMBEZIRK;Hohenroth Windshausen Gemeinschaftshaus;0203;;;N;513;256;257;0;192;192;0;0;0;13;179;89;13;8;7;32;16;3;11;1;191;56;9;12;4;75;13;11;1;1;0;0;0;2;0;0;1;6;
09673135;Gemeinde Hohenroth;247;096731350211;BRIEFWAHLBEZIRK;Hohenroth Briefwahl 1;0211;;;N;0;0;0;0;757;0;757;0;0;20;737;397;126;50;24;85;43;4;8;1;756;350;90;67;19;113;40;38;1;3;5;2;2;3;1;0;1;21;
09673135;Gemeinde Hohenroth;247;096731350212;BRIEFWAHLBEZIRK;Hohenroth Briefwahl 2;0212;;;N;0;0;0;0;501;0;501;0;0;11;490;274;60;24;28;67;23;4;10;0;501;248;36;35;28;75;28;21;3;6;2;0;0;1;2;0;0;16;
09673146;Gemeinde Niederlauer;247;09673146;GEMEINDE;Gemeinde Niederlauer;;;;N;1300;684;616;0;1070;491;579;0;0;45;1025;539;124;51;47;159;68;4;33;3;1067;465;79;68;36;260;40;56;3;5;3;1;0;3;0;0;0;48;
09673146;Gemeinde Niederlauer;247;096731460301;STIMMBEZIRK;Niederlauer Bürgerhaus;0301;;;N;848;459;389;0;328;328;0;0;0;19;309;131;40;21;21;50;28;1;17;0;328;109;26;22;14;111;7;17;1;2;2;1;0;1;0;0;0;15;
09673146;Gemeinde Niederlauer;247;096731460302;STIMMBEZIRK;Niederlauer Oberebersbach/Unterebersbach Gemeinschaftshaus Oberebersbach;0302;;;N;452;225;227;0;163;163;0;0;0;8;155;93;16;7;8;23;6;0;2;0;163;87;6;9;6;41;5;7;0;0;0;0;0;0;0;0;0;2;
09673146;Gemeinde Niederlauer;247;096731460311;BRIEFWAHLBEZIRK;Niederlauer Briefwahl;0311;;;N;0;0;0;0;579;0;579;0;0;18;561;315;68;23;18;86;34;3;14;3;576;269;47;37;16;108;28;32;2;3;1;0;0;2;0;0;0;31;
09673156;Gemeinde Rödelmaier;247;09673156;GEMEINDE;Gemeinde Rödelmaier;;;;N;763;453;310;0;651;359;292;1;0;37;614;281;91;35;33;110;30;5;29;4;647;228;68;44;27;194;25;26;2;7;1;2;0;1;0;0;4;18;
09673156;Gemeinde Rödelmaier;247;096731560401;STIMMBEZIRK;Rödelmaier Rathaus;0401;;;N;763;453;310;0;360;359;1;1;0;20;340;149;33;14;24;70;25;3;22;3;357;109;27;16;18;152;4;12;0;3;1;1;0;0;0;0;3;11;
09673156;Gemeinde Rödelmaier;247;096731560411;BRIEFWAHLBEZIRK;Rödelmaier Briefwahl;0411;;;N;0;0;0;0;291;0;291;0;0;17;274;132;58;21;9;40;5;2;7;1;290;119;41;28;9;42;21;14;2;4;0;1;0;1;0;0;1;7;
09673161;Gemeinde Salz;247;09673161;GEMEINDE;Gemeinde Salz;;;;N;1785;954;831;0;1571;773;798;0;0;58;1513;786;230;115;81;148;89;20;44;4;1567;674;132;172;66;310;49;78;1;17;5;3;0;8;2;1;1;48;
09673161;Gemeinde Salz;247;096731610501;STIMMBEZIRK;Salz Gemeindezentrum;0501;;;N;1785;954;831;0;773;773;0;0;0;32;741;359;113;62;51;68;53;9;26;2;771;299;67;88;38;186;14;41;1;2;2;1;0;5;1;1;1;24;
09673161;Gemeinde Salz;247;096731610511;BRIEFWAHLBEZIRK;Salz Briefwahl;0511;;;N;0;0;0;0;798;0;798;0;0;26;772;427;117;53;30;80;36;11;18;2;796;375;65;84;28;124;35;37;0;15;3;2;0;3;1;0;0;24;
09673163;Gemeinde Schönau a.d.Brend;247;09673163;GEMEINDE;Gemeinde Schönau a.d.Brend;;;;N;957;430;527;0;869;353;516;0;0;38;831;479;82;73;26;102;34;8;27;2;867;411;60;85;28;158;50;39;1;5;4;2;1;5;0;0;2;16;
09673163;Gemeinde Schönau a.d.Brend;247;096731630601;STIMMBEZIRK;Schönau a.d.Brend Rathaus;0601;;;N;602;275;327;0;219;219;0;0;0;14;205;101;16;20;12;30;13;2;11;1;218;83;13;23;9;63;9;11;0;1;3;0;1;0;0;0;0;2;
09673163;Gemeinde Schönau a.d.Brend;247;096731630602;STIMMBEZIRK;Schönau a.d.Brend Burgwallbach Gemeindehaus;0602;;;N;355;155;200;0;134;134;0;0;0;11;123;71;12;13;6;7;7;3;4;0;134;56;8;18;5;30;6;6;1;1;0;1;0;1;0;0;0;1;
09673163;Gemeinde Schönau a.d.Brend;247;096731630611;BRIEFWAHLBEZIRK;Schönau a.d.Brend Briefwahl;0611;;;N;0;0;0;0;516;0;516;0;0;13;503;307;54;40;8;65;14;3;12;1;515;272;39;44;14;65;35;22;0;3;1;1;0;4;0;0;2;13;
09673171;Gemeinde Strahlungen;247;09673171;GEMEINDE;Gemeinde Strahlungen;;;;N;782;388;394;0;709;328;381;4;0;33;676;428;61;21;30;90;22;4;20;3;706;350;37;41;23;173;33;21;2;1;1;2;1;1;0;0;0;20;
09673171;Gemeinde Strahlungen;247;096731710701;STIMMBEZIRK;Strahlungen Rathaus;0701;;;N;782;388;394;0;332;328;4;4;0;24;308;192;27;9;17;35;11;2;15;1;331;155;14;20;17;97;7;9;1;0;1;1;0;1;0;0;0;8;
09673171;Gemeinde Strahlungen;247;096731710711;BRIEFWAHLBEZIRK;Strahlungen Briefwahl;0711;;;N;0;0;0;0;377;0;377;0;0;9;368;236;34;12;13;55;11;2;5;2;375;195;23;21;6;76;26;12;1;1;0;1;1;0;0;0;0;12;
09673186;Gemeinde Burglauer;247;09673186;GEMEINDE;Gemeinde Burglauer;;;;N;1403;690;713;0;1212;532;680;2;0;60;1152;624;120;50;37;156;88;4;73;3;1209;553;73;67;19;314;61;64;7;4;2;3;0;0;1;1;2;38;
09673186;Gemeinde Burglauer;247;096731860101;STIMMBEZIRK;Burglauer Rudi-Erhard-Halle;0101;;;N;1403;690;713;0;534;532;2;2;0;38;496;240;40;25;24;67;48;2;50;3;531;206;21;33;7;197;11;33;2;2;1;2;0;0;0;0;0;16;
09673186;Gemeinde Burglauer;247;096731860111;BRIEFWAHLBEZIRK;Burglauer Briefwahl;0111;;;N;0;0;0;0;678;0;678;0;0;22;656;384;80;25;13;89;40;2;23;0;678;347;52;34;12;117;50;31;5;2;1;1;0;0;1;1;2;22;
;;247;096735637;VERBANDSGEMEINDE;Verwaltungsgemeinschaft Fladungen;;;;N;3064;1399;1665;0;2720;1095;1625;2;0;88;2632;1538;305;133;117;317;114;20;88;11;2709;1303;211;179;101;528;175;102;2;9;6;7;5;5;2;2;7;65;
09673123;Stadt Fladungen;247;09673123;GEMEINDE;Stadt Fladungen;;;;N;1677;695;982;0;1519;552;967;1;0;51;1468;861;176;90;62;161;70;11;37;7;1512;741;119;113;56;243;108;65;0;7;3;6;4;4;1;2;3;37;
09673123;Stadt Fladungen;247;096731230101;STIMMBEZIRK;Urnenwahl Fladungen;0101;;;N;1677;695;982;0;553;552;1;1;0;24;529;294;55;48;24;53;34;4;17;4;549;256;38;59;18;121;15;29;0;0;0;2;0;3;1;0;2;5;
09673123;Stadt Fladungen;247;096731230121;BRIEFWAHLBEZIRK;Briefwahl Fladungen 1;0121;;;N;0;0;0;0;472;0;472;0;0;10;462;286;73;23;13;38;17;4;8;1;471;256;38;35;21;46;26;20;0;2;3;2;0;1;0;2;0;19;
09673123;Stadt Fladungen;247;0976131230122;BRIEFWAHLBEZIRK;Briefwahl Fladungen 2;0122;;;N;0;0;0;0;494;0;494;0;0;17;477;281;48;19;25;70;19;3;12;2;492;229;43;19;17;76;67;16;0;5;0;2;4;0;0;0;1;13;
09673129;Gemeinde Hausen i.d.Rhön;247;09673129;GEMEINDE;Gemeinde Hausen i.d.Rhön;;;;N;532;251;281;0;449;182;267;1;0;13;436;276;39;10;20;63;12;4;12;0;449;225;29;16;20;97;32;14;1;0;1;1;1;0;1;0;1;10;
09673129;Gemeinde Hausen i.d.Rhön;247;096731290201;STIMMBEZIRK;Urnenwahl Hausen;0201;;;N;532;251;281;0;183;182;1;1;0;7;176;106;14;5;11;28;1;3;8;0;183;89;13;7;7;47;13;3;1;0;0;1;0;0;1;0;1;0;
09673129;Gemeinde Hausen i.d.Rhön;247;096731290221;BRIEFWAHLBEZIRK;Briefwahl Hausen;0221;;;N;0;0;0;0;266;0;266;0;0;6;260;170;25;5;9;35;11;1;4;0;266;136;16;9;13;50;19;11;0;0;1;0;1;0;0;0;0;10;
09673147;Gemeinde Nordheim v.d.Rhön;247;09673147;GEMEINDE;Gemeinde Nordheim v.d.Rhön;;;;N;855;453;402;0;752;361;391;0;0;24;728;401;90;33;35;93;32;5;39;4;748;337;63;50;25;188;35;23;1;2;2;0;0;1;0;0;3;18;
09673147;Gemeinde Nordheim v.d.Rhön;247;096731470301;STIMMBEZIRK;Urnenwahl Nordheim v.d.Rhön;0301;;;N;855;453;402;0;361;361;0;0;0;14;347;182;34;15;22;39;24;3;28;3;358;139;19;23;13;117;14;17;1;1;1;0;0;1;0;0;2;10;
09673147;Gemeinde Nordheim v.d.Rhön;247;096731470321;BRIEFWAHLBEZIRK;Briefwahl Nordheim v.d.Rhön;0321;;;N;0;0;0;0;391;0;391;0;0;10;381;219;56;18;13;54;8;2;11;1;390;198;44;27;12;71;21;6;0;1;1;0;0;0;0;0;1;8;
;;247;096735638;VERBANDSGEMEINDE;Verwaltungsgemeinschaft Heustreu;;;;N;4160;1814;2346;0;3713;1446;2267;11;0;114;3599;1832;448;319;150;471;220;37;122;14;3699;1650;314;381;123;665;166;214;9;24;21;9;4;15;0;2;3;99;
09673133;Gemeinde Heustreu;247;09673133;GEMEINDE;Gemeinde Heustreu;;;;N;1060;407;653;0;964;331;633;4;0;28;936;488;123;80;47;109;61;7;21;5;959;450;95;81;35;167;30;56;1;8;2;0;0;6;0;0;0;28;
09673133;Gemeinde Heustreu;247;096731330101;STIMMBEZIRK;Heustreu Festhalle;0101;;;N;1060;407;653;0;335;331;4;4;0;17;318;140;29;30;21;51;36;2;9;3;332;112;33;29;10;93;9;24;0;4;1;0;0;3;0;0;0;14;
09673133;Gemeinde Heustreu;247;096731330111;BRIEFWAHLBEZIRK;Heustreu Briefwahl;0111;;;N;0;0;0;0;629;0;629;0;0;11;618;348;94;50;26;58;25;5;12;2;627;338;62;52;25;74;21;32;1;4;1;0;0;3;0;0;0;14;
09673136;Gemeinde Hollstadt;247;09673136;GEMEINDE;Gemeinde Hollstadt;;;;N;1194;518;676;0;1058;415;643;6;0;30;1028;517;118;79;39;167;57;14;37;3;1055;474;78;99;38;192;69;59;4;5;6;4;1;1;0;1;1;23;
09673136;Gemeinde Hollstadt;247;096731360201;STIMMBEZIRK;Hollstadt Altes Rathaus;0201;;;N;784;338;446;0;259;259;0;0;0;8;251;121;34;13;8;40;17;2;16;1;258;103;23;16;10;72;11;12;0;0;1;1;1;0;0;1;1;6;
09673136;Gemeinde Hollstadt;247;096731360202;STIMMBEZIRK;Hollstadt Junkers- und Wargolshausen Pfarrheim Wargolshausen;0202;;;N;410;180;230;0;162;156;6;6;0;6;156;68;17;15;7;31;12;3;3;1;161;58;14;19;3;34;13;13;1;1;2;0;0;0;0;0;0;3;
09673136;Gemeinde Hollstadt;247;096731360211;BRIEFWAHLBEZIRK;Hollstadt Briefwahl;0211;;;N;0;0;0;0;428;0;428;0;0;13;415;222;46;32;13;64;18;6;14;0;428;212;27;40;14;65;30;23;3;3;2;1;0;0;0;0;0;8;
09673136;Gemeinde Hollstadt;247;096731360212;BRIEFWAHLBEZIRK;Hollstadt Junkers- und Wargolshausen Briefwahl;0212;;;N;0;0;0;0;209;0;209;0;0;3;206;106;21;19;11;32;10;3;4;1;208;101;14;24;11;21;15;11;0;1;1;2;0;1;0;0;0;6;
09673175;Gemeinde Unsleben;247;09673175;GEMEINDE;Gemeinde Unsleben;;;;N;768;399;369;0;673;312;361;1;0;26;647;304;99;86;19;71;36;4;28;3;670;258;66;104;19;121;22;38;2;8;7;1;3;5;0;1;0;15;
09673175;Gemeinde Unsleben;247;096731750301;STIMMBEZIRK;Unsleben Dorfscheuer;0301;;;N;768;399;369;0;313;312;1;1;0;21;292;124;41;44;9;35;20;1;18;2;311;102;28;51;6;83;5;17;2;4;3;0;1;1;0;1;0;7;
09673175;Gemeinde Unsleben;247;096731750311;BRIEFWAHLBEZIRK;Unsleben Briefwahl;0311;;;N;0;0;0;0;360;0;360;0;0;5;355;180;58;42;10;36;16;3;10;1;359;156;38;53;13;38;17;21;0;4;4;1;2;4;0;0;0;8;
09673183;Gemeinde Wollbach;247;09673183;GEMEINDE;Gemeinde Wollbach;;;;N;1138;490;648;0;1018;388;630;0;0;30;988;523;108;74;45;124;66;12;36;3;1015;468;75;97;31;185;45;61;2;3;6;4;0;3;0;0;2;33;
09673183;Gemeinde Wollbach;247;096731830401;STIMMBEZIRK;Wollbach Rathaus;0401;;;N;1138;490;648;0;388;388;0;0;0;24;364;160;44;32;22;49;37;6;14;2;386;139;33;39;13;105;8;26;2;3;4;0;0;1;0;0;1;12;
09673183;Gemeinde Wollbach;247;096731830411;BRIEFWAHLBEZIRK;Wollbach Briefwahl;0411;;;N;0;0;0;0;630;0;630;0;0;6;624;363;64;42;23;75;29;6;22;1;629;329;42;58;18;80;37;35;0;0;2;4;0;2;0;0;1;21;
;;247;096735639;VERBANDSGEMEINDE;Verwaltungsgemeinschaft Ostheim v.d.Rhön;;;;N;3826;2024;1802;0;3260;1532;1728;6;0;170;3090;1523;451;179;157;435;175;41;129;20;3240;1243;333;249;126;816;165;149;7;23;12;8;2;9;3;0;6;89;
09673153;Stadt Ostheim v.d.Rhön;247;09673153;GEMEINDE;Stadt Ostheim v.d.Rhön;;;;N;2678;1385;1293;0;2277;1038;1239;6;0;108;2169;1076;328;135;109;296;119;30;76;12;2265;904;247;187;83;510;112;106;4;14;12;7;2;8;3;0;4;62;
09673153;Stadt Ostheim v.d.Rhön;247;096731530101;STIMMBEZIRK;Rathaus Ostheim v.d.Rhön;0101;;;N;1214;642;572;0;452;452;0;0;0;36;416;172;61;27;23;61;33;12;27;4;448;118;44;37;17;156;21;31;2;0;3;3;0;3;1;0;2;10;
09673153;Stadt Ostheim v.d.Rhön;247;096731530102;STIMMBEZIRK;Grundschule Ostheim v.d.Rhön;0102;;;N;1148;556;592;0;440;436;4;4;0;26;414;189;73;26;24;53;32;1;16;4;436;152;55;29;16;120;15;26;0;2;4;0;0;1;0;0;0;16;
09673153;Stadt Ostheim v.d.Rhön;247;096731530103;STIMMBEZIRK;Pfarrstadel Urspringen;0103;;;N;316;187;129;0;152;150;2;2;0;5;147;74;11;6;11;24;9;4;8;0;152;56;7;8;7;52;9;3;0;2;0;0;0;0;0;0;0;8;
09673153;Stadt Ostheim v.d.Rhön;247;096731530111;BRIEFWAHLBEZIRK;Ostheim Briefwahl I;0111;;;N;0;0;0;0;559;0;559;0;0;22;537;260;93;46;25;73;22;5;13;0;559;250;55;70;19;82;29;28;0;3;1;3;0;3;1;0;1;14;
09673153;Stadt Ostheim v.d.Rhön;247;096731530112;BRIEFWAHLBEZIRK;Ostheim Briefwahl II;0112;;;N;0;0;0;0;674;0;674;0;0;19;655;381;90;30;26;85;23;8;12;4;670;328;86;43;24;100;38;18;2;7;4;1;2;1;1;0;1;14;
09673167;Gemeinde Sondheim v.d.Rhön;247;09673167;GEMEINDE;Gemeinde Sondheim v.d.Rhön;;;;N;726;433;293;0;621;338;283;0;0;38;583;299;60;27;26;96;34;7;34;6;615;231;45;37;25;183;45;22;2;6;0;1;0;1;0;0;2;15;
09673167;Gemeinde Sondheim v.d.Rhön;247;096731670201;STIMMBEZIRK;Dorfgemeinschaftshaus Sondheim v.d.Rhön;0201;;;N;437;258;179;0;199;199;0;0;0;11;188;112;15;7;12;21;11;1;9;2;197;94;11;8;12;46;12;7;0;2;0;0;0;1;0;0;0;4;
09673167;Gemeinde Sondheim v.d.Rhön;247;096731670202;STIMMBEZIRK;Dorfgemeinschaftshaus Stetten;0202;;;N;289;175;114;0;139;139;0;0;0;13;126;44;12;8;5;34;9;2;12;0;139;30;11;12;2;64;7;4;2;2;0;1;0;0;0;0;0;4;
09673167;Gemeinde Sondheim v.d.Rhön;247;096731670211;BRIEFWAHLBEZIRK;Sondheim v.d.Rhön Briefwahl;0211;;;N;0;0;0;0;283;0;283;0;0;14;269;143;33;12;9;41;14;4;13;4;279;107;23;17;11;73;26;11;0;2;0;0;0;0;0;0;2;7;
09673182;Gemeinde Willmars;247;09673182;GEMEINDE;Gemeinde Willmars;;;;N;422;206;216;0;362;156;206;0;0;24;338;148;63;17;22;43;22;4;19;2;360;108;41;25;18;123;8;21;1;3;0;0;0;0;0;0;0;12;
09673182;Gemeinde Willmars;247;096731820301;STIMMBEZIRK;Rathaus Willmars;0301;;;N;422;206;216;0;156;156;0;0;0;13;143;63;17;5;14;24;12;4;4;1;155;44;10;7;11;63;4;12;0;0;0;0;0;0;0;0;0;4;
09673182;Gemeinde Willmars;247;096731820311;BRIEFWAHLBEZIRK;Willmars Briefwahl;0311;;;N;0;0;0;0;206;0;206;0;0;11;195;85;46;12;8;19;10;0;15;1;205;64;31;18;7;60;4;9;1;3;0;0;0;0;0;0;0;8;
;;247;096735640;VERBANDSGEMEINDE;Verwaltungsgemeinschaft Saal a.d.Saale;;;;N;3367;1603;1764;0;3043;1313;1730;0;0;96;2947;1545;320;153;128;557;131;23;90;10;3033;1429;247;210;110;592;172;144;6;17;7;8;4;13;1;0;3;70;
09673127;Gemeinde Großeibstadt;247;09673127;GEMEINDE;Gemeinde Großeibstadt;;;;N;877;452;425;0;819;395;424;0;0;25;794;408;75;39;36;185;23;2;26;5;814;405;72;46;35;146;52;30;3;2;2;1;2;2;0;0;0;16;
09673127;Gemeinde Großeibstadt;247;096731270101;STIMMBEZIRK;0101 Großeibstadt;0101;;;N;510;257;253;0;226;226;0;0;0;10;216;116;19;13;9;51;5;0;3;1;225;106;23;19;13;37;15;5;1;0;0;0;0;0;0;0;0;6;
09673127;Gemeinde Großeibstadt;247;096731270102;STIMMBEZIRK;0102 Kleineibstadt;0102;;;N;367;195;172;0;169;169;0;0;0;4;165;82;8;12;10;37;5;0;11;1;168;82;9;10;10;39;7;7;0;0;0;0;1;0;0;0;0;3;
09673127;Gemeinde Großeibstadt;247;096731270111;BRIEFWAHLBEZIRK;0111 Briefwahl Großeibstadt;0111;;;N;0;0;0;0;424;0;424;0;0;11;413;210;48;14;17;97;13;2;12;3;421;217;40;17;12;70;30;18;2;2;2;1;1;2;0;0;0;7;
09673160;Markt Saal a.d.Saale;247;09673160;GEMEINDE;Markt Saal a.d.Saale;;;;N;1244;597;647;0;1111;481;630;0;0;30;1081;563;133;59;45;186;63;11;21;3;1108;507;90;96;44;195;51;65;2;9;0;5;2;6;1;0;3;32;
09673160;Markt Saal a.d.Saale;247;096731600201;STIMMBEZIRK;0201 Saal a. d. Saale;0201;;;N;913;392;521;0;308;308;0;0;0;7;301;143;43;21;21;40;23;4;6;1;307;120;30;28;18;56;8;29;1;3;0;0;0;0;0;0;0;14;
09673160;Markt Saal a.d.Saale;247;096731600202;STIMMBEZIRK;0202 Waltershausen;0202;;;N;331;205;126;0;173;173;0;0;0;8;165;93;15;4;7;31;11;3;1;0;173;81;11;7;9;35;5;11;1;4;0;1;0;3;0;0;1;4;
09673160;Markt Saal a.d.Saale;247;096731600211;BRIEFWAHLBEZIRK;0211 Briefwahl Saal a.d.Saale;0211;;;N;0;0;0;0;630;0;630;0;0;15;615;327;75;34;17;115;29;4;14;2;628;306;49;61;17;104;38;25;0;2;0;4;2;3;1;0;2;14;
09673184;Gemeinde Wülfershausen a.d.Saale;247;09673184;GEMEINDE;Gemeinde Wülfershausen a.d.Saale;;;;N;1246;554;692;0;1113;437;676;0;0;41;1072;574;112;55;47;186;45;10;43;2;1111;517;85;68;31;251;69;49;1;6;5;2;0;5;0;0;0;22;
09673184;Gemeinde Wülfershausen a.d.Saale;247;096731840301;STIMMBEZIRK;0301 Wülfershausen a. d. Saale;0301;;;N;980;425;555;0;333;333;0;0;0;14;319;144;55;18;15;60;7;2;18;1;332;121;48;19;12;88;22;10;0;2;3;2;0;1;0;0;0;4;
09673184;Gemeinde Wülfershausen a.d.Saale;247;096731840302;STIMMBEZIRK;0302 Eichenhausen;0302;;;N;266;129;137;0;104;104;0;0;0;3;101;56;8;5;5;11;10;1;5;1;103;42;4;5;5;36;1;6;0;2;0;0;0;1;0;0;0;1;
09673184;Gemeinde Wülfershausen a.d.Saale;247;096731840311;BRIEFWAHLBEZIRK;0311 Briefwahl Wülfershausen a. d. Saale;0311;;;N;0;0;0;0;676;0;676;0;0;24;652;374;49;32;27;115;28;7;20;0;676;354;33;44;14;127;46;33;1;2;2;0;0;3;0;0;0;17;
