Gemeinde;Gemeindename;Wahlkreisnummer;Gebietsnummer;Gebietsart;Gebietsname;Bezirksnummer;Ausgezaehlt abweichend Gebiet;Ausgezaehlt abweichend AGS;Ausbleibend;Wahlberechtigte gesamt (A);Wahlberechtigte ohne Wahlschein (A1);Wahlberechtigte mit Wahlschein (A2);Wahlberechtigte nicht im WVZ (A3);Waehler gesamt (B);Waehler ohne Wahlschein;Waehler mit Wahlschein;Urnenwaehler mit Wahlschein in Urnenwahllokal;Briefwaehler mit Wahlschein in Urnenwahllokal;Direktstimmen ungueltige (C);Direktstimmen gueltige (D);D1;D2;D3;D4;D5;D6;D7;D11;D13;Listenstimmen ungueltige (E);Listenstimmen gueltige (F);F1;F2;F3;F4;F5;F6;F7;F8;F9;F10;F11;F12;F13;F14;F15;F16;F17;
;;240;240;WAHLKREIS;Ansbach;;;;N;241618;135651;105966;1;203824;101910;101914;309;0;1008;202816;84723;26718;18248;5276;43100;10960;9434;2251;2106;636;203188;75749;24616;19216;6785;43752;9499;10145;801;1679;716;1089;255;1140;122;34;188;7402;
09561000;Stadt Ansbach;240;09561000;GEMEINDE;Stadt Ansbach;;;;N;29534;18512;11022;0;23523;13075;10448;66;0;145;23378;7811;3922;2404;681;5451;936;1525;342;306;84;23439;7204;3370;2629;751;5418;587;1643;67;228;100;149;31;181;17;6;21;1037;
09561000;Stadt Ansbach;240;095610000001;STIMMBEZIRK;1 Fachoberschule;1;;;N;870;605;265;0;397;393;4;4;0;4;393;95;46;49;14;97;18;60;6;8;5;392;75;37;51;14;95;10;68;2;6;3;4;0;8;1;0;2;16;
09561000;Stadt Ansbach;240;095610000002;STIMMBEZIRK;2 Gymnasium Carolinum;2;;;N;1048;647;401;0;399;394;5;5;0;2;397;88;86;36;17;98;15;46;6;5;1;398;82;58;51;17;99;9;50;1;5;1;1;1;4;0;0;0;19;
09561000;Stadt Ansbach;240;095610000003;STIMMBEZIRK;3 Staatl. Berufl. Schulzentrum;3;;;N;654;386;268;0;279;276;3;3;0;3;276;89;51;32;10;52;5;29;4;4;4;275;78;41;37;17;49;3;32;0;6;0;1;0;0;0;0;0;11;
09561000;Stadt Ansbach;240;095610000004;STIMMBEZIRK;4 Güllschule;4;;;N;1096;574;522;0;415;412;3;3;0;5;410;113;57;65;11;101;11;44;7;1;1;414;115;55;61;14;101;5;39;0;2;1;1;0;0;1;0;0;19;
09561000;Stadt Ansbach;240;095610000005;STIMMBEZIRK;5 Güllschule;5;;;N;1210;739;471;0;491;487;4;4;0;4;487;150;66;33;11;159;18;36;6;8;1;490;140;53;34;14;153;9;40;0;5;2;2;1;2;1;0;0;34;
09561000;Stadt Ansbach;240;095610000006;STIMMBEZIRK;6 Güllschule;6;;;N;1093;705;388;0;430;425;5;5;0;4;426;114;69;33;5;154;16;28;3;4;2;428;93;62;33;5;151;7;26;0;5;3;1;1;4;0;0;0;37;
09561000;Stadt Ansbach;240;095610000007;STIMMBEZIRK;7 Vereinsheim blaues Kreuz;7;;;N;1112;708;404;0;487;484;3;3;0;6;481;114;91;34;11;153;13;52;9;4;6;481;105;82;35;9;155;5;51;0;3;3;3;1;1;1;0;4;23;
09561000;Stadt Ansbach;240;095610000008;STIMMBEZIRK;8 Evang. Schule;8;;;N;1418;918;500;0;665;663;2;2;0;3;662;168;124;69;10;214;19;44;9;5;3;662;153;119;80;11;213;11;33;0;6;0;2;0;3;0;0;1;30;
09561000;Stadt Ansbach;240;095610000009;STIMMBEZIRK;9 Weinbergschule;9;;;N;958;557;401;0;417;417;0;0;0;6;411;128;56;43;18;118;11;28;6;3;2;415;116;49;43;21;114;9;34;0;2;0;1;0;3;0;0;1;22;
09561000;Stadt Ansbach;240;095610000010;STIMMBEZIRK;10 Weinbergschule;10;;;N;1029;632;397;0;440;440;0;0;0;3;437;128;72;30;13;142;16;25;6;5;1;439;121;60;38;14;133;6;28;1;2;2;3;0;2;0;0;1;28;
09561000;Stadt Ansbach;240;095610000011;STIMMBEZIRK;11 Weinbergschule;11;;;N;682;467;215;0;329;328;1;1;0;3;326;103;56;26;10;85;14;28;1;3;2;327;93;47;33;10;84;4;35;2;1;1;1;0;1;0;0;0;15;
09561000;Stadt Ansbach;240;095610000012;STIMMBEZIRK;12 Weinbergschule;12;;;N;961;608;353;0;424;422;2;2;0;6;418;119;78;29;11;126;18;28;7;2;0;424;111;69;26;12;124;12;33;1;4;1;5;0;4;0;0;0;22;
09561000;Stadt Ansbach;240;095610000013;STIMMBEZIRK;13 Theresien-Gymnasium;13;;;N;863;497;366;0;410;410;0;0;0;2;408;145;56;48;11;102;15;22;3;6;2;408;135;44;51;16;102;9;19;1;3;2;4;0;7;0;0;0;15;
09561000;Stadt Ansbach;240;095610000014;STIMMBEZIRK;14 Luitpoldschule;14;;;N;998;695;303;0;457;454;3;3;0;3;454;132;78;57;7;127;10;32;5;6;5;452;118;69;62;11;124;8;30;1;2;3;3;0;3;0;1;0;17;
09561000;Stadt Ansbach;240;095610000015;STIMMBEZIRK;15 Luitpoldschule;15;;;N;792;570;222;0;244;242;2;2;0;3;241;49;43;15;4;87;7;27;7;2;3;241;47;29;17;7;83;6;25;1;2;3;3;0;0;0;0;0;18;
09561000;Stadt Ansbach;240;095610000016;STIMMBEZIRK;16 Luitpoldschule;16;;;N;783;510;273;0;354;354;0;0;0;3;351;83;61;27;9;117;13;30;9;2;2;352;85;51;27;6;117;8;22;1;3;5;2;1;0;0;1;0;23;
09561000;Stadt Ansbach;240;095610000017;STIMMBEZIRK;17 Luitpoldschule;17;;;N;1080;779;301;0;448;447;1;1;0;4;444;100;94;40;15;135;15;33;7;5;1;447;84;66;43;17;134;10;55;4;5;1;3;2;4;0;0;0;19;
09561000;Stadt Ansbach;240;095610000018;STIMMBEZIRK;18 Luitpoldschule;18;;;N;969;610;359;0;419;417;2;2;0;6;413;111;65;37;10;131;14;33;8;4;4;415;97;65;43;7;134;7;31;0;5;2;3;1;3;0;0;1;16;
09561000;Stadt Ansbach;240;095610000019;STIMMBEZIRK;19 Berufsschule;19;;;N;609;482;127;0;294;293;1;1;0;2;292;75;38;15;7;118;3;30;3;3;0;294;67;34;15;9;113;5;33;3;1;0;1;0;0;0;0;0;13;
09561000;Stadt Ansbach;240;095610000020;STIMMBEZIRK;20 Eyb;20;;;N;1107;608;499;0;459;457;2;2;0;2;457;144;58;47;12;145;16;27;2;6;1;458;132;45;60;15;142;7;33;1;0;0;2;1;0;0;0;1;19;
09561000;Stadt Ansbach;240;095610000021;STIMMBEZIRK;21 Eyb;21;;;N;1063;645;418;0;485;482;3;3;0;3;482;133;73;50;14;141;21;41;4;5;2;483;128;61;50;14;139;9;40;0;5;3;2;0;3;0;1;1;27;
09561000;Stadt Ansbach;240;095610000022;STIMMBEZIRK;22 Eyb;22;;;N;1419;807;612;0;625;624;1;1;0;7;618;191;71;56;14;214;24;27;10;11;5;620;164;67;60;23;214;17;32;0;6;1;3;0;2;0;0;0;31;
09561000;Stadt Ansbach;240;095610000023;STIMMBEZIRK;23 Hennenbach;23;;;N;755;512;243;0;402;399;3;3;0;3;399;118;72;32;11;121;9;23;8;5;1;401;109;64;40;16;112;3;24;3;2;1;3;2;5;0;0;0;17;
09561000;Stadt Ansbach;240;095610000024;STIMMBEZIRK;24 Hennenbach;24;;;N;954;535;419;0;465;464;1;1;0;3;462;158;75;63;10;95;21;37;2;1;1;464;149;68;66;11;93;13;40;2;3;1;1;1;0;0;0;0;16;
09561000;Stadt Ansbach;240;095610000025;STIMMBEZIRK;25 Obereichenbach;25;;;N;659;455;204;0;320;316;4;4;0;4;316;84;34;19;7;125;10;27;4;6;3;317;75;20;21;10;119;9;27;3;5;1;1;0;3;0;0;0;23;
09561000;Stadt Ansbach;240;095610000026;STIMMBEZIRK;26 Elpersdorf;26;;;N;1065;638;427;0;504;502;2;2;0;0;504;212;47;32;19;145;19;17;10;3;2;502;195;39;37;25;151;12;17;2;2;0;7;1;2;0;0;0;12;
09561000;Stadt Ansbach;240;095610000027;STIMMBEZIRK;27 Waldschule;27;;;N;632;443;189;0;308;308;0;0;0;5;303;79;43;27;10;103;14;18;5;4;3;305;78;36;27;7;107;12;16;0;3;1;3;2;1;1;0;0;11;
09561000;Stadt Ansbach;240;095610000028;STIMMBEZIRK;28 Bernhardswinden;28;;;N;590;366;224;0;307;304;3;3;0;2;305;131;38;20;10;69;13;9;14;1;0;307;122;34;21;12;77;7;11;0;2;1;5;0;2;0;0;0;13;
09561000;Stadt Ansbach;240;095610000029;STIMMBEZIRK;29 Brodswinden;29;;;N;776;496;280;0;387;385;2;2;0;3;384;122;46;32;14;119;21;16;9;5;1;386;115;42;35;16;118;10;19;1;5;2;2;0;2;0;1;0;18;
09561000;Stadt Ansbach;240;095610000030;STIMMBEZIRK;30 Brodswinden;30;;;N;1055;575;480;0;466;464;2;2;0;0;466;154;50;35;15;172;18;19;1;2;0;466;138;42;36;14;174;11;17;0;4;5;1;0;2;0;0;1;21;
09561000;Stadt Ansbach;240;095610000031;STIMMBEZIRK;31 Schalkhausen;31;;;N;1234;743;491;0;614;612;2;2;0;0;614;246;84;57;15;135;29;39;7;2;0;614;231;71;60;18;145;18;40;1;3;2;4;0;2;1;0;1;17;
09561000;Stadt Ansbach;240;095610000041;BRIEFWAHLBEZIRK;Briefwahl 1;41;;;N;0;0;0;0;552;0;552;0;0;2;550;189;97;64;17;108;30;26;12;7;1;551;179;75;65;14;113;20;31;1;8;2;4;1;6;1;0;0;31;
09561000;Stadt Ansbach;240;095610000042;BRIEFWAHLBEZIRK;Briefwahl 2;42;;;N;0;0;0;0;570;0;570;0;0;0;570;214;85;74;22;87;33;34;9;12;0;570;198;82;75;25;85;21;33;2;10;1;4;2;5;2;0;0;25;
09561000;Stadt Ansbach;240;095610000043;BRIEFWAHLBEZIRK;Briefwahl 3;43;;;N;0;0;0;0;565;0;565;0;0;2;563;202;98;78;18;77;28;37;7;18;1;564;184;72;85;21;77;27;31;6;7;2;4;2;15;1;0;0;30;
09561000;Stadt Ansbach;240;095610000044;BRIEFWAHLBEZIRK;Briefwahl 4;44;;;N;0;0;0;0;552;0;552;0;0;1;551;212;92;59;9;88;40;33;9;9;0;552;190;86;64;13;87;28;28;4;3;8;6;3;13;0;0;0;19;
09561000;Stadt Ansbach;240;095610000045;BRIEFWAHLBEZIRK;Briefwahl 5;45;;;N;0;0;0;0;520;0;520;0;0;5;515;243;109;33;17;52;28;17;8;8;3;517;238;94;49;16;56;12;17;5;5;1;3;0;2;0;0;1;18;
09561000;Stadt Ansbach;240;095610000046;BRIEFWAHLBEZIRK;Briefwahl 6;46;;;N;0;0;0;0;538;0;538;0;0;2;536;218;101;65;21;66;22;28;9;6;0;538;210;89;64;20;68;12;37;2;9;1;5;0;4;0;0;2;15;
09561000;Stadt Ansbach;240;095610000047;BRIEFWAHLBEZIRK;Briefwahl 7;47;;;N;0;0;0;0;510;0;510;0;0;4;506;202;101;47;14;76;21;23;8;14;1;509;177;92;59;19;77;19;23;4;6;3;4;1;8;0;0;0;17;
09561000;Stadt Ansbach;240;095610000048;BRIEFWAHLBEZIRK;Briefwahl 8;48;;;N;0;0;0;0;519;0;519;0;0;0;519;257;111;53;5;54;25;7;4;3;0;519;244;100;60;6;59;17;7;0;6;1;3;0;1;1;0;0;14;
09561000;Stadt Ansbach;240;095610000049;BRIEFWAHLBEZIRK;Briefwahl 9;49;;;N;0;0;0;0;526;0;526;0;0;3;523;240;87;61;12;73;15;20;6;9;1;525;218;78;68;21;75;10;23;0;5;1;1;1;5;1;0;1;17;
09561000;Stadt Ansbach;240;095610000050;BRIEFWAHLBEZIRK;Briefwahl 10;50;;;N;0;0;0;0;514;0;514;0;0;2;512;171;94;81;13;78;18;42;5;10;0;514;155;81;88;11;75;13;57;1;7;2;1;1;5;1;1;2;13;
09561000;Stadt Ansbach;240;095610000051;BRIEFWAHLBEZIRK;Briefwahl 11;51;;;N;0;0;0;0;520;0;520;0;0;1;519;176;89;67;17;105;22;28;7;8;0;520;162;72;72;20;99;10;36;1;5;6;4;0;6;0;0;0;27;
09561000;Stadt Ansbach;240;095610000052;BRIEFWAHLBEZIRK;Briefwahl 12;52;;;N;0;0;0;0;535;0;535;0;0;2;533;206;100;64;20;70;36;24;3;10;0;535;204;96;56;12;72;24;31;1;6;0;2;1;8;0;0;0;22;
09561000;Stadt Ansbach;240;095610000053;BRIEFWAHLBEZIRK;Briefwahl 13;53;;;N;0;0;0;0;544;0;544;0;0;5;539;225;95;51;15;68;25;36;18;6;4;540;221;93;63;15;66;20;24;0;4;2;9;0;1;0;0;1;21;
09561000;Stadt Ansbach;240;095610000054;BRIEFWAHLBEZIRK;Briefwahl 14;54;;;N;0;0;0;0;492;0;492;0;0;2;490;173;113;60;22;65;20;28;5;4;3;489;161;96;70;23;60;10;32;2;7;2;0;0;2;1;0;0;23;
09561000;Stadt Ansbach;240;095610000055;BRIEFWAHLBEZIRK;Briefwahl 15;55;;;N;0;0;0;0;501;0;501;0;0;0;501;146;109;101;13;61;15;39;10;7;0;501;141;78;107;12;61;11;66;0;3;3;3;2;6;1;0;0;7;
09561000;Stadt Ansbach;240;095610000056;BRIEFWAHLBEZIRK;Briefwahl 16;56;;;N;0;0;0;0;505;0;505;0;0;1;504;172;105;46;23;101;18;24;6;9;0;505;160;91;52;25;96;13;25;1;6;3;0;1;1;1;0;0;30;
09561000;Stadt Ansbach;240;095610000057;BRIEFWAHLBEZIRK;Briefwahl 17;57;;;N;0;0;0;0;522;0;522;0;0;5;517;191;100;55;21;78;20;33;8;11;3;519;175;89;58;24;73;13;35;1;8;3;7;0;9;1;1;0;22;
09561000;Stadt Ansbach;240;095610000058;BRIEFWAHLBEZIRK;Briefwahl 18;58;;;N;0;0;0;0;496;0;496;0;0;1;495;175;99;62;22;80;23;21;8;5;1;495;158;84;72;14;84;16;31;4;6;3;4;1;0;0;0;0;18;
09561000;Stadt Ansbach;240;095610000059;BRIEFWAHLBEZIRK;Briefwahl 19;59;;;N;0;0;0;0;466;0;466;0;0;1;465;180;88;38;15;79;16;33;7;9;1;465;150;74;49;20;79;15;33;1;6;4;3;0;3;0;0;0;28;
09561000;Stadt Ansbach;240;095610000060;BRIEFWAHLBEZIRK;Briefwahl 20;60;;;N;0;0;0;0;435;0;435;0;0;2;433;143;71;57;10;85;15;37;5;10;1;434;128;69;60;8;87;5;43;0;3;1;4;0;8;0;0;0;18;
;;240;09571000;KREIS;Landkreis Ansbach;;;;N;139930;74547;65382;1;119926;56838;63088;165;0;579;119347;50274;15228;9746;3184;25826;7332;5178;1340;1239;381;119545;45642;13354;10932;4066;26141;6107;5588;504;950;429;675;155;653;81;18;115;4135;
09571113;Arberg;240;09571113;GEMEINDE;Arberg;;;;N;1776;861;915;0;1548;680;868;2;0;6;1542;770;125;103;38;337;95;47;15;12;2;1546;690;124;114;47;348;87;50;7;5;6;7;3;2;2;0;0;54;
09571113;Arberg;240;095711130001;STIMMBEZIRK;Stimmbezirk 1 - Arberg;0001;;;N;1124;502;622;0;395;395;0;0;0;1;394;173;28;36;11;109;20;10;4;3;1;394;142;31;41;17;112;15;13;3;0;2;1;0;1;1;0;0;15;
09571113;Arberg;240;095711130002;STIMMBEZIRK;Stimmbezirk 2 - Großlellenfeld;0002;;;N;652;359;293;0;287;285;2;2;0;2;285;125;23;21;7;82;11;13;2;1;1;286;117;18;21;9;88;12;12;1;0;0;3;0;0;0;0;0;5;
09571113;Arberg;240;095711130011;BRIEFWAHLBEZIRK;Briefwahlbezirk;0011;;;N;0;0;0;0;866;0;866;0;0;3;863;472;74;46;20;146;64;24;9;8;0;866;431;75;52;21;148;60;25;3;5;4;3;3;1;1;0;0;34;
09571114;Aurach;240;09571114;GEMEINDE;Aurach;;;;N;2431;1177;1254;0;2122;902;1220;0;0;4;2118;970;195;160;57;477;133;90;17;19;2;2120;887;172;166;63;483;121;85;11;18;7;10;4;13;2;1;0;77;
09571114;Aurach;240;095711140001;STIMMBEZIRK;Stimmbezirk 1 - Aurach;1;;;N;1441;688;753;0;526;526;0;0;0;2;524;191;47;44;14;163;26;34;2;3;0;526;177;43;42;13;166;22;34;4;5;2;4;0;2;0;0;0;12;
09571114;Aurach;240;095711140002;STIMMBEZIRK;Stimmbezirk 2 - Weinberg;2;;;N;990;489;501;0;376;376;0;0;0;1;375;151;32;24;7;107;27;17;8;2;0;376;138;33;27;10;105;21;13;3;3;3;1;0;2;1;0;0;16;
09571114;Aurach;240;095711140011;BRIEFWAHLBEZIRK;Briefwahlbezirk 11;11;;;N;0;0;0;0;409;0;409;0;0;0;409;226;43;26;7;63;22;14;1;7;2;407;206;39;36;10;63;20;14;1;3;0;2;1;4;0;0;0;8;
09571114;Aurach;240;095711140012;BRIEFWAHLBEZIRK;Briefwahlbezirk 12;12;;;N;0;0;0;0;410;0;410;0;0;0;410;218;32;36;18;73;18;10;3;2;0;410;198;27;29;18;76;23;8;0;3;1;1;2;3;1;0;0;20;
09571114;Aurach;240;095711140013;BRIEFWAHLBEZIRK;Briefwahlbezirk 13;13;;;N;0;0;0;0;401;0;401;0;0;1;400;184;41;30;11;71;40;15;3;5;0;401;168;30;32;12;73;35;16;3;4;1;2;1;2;0;1;0;21;
09571115;Bechhofen;240;09571115;GEMEINDE;Bechhofen;;;;N;4707;2320;2387;0;3950;1635;2315;8;0;22;3928;1789;400;239;99;953;234;143;30;41;13;3937;1574;355;278;134;954;229;161;22;39;16;15;3;19;0;0;1;137;
09571115;Bechhofen;240;095711150001;STIMMBEZIRK;Bechhofen-Süd;0001;;;N;1256;686;570;0;428;427;1;1;0;7;421;136;33;29;14;157;21;20;5;6;3;425;119;23;33;14;153;16;20;4;7;2;2;1;0;0;0;0;31;
09571115;Bechhofen;240;095711150002;STIMMBEZIRK;Bechhofen-Nord;0002;;;N;1327;661;666;0;476;473;3;3;0;2;474;180;39;28;11;162;19;24;5;6;2;474;150;38;36;14;163;14;24;2;6;0;1;0;5;0;0;1;20;
09571115;Bechhofen;240;095711150003;STIMMBEZIRK;Großenried;0003;;;N;1089;489;600;0;387;386;1;1;0;1;386;175;45;33;6;92;18;11;2;4;1;386;156;41;36;8;91;23;12;2;2;2;1;0;2;0;0;0;10;
09571115;Bechhofen;240;095711150004;STIMMBEZIRK;Königshofen;0004;;;N;1035;484;551;0;352;349;3;3;0;4;348;121;37;14;12;123;15;19;5;2;3;349;99;35;21;12;122;12;25;2;2;1;1;0;1;0;0;0;16;
09571115;Bechhofen;240;095711150011;BRIEFWAHLBEZIRK;Briefwahl 11;0011;;;N;0;0;0;0;551;0;551;0;0;0;551;247;81;32;18;111;29;20;7;6;0;551;218;70;39;27;111;27;23;5;9;5;2;0;2;0;0;0;13;
09571115;Bechhofen;240;095711150012;BRIEFWAHLBEZIRK;Briefwahl 12;0012;;;N;0;0;0;0;639;0;639;0;0;3;636;325;69;46;19;111;37;22;1;6;1;638;294;73;44;26;115;37;24;3;7;2;1;0;5;0;0;0;7;
09571115;Bechhofen;240;095711150013;BRIEFWAHLBEZIRK;Briefwahl 13;0013;;;N;0;0;0;0;586;0;586;0;0;3;583;337;53;34;4;78;48;20;3;6;2;584;299;38;40;14;80;58;25;2;4;2;4;0;1;0;0;0;17;
09571115;Bechhofen;240;095711150014;BRIEFWAHLBEZIRK;Briefwahl 14;0014;;;N;0;0;0;0;531;0;531;0;0;2;529;268;43;23;15;119;47;7;2;5;1;530;239;37;29;19;119;42;8;2;2;2;3;2;3;0;0;0;23;
09571127;Burgoberbach;240;09571127;GEMEINDE;Burgoberbach;;;;N;2955;1389;1566;0;2588;1075;1513;2;0;14;2574;1078;292;216;58;634;112;119;31;34;8;2580;1005;266;220;71;615;92;117;15;23;13;17;1;8;3;1;0;113;
09571127;Burgoberbach;240;095711270001;STIMMBEZIRK;Burgoberbach Süd;001;;;N;1235;568;667;0;441;439;2;2;0;1;440;147;37;43;11;154;16;23;3;6;2;439;136;32;36;13;152;8;26;2;4;2;2;0;3;1;1;0;21;
09571127;Burgoberbach;240;095711270002;STIMMBEZIRK;Burgoberbach Nord;002;;;N;1017;469;548;0;354;354;0;0;0;0;354;112;44;23;10;126;19;17;1;2;0;354;107;41;16;20;119;8;20;2;5;1;1;0;1;0;0;0;13;
09571127;Burgoberbach;240;095711270003;STIMMBEZIRK;Neuses;003;;;N;332;167;165;0;137;137;0;0;0;1;136;77;10;6;4;30;4;5;0;0;1;136;72;8;6;4;29;7;3;2;0;0;0;0;0;0;0;0;5;
09571127;Burgoberbach;240;095711270004;STIMMBEZIRK;Sommersdorf/Niederoberbach;004;;;N;371;185;186;0;145;145;0;0;0;0;145;40;7;18;3;61;2;11;3;0;2;143;32;9;16;5;57;3;10;1;0;0;1;0;0;0;0;0;9;
09571127;Burgoberbach;240;095711270011;BRIEFWAHLBEZIRK;Briefwahl Burgoberbach Süd;011;;;N;0;0;0;0;643;0;643;0;0;6;637;295;89;61;9;116;32;22;7;6;2;641;279;83;70;15;110;21;22;2;5;2;4;0;2;1;0;0;25;
09571127;Burgoberbach;240;095711270012;BRIEFWAHLBEZIRK;Briefwahl Burgoberbach Nord;012;;;N;0;0;0;0;525;0;525;0;0;4;521;250;62;38;12;88;23;27;10;11;1;524;234;57;46;12;89;22;18;1;4;4;8;0;1;1;0;0;27;
09571127;Burgoberbach;240;095711270013;BRIEFWAHLBEZIRK;Briefwahl Neuses;013;;;N;0;0;0;0;159;0;159;0;0;2;157;73;22;15;5;22;8;4;6;2;0;159;71;17;16;2;23;9;8;1;1;0;1;0;1;0;0;0;9;
09571127;Burgoberbach;240;095711270014;BRIEFWAHLBEZIRK;Briefwahl Sommersdorf/Niederoberbach;014;;;N;0;0;0;0;184;0;184;0;0;0;184;84;21;12;4;37;8;10;1;7;0;184;74;19;14;0;36;14;10;4;4;4;0;1;0;0;0;0;4;
09571130;Colmberg;240;09571130;GEMEINDE;Colmberg;;;;N;1684;871;813;0;1475;682;793;1;0;7;1468;624;163;121;44;314;113;51;27;11;6;1469;565;148;128;52;305;113;58;5;23;1;8;3;4;0;0;0;56;
09571130;Colmberg;240;095711300001;STIMMBEZIRK;Stimmbezirk 1;0001;;;N;1684;871;813;0;683;682;1;1;0;3;680;257;59;70;18;194;38;22;14;8;4;679;229;58;71;27;189;36;25;2;12;0;3;0;3;0;0;0;24;
09571130;Colmberg;240;095711300011;BRIEFWAHLBEZIRK;Briefwahlbezirk 1;0011;;;N;0;0;0;0;397;0;397;0;0;2;395;184;39;36;15;63;36;12;8;2;1;396;171;37;39;17;61;33;12;1;7;1;3;2;0;0;0;0;12;
09571130;Colmberg;240;095711300012;BRIEFWAHLBEZIRK;Briefwahlbezirk 2;0012;;;N;0;0;0;0;395;0;395;0;0;2;393;183;65;15;11;57;39;17;5;1;1;394;165;53;18;8;55;44;21;2;4;0;2;1;1;0;0;0;20;
09571135;Dietenhofen;240;09571135;GEMEINDE;Dietenhofen;;;;N;4189;2066;2123;0;3616;1568;2048;0;0;10;3606;1560;447;310;117;682;248;171;36;35;7;3609;1426;367;351;133;716;214;178;13;30;11;13;7;21;5;1;2;121;
09571135;Dietenhofen;240;095711350001;STIMMBEZIRK;Stimmbezirk 1;1;;;N;2134;1094;1040;0;821;821;0;0;0;2;819;296;96;71;22;208;55;55;6;10;4;817;268;86;73;27;222;25;54;4;5;5;1;2;5;1;0;2;37;
09571135;Dietenhofen;240;095711350002;STIMMBEZIRK;Stimmbezirk 2;2;;;N;2055;972;1083;0;747;747;0;0;0;4;743;290;84;52;17;197;40;53;7;3;2;745;267;64;63;25;202;32;46;2;8;5;1;2;1;1;1;0;25;
09571135;Dietenhofen;240;095711350011;BRIEFWAHLBEZIRK;Briefwahlbezirk 11;11;;;N;0;0;0;0;1001;0;1001;0;0;3;998;454;151;111;38;138;56;29;13;8;0;1001;426;126;121;37;143;57;40;3;6;0;6;2;6;2;0;0;26;
09571135;Dietenhofen;240;095711350012;BRIEFWAHLBEZIRK;Briefwahlbezirk 12;12;;;N;0;0;0;0;1047;0;1047;0;0;1;1046;520;116;76;40;139;97;34;10;14;1;1046;465;91;94;44;149;100;38;4;11;1;5;1;9;1;0;0;33;
09571136;Dinkelsbühl;240;09571136;GEMEINDE;Dinkelsbühl;;;;N;9049;4628;4421;0;7563;3277;4286;48;0;40;7523;3145;1097;764;209;1478;387;299;61;83;26;7537;2796;943;892;291;1491;305;345;35;61;25;22;8;54;4;1;6;258;
09571136;Dinkelsbühl;240;095711360001;STIMMBEZIRK;Stimmbezirk 1 Altstadt;0001;;;N;1936;915;1021;0;641;598;43;43;0;1;640;215;113;105;11;123;22;35;4;12;1;640;178;103;118;25;124;11;43;1;1;4;0;0;5;1;0;0;26;
09571136;Dinkelsbühl;240;095711360002;STIMMBEZIRK;Stimmbezirk  2 Nordhang/Südhang;0002;;;N;1313;721;592;0;501;501;0;0;0;1;500;157;62;54;19;157;12;29;1;9;4;497;136;57;57;30;149;7;35;0;4;0;0;0;5;0;0;0;17;
09571136;Dinkelsbühl;240;095711360003;STIMMBEZIRK;Stimmbezirk 3 Wassertrüdinger Viertel;0003;;;N;1093;712;381;0;471;471;0;0;0;6;465;162;40;17;17;187;19;22;0;1;5;466;142;31;25;16;180;15;22;1;6;2;0;0;0;0;0;1;25;
09571136;Dinkelsbühl;240;095711360004;STIMMBEZIRK;Stimmbezirk 4 Hoffeld;0004;;;N;1648;841;807;0;584;583;1;1;0;2;582;238;79;38;16;163;15;19;6;8;5;579;202;73;45;22;157;9;29;3;4;4;3;0;2;0;0;1;25;
09571136;Dinkelsbühl;240;095711360005;STIMMBEZIRK;Stimmbezirk 5 Königshain/Gaisfeld;0005;;;N;1354;614;740;0;484;484;0;0;0;4;480;212;49;43;21;115;17;16;3;4;3;481;192;45;55;28;114;7;14;0;4;1;0;0;2;0;0;0;19;
09571136;Dinkelsbühl;240;095711360006;STIMMBEZIRK;Stimmbezirk 6 Segringen;0006;;;N;905;422;483;0;334;333;1;1;0;1;333;137;31;30;8;76;32;11;5;3;0;334;124;28;30;13;76;23;11;3;1;2;2;0;2;1;0;0;18;
09571136;Dinkelsbühl;240;095711360007;STIMMBEZIRK;Stimmbezirk 7 Sinbronn;0007;;;N;425;222;203;0;173;171;2;2;0;2;171;83;15;9;8;35;11;8;2;0;0;173;75;12;15;11;35;8;9;0;1;1;2;0;0;0;0;0;4;
09571136;Dinkelsbühl;240;095711360008;STIMMBEZIRK;Stimmbezirk 8 Weidelbach;0008;;;N;375;181;194;0;137;136;1;1;0;1;136;55;16;1;7;34;14;8;1;0;0;137;46;16;2;8;37;11;11;1;1;0;0;0;0;0;0;0;4;
09571136;Dinkelsbühl;240;095711360011;BRIEFWAHLBEZIRK;Briefwahlbezirk 1;0011;;;N;0;0;0;0;563;0;563;0;0;3;560;273;91;72;14;66;31;8;4;1;0;563;243;76;81;16;77;22;10;4;9;0;2;1;2;0;0;0;20;
09571136;Dinkelsbühl;240;095711360012;BRIEFWAHLBEZIRK;Briefwahlbezirk 2;0012;;;N;0;0;0;0;508;0;508;0;0;1;507;238;113;47;11;61;19;12;5;1;1;507;215;101;56;17;60;18;15;1;5;1;2;0;2;0;1;0;13;
09571136;Dinkelsbühl;240;095711360013;BRIEFWAHLBEZIRK;Briefwahlbezirk 3;0013;;;N;0;0;0;0;555;0;555;0;0;4;551;212;95;59;19;84;48;28;3;3;0;555;191;61;74;20;98;37;30;8;6;3;0;1;7;1;0;1;17;
09571136;Dinkelsbühl;240;095711360014;BRIEFWAHLBEZIRK;Briefwahlbezirk 4;0014;;;N;0;0;0;0;545;0;545;0;0;2;543;258;80;59;13;71;28;20;6;8;0;545;222;61;85;21;76;25;20;1;5;3;3;0;10;0;0;0;13;
09571136;Dinkelsbühl;240;095711360015;BRIEFWAHLBEZIRK;Briefwahlbezirk 5;0015;;;N;0;0;0;0;509;0;509;0;0;2;507;210;81;61;2;85;36;20;3;9;0;509;190;71;67;10;84;33;20;1;7;2;2;1;5;1;0;0;15;
09571136;Dinkelsbühl;240;095711360016;BRIEFWAHLBEZIRK;Briefwahlbezirk 6;0016;;;N;0;0;0;0;546;0;546;0;0;5;541;247;83;53;12;82;31;26;4;3;2;544;222;75;61;19;81;27;32;0;1;2;2;0;1;0;0;2;19;
09571136;Dinkelsbühl;240;095711360017;BRIEFWAHLBEZIRK;Briefwahlbezirk 7;0017;;;N;0;0;0;0;506;0;506;0;0;1;505;230;69;63;12;83;27;9;5;7;1;505;215;59;68;16;89;29;13;2;3;0;1;1;3;0;0;0;6;
09571136;Dinkelsbühl;240;095711360018;BRIEFWAHLBEZIRK;Briefwahlbezirk 8;0018;;;N;0;0;0;0;506;0;506;0;0;4;502;218;80;53;19;56;25;28;9;14;4;502;203;74;53;19;54;23;31;9;3;0;3;4;8;0;0;1;17;
09571139;Dürrwangen;240;09571139;GEMEINDE;Dürrwangen;;;;N;1945;982;963;0;1709;768;941;0;0;8;1701;740;220;106;38;424;90;58;8;17;13;1696;682;186;112;52;423;73;58;13;11;6;9;1;9;1;0;2;58;
09571139;Dürrwangen;240;095711390001;STIMMBEZIRK;Stimmbezirk 1/Grundschule;1;;;N;1416;658;758;0;493;493;0;0;0;4;489;160;57;32;15;167;22;25;5;6;4;489;142;47;39;19;171;20;25;4;2;2;0;0;2;0;0;0;16;
09571139;Dürrwangen;240;095711390002;STIMMBEZIRK;Stimmbezirk 2/Pfarrheim Halsbach;2;;;N;270;182;88;0;161;161;0;0;0;0;161;75;15;7;9;47;2;6;0;0;1;160;70;18;6;9;44;3;2;2;1;2;0;0;0;0;0;0;3;
09571139;Dürrwangen;240;095711390003;STIMMBEZIRK;Stimmbezirk 3/Feuerwehrhaus Haslach;3;;;N;259;142;117;0;114;114;0;0;0;0;114;47;16;6;1;35;3;5;0;1;0;114;45;14;7;2;36;3;5;1;0;0;0;0;0;0;0;0;1;
09571139;Dürrwangen;240;095711390011;BRIEFWAHLBEZIRK;Stimmbezirk 11/Briefwahl;11;;;N;0;0;0;0;941;0;941;0;0;4;937;458;132;61;13;175;63;22;3;10;8;933;425;107;60;22;172;47;26;6;8;2;9;1;7;1;0;2;38;
09571145;Feuchtwangen;240;09571145;GEMEINDE;Feuchtwangen;;;;N;9184;4867;4317;0;7578;3466;4112;7;0;41;7537;3171;949;596;185;1747;423;331;45;90;20;7558;2808;837;668;260;1756;381;350;34;49;26;22;14;57;7;0;5;284;
09571145;Feuchtwangen;240;095711450001;STIMMBEZIRK;Jahnturnhalle;0001;;;N;1694;899;795;0;558;558;0;0;0;2;556;165;82;46;18;191;16;28;4;6;1;557;146;72;54;24;190;7;29;0;3;0;2;1;7;1;0;0;21;
09571145;Feuchtwangen;240;095711450002;STIMMBEZIRK;Bayerische BauAkademie;0002;;;N;1909;1163;746;0;791;791;0;0;0;5;786;194;89;63;18;339;32;42;2;7;2;789;168;89;71;27;332;22;30;1;2;3;1;0;6;1;0;1;35;
09571145;Feuchtwangen;240;095711450003;STIMMBEZIRK;Landschule;0003;;;N;2139;1024;1115;0;695;693;2;2;0;6;689;225;80;70;15;216;23;38;6;16;4;691;202;78;68;21;212;18;33;1;1;1;5;0;15;0;0;0;36;
09571145;Feuchtwangen;240;095711450004;STIMMBEZIRK;Aichau;0004;;;N;417;147;270;0;117;115;2;2;0;0;117;55;9;12;4;27;4;2;4;0;0;117;51;6;15;2;27;7;4;0;0;0;0;0;0;0;0;0;5;
09571145;Feuchtwangen;240;095711450005;STIMMBEZIRK;Breitenau;0005;;;N;492;281;211;0;206;205;1;1;0;2;204;94;20;19;4;50;11;3;2;1;0;206;91;12;24;3;52;5;7;1;0;0;0;0;2;0;0;0;9;
09571145;Feuchtwangen;240;095711450006;STIMMBEZIRK;Dorfgütingen;0006;;;N;614;301;313;0;222;222;0;0;0;0;222;96;19;8;3;64;18;11;1;2;0;222;80;22;9;7;63;17;12;2;3;0;0;0;0;0;0;1;6;
09571145;Feuchtwangen;240;095711450007;STIMMBEZIRK;Heilbronn;0007;;;N;382;177;205;0;140;140;0;0;0;1;139;53;8;17;2;43;11;5;0;0;0;140;43;10;16;10;42;8;4;0;3;0;0;0;0;0;0;0;4;
09571145;Feuchtwangen;240;095711450008;STIMMBEZIRK;Krapfenau;0008;;;N;317;162;155;0;134;134;0;0;0;1;133;66;11;9;4;27;8;5;2;1;0;134;55;9;17;3;31;9;4;0;1;2;0;0;0;0;0;0;3;
09571145;Feuchtwangen;240;095711450009;STIMMBEZIRK;Larrieden;0009;;;N;231;156;75;0;140;140;0;0;0;0;140;77;10;13;2;23;8;5;0;2;0;140;59;14;21;3;27;7;6;0;0;1;0;1;0;0;0;0;1;
09571145;Feuchtwangen;240;095711450010;STIMMBEZIRK;Mosbach;0010;;;N;431;257;174;0;220;220;0;0;0;1;219;117;17;13;4;50;12;4;0;2;1;219;103;11;13;12;53;6;8;0;2;3;1;0;1;0;0;0;6;
09571145;Feuchtwangen;240;095711450011;STIMMBEZIRK;Vorderbreitenthann;0011;;;N;558;300;258;0;250;248;2;2;0;2;248;110;19;8;4;81;10;14;1;1;0;250;90;21;9;6;84;16;12;1;1;1;0;0;1;0;0;0;8;
09571145;Feuchtwangen;240;095711450021;BRIEFWAHLBEZIRK;Liegenschaftsamt;0021;;;N;0;0;0;0;860;0;860;0;0;3;857;412;132;61;12;127;58;41;2;12;1;859;355;115;75;11;136;59;45;3;3;1;2;3;8;3;0;0;40;
09571145;Feuchtwangen;240;095711450022;BRIEFWAHLBEZIRK;Steueramt;0022;;;N;0;0;0;0;880;0;880;0;0;4;876;457;114;64;21;111;67;26;4;12;2;878;407;99;70;25;113;70;42;4;8;7;3;2;8;1;0;1;18;
09571145;Feuchtwangen;240;095711450023;BRIEFWAHLBEZIRK;Kleiner Sitzungssaal;0023;;;N;0;0;0;0;837;0;837;0;0;5;832;397;101;56;26;137;62;36;6;11;4;833;346;92;63;36;138;54;31;7;9;3;2;4;4;1;0;0;43;
09571145;Feuchtwangen;240;095711450024;BRIEFWAHLBEZIRK;Stadthalle Kasten - 1;0024;;;N;0;0;0;0;729;0;729;0;0;3;726;302;112;81;28;122;34;29;8;10;3;726;283;95;85;30;121;33;37;4;10;1;5;3;1;0;0;0;18;
09571145;Feuchtwangen;240;095711450025;BRIEFWAHLBEZIRK;Stadthalle Kasten - 2;0025;;;N;0;0;0;0;799;0;799;0;0;6;793;351;126;56;20;139;49;42;3;7;2;797;329;92;58;40;135;43;46;10;3;3;1;0;4;0;0;2;31;
09571146;Flachslanden;240;09571146;GEMEINDE;Flachslanden;;;;N;1959;939;1020;0;1739;747;992;2;0;6;1733;722;193;130;32;437;132;52;22;13;3;1736;669;176;151;44;434;110;63;6;15;3;8;3;5;1;0;3;45;
09571146;Flachslanden;240;095711460001;STIMMBEZIRK;Stimmbezirk 1 - Ortskern;0001;;;N;1035;532;503;0;434;432;2;2;0;1;433;153;48;31;12;130;26;19;9;5;0;434;144;49;34;14;128;21;23;1;4;0;4;1;0;1;0;1;9;
09571146;Flachslanden;240;095711460002;STIMMBEZIRK;Stimmbezirk 2 - Außenorte;0002;;;N;924;407;517;0;315;315;0;0;0;1;314;125;34;19;3;97;29;6;0;1;1;314;113;24;28;5;107;21;10;0;1;0;0;1;0;0;0;1;3;
09571146;Flachslanden;240;095711460011;BRIEFWAHLBEZIRK;Briefwahlbezirk 1 - Ortskern;0011;;;N;0;0;0;0;494;0;494;0;0;1;493;219;67;49;8;93;35;14;3;5;1;493;204;58;57;12;93;29;17;1;5;0;1;0;3;0;0;1;12;
09571146;Flachslanden;240;095711460012;BRIEFWAHLBEZIRK;Briefwahlbezirk 2 - Außenorte;0012;;;N;0;0;0;0;496;0;496;0;0;3;493;225;44;31;9;117;42;13;10;2;1;495;208;45;32;13;106;39;13;4;5;3;3;1;2;0;0;0;21;
09571165;Heilsbronn;240;09571165;GEMEINDE;Heilsbronn;;;;N;6825;3828;2997;0;5945;3050;2895;6;0;21;5924;2175;951;708;143;1122;359;324;91;51;13;5932;2050;816;775;165;1122;209;343;24;48;28;85;6;27;5;1;9;219;
09571165;Heilsbronn;240;095711650001;STIMMBEZIRK;Katholische Kita St. Otto;1;;;N;590;338;252;0;240;238;2;2;0;2;238;59;36;18;4;78;13;24;3;3;3;237;53;33;16;7;74;6;22;2;2;0;1;1;1;0;0;0;19;
09571165;Heilsbronn;240;095711650002;STIMMBEZIRK;Staatliche Realschule;2;;;N;771;448;323;0;350;350;0;0;0;0;350;84;64;51;9;95;17;25;5;0;0;350;71;59;62;13;97;4;23;1;2;0;5;0;2;0;0;0;11;
09571165;Heilsbronn;240;095711650003;STIMMBEZIRK;Grundschule Heilsbronn I - EG;3;;;N;739;416;323;0;328;328;0;0;0;0;328;100;56;44;4;81;14;26;2;1;0;328;102;46;45;8;79;9;21;0;1;1;0;0;0;0;0;0;16;
09571165;Heilsbronn;240;095711650004;STIMMBEZIRK;Landeskirchliche Gemeinschaft Bonnhof;4;;;N;451;238;213;0;199;199;0;0;0;0;199;75;30;18;12;46;8;5;4;1;0;199;62;22;18;12;44;8;10;2;1;0;7;0;1;0;0;0;12;
09571165;Heilsbronn;240;095711650005;STIMMBEZIRK;Grundschule Bürglein;5;;;N;555;273;282;0;232;232;0;0;0;1;231;82;31;31;5;48;12;15;4;3;0;232;79;29;32;4;46;6;18;0;3;2;4;0;0;0;0;1;8;
09571165;Heilsbronn;240;095711650006;STIMMBEZIRK;Dorfgemeinschaftshaus Weißenbronn;6;;;N;636;356;280;0;297;295;2;2;0;1;296;137;40;34;7;49;9;9;10;1;0;297;115;26;43;12;53;3;16;1;3;0;14;1;0;0;0;0;10;
09571165;Heilsbronn;240;095711650007;STIMMBEZIRK;Feuerwehrhaus Weiterndorf;7;;;N;724;428;296;0;373;372;1;1;0;2;371;136;34;50;8;99;18;14;8;4;2;371;130;32;57;8;99;11;14;1;0;1;6;0;3;0;0;0;9;
09571165;Heilsbronn;240;095711650008;STIMMBEZIRK;Katholisches Pfarrheim;8;;;N;727;444;283;0;357;357;0;0;0;3;354;103;53;45;7;93;13;33;3;4;3;354;92;41;43;6;89;10;30;2;7;0;8;0;0;0;0;2;24;
09571165;Heilsbronn;240;095711650009;STIMMBEZIRK;Grundschule Heilsbronn II - Aula;9;;;N;866;468;398;0;332;332;0;0;0;1;331;102;69;40;16;61;15;21;4;3;2;330;98;59;41;13;60;8;27;1;0;1;4;0;4;1;0;0;13;
09571165;Heilsbronn;240;095711650010;STIMMBEZIRK;Städtische Kita Peter Pan;10;;;N;766;419;347;0;348;347;1;1;0;1;347;118;67;27;9;74;25;22;4;1;0;348;119;52;39;10;74;12;20;1;3;2;2;2;0;0;0;2;10;
09571165;Heilsbronn;240;095711650021;BRIEFWAHLBEZIRK;Briefwahl - Hohenzollernhalle I;21;;;N;0;0;0;0;504;0;504;0;0;2;502;189;91;58;7;82;46;15;11;3;0;504;176;81;62;8;86;30;20;3;2;2;8;0;3;2;1;2;18;
09571165;Heilsbronn;240;095711650022;BRIEFWAHLBEZIRK;Briefwahl - Hohenzollernhalle II;22;;;N;0;0;0;0;475;0;475;0;0;0;475;209;87;49;13;55;28;18;7;9;0;475;188;75;57;17;65;20;22;2;4;4;5;0;3;0;0;0;13;
09571165;Heilsbronn;240;095711650023;BRIEFWAHLBEZIRK;Briefwahl - Hohenzollernhalle III;23;;;N;0;0;0;0;477;0;477;0;0;3;474;179;65;66;18;70;35;27;9;5;0;477;184;64;69;16;66;14;29;3;5;1;8;0;2;0;0;0;16;
09571165;Heilsbronn;240;095711650024;BRIEFWAHLBEZIRK;Briefwahl - Hohenzollernhalle IV;24;;;N;0;0;0;0;473;0;473;0;0;2;471;190;77;65;13;58;31;28;6;3;2;471;188;67;67;13;61;23;26;2;6;3;2;2;3;0;0;0;8;
09571165;Heilsbronn;240;095711650025;BRIEFWAHLBEZIRK;Briefwahl - Hohenzollernhalle V;25;;;N;0;0;0;0;482;0;482;0;0;1;481;191;86;60;7;77;29;22;4;5;1;481;184;73;63;12;70;26;20;1;5;3;3;0;3;2;0;1;15;
09571165;Heilsbronn;240;095711650026;BRIEFWAHLBEZIRK;Briefwahl - Hohenzollernhalle VI;26;;;N;0;0;0;0;478;0;478;0;0;2;476;221;65;52;4;56;46;20;7;5;0;478;209;57;61;6;59;19;25;2;4;8;8;0;2;0;0;1;17;
09571166;Herrieden;240;09571166;GEMEINDE;Herrieden;;;;N;6342;3269;3072;1;5495;2542;2953;11;0;25;5470;2538;562;469;136;1122;332;197;55;59;15;5480;2301;536;521;178;1162;256;216;16;39;18;29;3;28;3;1;2;171;
09571166;Herrieden;240;095711660001;STIMMBEZIRK;Rathaus;1;;;N;601;337;264;0;224;220;4;4;0;2;222;95;16;22;3;68;4;11;1;2;1;223;91;14;25;4;63;3;15;0;1;0;0;0;1;0;0;0;6;
09571166;Herrieden;240;095711660002;STIMMBEZIRK;Ehemalige Berufsschule;2;;;N;688;341;347;0;275;275;0;0;0;3;272;130;23;24;11;63;7;7;4;3;1;274;119;26;23;13;66;6;10;0;3;0;2;0;2;0;0;0;4;
09571166;Herrieden;240;095711660003;STIMMBEZIRK;Evangelisches Gemeindehaus;3;;;N;721;395;325;1;306;303;3;3;0;3;303;105;32;31;11;89;16;16;2;1;2;304;96;30;30;16;87;9;13;1;1;4;1;0;1;0;0;0;15;
09571166;Herrieden;240;095711660004;STIMMBEZIRK;Sebastian-Strobel-Schule;4;;;N;744;328;416;0;259;258;1;1;0;1;258;115;23;28;4;66;10;6;5;1;2;257;105;20;30;5;71;7;5;1;1;0;2;1;0;0;0;0;9;
09571166;Herrieden;240;095711660005;STIMMBEZIRK;Gemeinschaftshaus Rauenzell;5;;;N;681;335;346;0;278;277;1;1;0;1;277;119;37;26;6;63;14;5;7;0;1;277;114;37;25;10;56;8;7;1;1;2;3;0;1;0;0;0;12;
09571166;Herrieden;240;095711660006;STIMMBEZIRK;Feuerwehrhaus Neunstetten;6;;;N;623;367;256;0;313;312;1;1;0;0;313;116;37;30;5;83;20;13;2;7;0;313;111;31;37;4;84;13;18;1;5;0;0;0;3;0;0;0;6;
09571166;Herrieden;240;095711660007;STIMMBEZIRK;Feuerwehrhaus Oberschönbronn;7;;;N;375;174;201;0;141;141;0;0;0;1;140;69;17;3;4;38;6;3;0;0;0;141;64;13;7;3;40;9;4;0;1;0;0;0;0;0;0;0;0;
09571166;Herrieden;240;095711660008;STIMMBEZIRK;Feuerwehrhaus Elbersroth;8;;;N;522;307;215;0;246;246;0;0;0;2;244;123;30;10;5;42;22;9;1;2;1;245;116;28;13;11;45;16;7;2;1;0;0;0;2;0;0;0;4;
09571166;Herrieden;240;095711660009;STIMMBEZIRK;Katholisches Pfarrheim;9;;;N;638;311;327;0;216;216;0;0;0;1;215;87;13;14;3;65;21;6;3;3;0;216;73;18;14;6;73;11;12;1;1;2;0;0;1;0;0;0;4;
09571166;Herrieden;240;095711660010;STIMMBEZIRK;Städtischer Bauhof;10;;;N;749;374;375;0;295;294;1;1;0;0;295;100;26;25;12;99;16;15;1;1;1;294;87;26;26;16;98;14;16;1;2;0;0;0;0;0;1;1;6;
09571166;Herrieden;240;095711660011;BRIEFWAHLBEZIRK;Rathaus Galerie;11;;;N;0;0;0;0;501;0;501;0;0;1;500;236;59;46;18;62;38;25;7;9;1;500;195;62;52;25;70;33;24;4;5;1;3;0;4;0;0;0;22;
09571166;Herrieden;240;095711660012;BRIEFWAHLBEZIRK;Stadtschloss Herrieden - Ratssaal;12;;;N;0;0;0;0;483;0;483;0;0;0;483;241;59;45;12;62;30;21;5;8;1;482;212;54;48;9;67;26;29;1;5;2;4;0;4;1;0;0;20;
09571166;Herrieden;240;095711660013;BRIEFWAHLBEZIRK;Feuerwehr Herrieden I;13;;;N;0;0;0;0;488;0;488;0;0;2;486;227;50;47;20;91;37;9;3;2;0;488;222;47;47;22;94;27;11;0;3;1;1;1;1;0;0;0;11;
09571166;Herrieden;240;095711660014;BRIEFWAHLBEZIRK;Feuerwehr Herrieden II;14;;;N;0;0;0;0;487;0;487;0;0;4;483;261;33;50;8;76;30;14;5;6;1;486;231;33;63;12;81;28;10;2;3;1;4;0;1;0;0;1;16;
09571166;Herrieden;240;095711660015;BRIEFWAHLBEZIRK;Reliefzimmer Stadtschloss;15;;;N;0;0;0;0;489;0;489;0;0;2;487;256;67;32;10;71;27;18;4;2;1;488;232;59;41;10;80;20;15;0;2;2;6;0;1;0;0;0;20;
09571166;Herrieden;240;095711660016;BRIEFWAHLBEZIRK;Katholisches Pfarrheim - Kegelbahn;16;;;N;0;0;0;0;494;0;494;0;0;2;492;258;40;36;4;84;34;19;5;12;2;492;233;38;40;12;87;26;20;1;4;3;3;1;6;2;0;0;16;
09571170;Langfurth;240;09571170;GEMEINDE;Langfurth;;;;N;1638;790;848;0;1478;643;835;1;0;3;1475;668;180;73;16;338;131;44;10;15;6;1472;603;176;84;32;346;107;48;2;14;7;4;3;5;1;0;1;39;
09571170;Langfurth;240;095711700001;STIMMBEZIRK;Langfurth;0001;;;N;904;401;503;0;316;316;0;0;0;2;314;120;43;19;2;94;27;7;1;1;2;314;118;40;16;6;93;19;10;0;1;2;1;1;0;0;0;0;7;
09571170;Langfurth;240;095711700002;STIMMBEZIRK;Dorfkemmathen;0002;;;N;315;170;145;0;139;138;1;1;0;0;139;69;15;9;2;23;11;7;2;1;2;137;57;14;13;5;25;7;5;0;3;2;0;0;1;0;0;0;5;
09571170;Langfurth;240;095711700003;STIMMBEZIRK;Ammelbruch;0003;;;N;419;219;200;0;189;189;0;0;0;0;189;86;18;11;5;42;18;7;1;1;1;188;82;23;10;4;44;11;5;1;2;1;0;0;0;0;0;0;5;
09571170;Langfurth;240;095711700011;BRIEFWAHLBEZIRK;Briefwahl;0011;;;N;0;0;0;0;834;0;834;0;0;1;833;393;104;34;7;179;75;23;6;12;1;833;346;99;45;17;184;70;28;1;8;2;3;2;4;1;0;1;22;
09571171;Lehrberg;240;09571171;GEMEINDE;Lehrberg;;;;N;2269;1230;1039;0;1918;919;999;1;0;12;1906;746;250;134;49;438;130;83;49;27;9;1909;702;204;160;65;441;99;94;8;18;4;16;3;15;4;0;1;75;
09571171;Lehrberg;240;095711710001;STIMMBEZIRK;Stimmbezirk 001;001;;;N;1169;622;547;0;461;460;1;1;0;2;459;161;57;36;7;123;30;27;10;8;2;459;148;51;36;12;125;21;28;2;3;2;2;2;6;0;0;1;20;
09571171;Lehrberg;240;095711710002;STIMMBEZIRK;Stimmbezirk 002;002;;;N;1100;608;492;0;459;459;0;0;0;3;456;128;63;27;14;169;30;19;3;3;5;454;111;48;32;16;169;20;21;0;2;2;3;0;3;1;0;0;26;
09571171;Lehrberg;240;095711710011;BRIEFWAHLBEZIRK;Briefwahlbezirk 011;011;;;N;0;0;0;0;531;0;531;0;0;3;528;242;72;39;12;77;38;17;19;12;1;530;230;65;44;21;80;33;18;4;8;0;8;1;6;1;0;0;11;
09571171;Lehrberg;240;095711710012;BRIEFWAHLBEZIRK;Briefwahlbezirk 012;012;;;N;0;0;0;0;467;0;467;0;0;4;463;215;58;32;16;69;32;20;17;4;1;466;213;40;48;16;67;25;27;2;5;0;3;0;0;2;0;0;18;
09571174;Leutershausen;240;09571174;GEMEINDE;Leutershausen;;;;N;4282;2422;1860;0;3747;1934;1813;6;0;21;3726;1497;466;269;120;865;251;160;60;38;13;3734;1397;392;347;136;880;173;168;15;32;11;35;6;24;0;1;2;115;
09571174;Leutershausen;240;095711740001;STIMMBEZIRK;Stimmbezirk 1;1;;;N;923;500;423;0;368;364;4;4;0;2;366;115;45;24;18;114;17;26;4;3;1;367;104;33;35;16;122;6;27;0;2;1;3;3;2;0;0;0;13;
09571174;Leutershausen;240;095711740002;STIMMBEZIRK;Stimmbezirk 2;2;;;N;905;502;403;0;404;404;0;0;0;2;402;142;52;33;13;109;12;27;5;9;2;402;127;54;52;14;105;3;19;3;3;1;2;0;6;0;1;0;12;
09571174;Leutershausen;240;095711740003;STIMMBEZIRK;Stimmbezirk 3;3;;;N;890;431;459;0;337;337;0;0;0;0;337;111;35;31;9;99;32;17;1;2;0;337;107;34;35;12;98;22;11;0;3;2;3;0;1;0;0;0;9;
09571174;Leutershausen;240;095711740004;STIMMBEZIRK;Stimmbezirk 4;4;;;N;262;175;87;0;146;145;1;1;0;0;146;65;12;4;3;46;10;5;1;0;0;146;54;11;6;7;50;5;5;0;0;0;1;0;0;0;0;0;7;
09571174;Leutershausen;240;095711740005;STIMMBEZIRK;Stimmbezirk 5;5;;;N;359;222;137;0;191;191;0;0;0;4;187;78;13;18;2;53;12;10;0;1;2;189;74;7;18;5;55;5;14;3;2;0;1;1;0;0;0;0;4;
09571174;Leutershausen;240;095711740006;STIMMBEZIRK;Stimmbezirk 6;6;;;N;349;220;129;0;183;183;0;0;0;0;183;64;37;16;9;43;5;5;3;1;0;183;63;26;22;7;41;5;7;0;1;0;4;0;1;0;0;0;6;
09571174;Leutershausen;240;095711740007;STIMMBEZIRK;Stimmbezirk 7;7;;;N;428;239;189;0;188;187;1;1;0;1;187;76;15;8;7;62;7;9;3;0;0;188;65;11;9;9;66;9;10;1;3;0;2;0;0;0;0;0;3;
09571174;Leutershausen;240;095711740008;STIMMBEZIRK;Stimmbezirk 8;8;;;N;166;133;33;0;123;123;0;0;0;2;121;43;16;8;4;33;10;4;1;2;1;122;40;17;7;2;35;7;5;2;0;0;1;0;1;0;0;0;5;
09571174;Leutershausen;240;095711740011;BRIEFWAHLBEZIRK;Briefwahlbezirk 11;11;;;N;0;0;0;0;600;0;600;0;0;5;595;261;85;55;21;90;34;23;17;9;2;598;245;70;69;21;90;31;26;0;5;1;9;1;6;0;0;1;23;
09571174;Leutershausen;240;095711740012;BRIEFWAHLBEZIRK;Briefwahlbezirk 12;12;;;N;0;0;0;0;598;0;598;0;0;4;594;282;64;39;9;96;62;23;13;6;5;593;261;51;49;17;97;48;26;2;8;3;5;0;4;0;0;1;21;
09571174;Leutershausen;240;095711740013;BRIEFWAHLBEZIRK;Briefwahlbezirk 13;13;;;N;0;0;0;0;609;0;609;0;0;1;608;260;92;33;25;120;50;11;12;5;0;609;257;78;45;26;121;32;18;4;5;3;4;1;3;0;0;0;12;
09571175;Lichtenau;240;09571175;GEMEINDE;Lichtenau;;;;N;2958;1523;1435;0;2507;1124;1383;2;0;10;2497;981;398;218;70;527;154;96;23;30;4;2503;893;348;222;88;544;113;123;9;26;10;14;2;16;3;0;2;90;
09571175;Lichtenau;240;095711750001;STIMMBEZIRK;Turnhalle Schule Lichtenau Straßen A-K;0001;;;N;979;501;478;0;378;378;0;0;0;2;376;115;68;40;7;103;16;23;1;3;0;378;102;60;46;13;107;5;22;3;2;1;1;1;1;0;0;0;14;
09571175;Lichtenau;240;095711750002;STIMMBEZIRK;Aula Schule Lichtenau Straßen L-Z;0002;;;N;963;541;422;0;359;359;0;0;0;0;359;122;59;31;10;97;7;21;4;8;0;359;104;49;33;13;99;10;24;0;5;3;3;0;2;1;0;0;13;
09571175;Lichtenau;240;095711750003;STIMMBEZIRK;Evang. Gemeindehaus Immeldorf;0003;;;N;1016;481;535;0;389;387;2;2;0;3;386;156;45;31;9;101;26;9;3;6;3;386;142;43;27;16;108;8;19;2;4;3;1;0;1;1;0;0;11;
09571175;Lichtenau;240;095711750011;BRIEFWAHLBEZIRK;Briefwahl XI;0011;;;N;0;0;0;0;460;0;460;0;0;1;459;188;80;43;8;88;26;14;4;8;0;460;169;67;47;13;92;18;15;1;7;2;3;0;6;0;0;0;20;
09571175;Lichtenau;240;095711750012;BRIEFWAHLBEZIRK;Briefwahl XII;0012;;;N;0;0;0;0;405;0;405;0;0;3;402;168;91;33;14;44;30;14;6;2;0;405;161;81;34;13;42;23;23;1;5;1;4;0;3;1;0;0;13;
09571175;Lichtenau;240;095711750013;BRIEFWAHLBEZIRK;Briefwahl XIII;0013;;;N;0;0;0;0;516;0;516;0;0;1;515;232;55;40;22;94;49;15;5;3;1;515;215;48;35;20;96;49;20;2;3;0;2;1;3;0;0;2;19;
09571177;Merkendorf;240;09571177;GEMEINDE;Merkendorf;;;;N;2321;1201;1120;0;2025;936;1089;0;0;3;2022;822;216;157;66;502;116;88;23;32;1;2024;720;185;161;89;510;120;111;7;20;4;11;1;13;3;1;2;66;
09571177;Merkendorf;240;095711770001;STIMMBEZIRK;Rathaus-Bürgerbegegnungsstätte;1;;;N;1214;686;528;0;542;542;0;0;0;0;542;209;53;44;18;164;17;25;6;6;1;541;193;40;48;26;162;15;33;2;3;0;4;0;3;1;0;2;9;
09571177;Merkendorf;240;095711770011;BRIEFWAHLBEZIRK;Rathaus-Sitzungssaal;11;;;N;0;0;0;0;516;0;516;0;0;1;515;191;80;39;19;104;38;29;6;9;0;516;169;68;37;30;104;35;35;3;6;3;3;1;2;0;1;0;19;
09571177;Merkendorf;240;095711770002;STIMMBEZIRK;Steingruberhaus Forum I;2;;;N;1107;515;592;0;394;394;0;0;0;0;394;154;30;38;15;119;13;16;3;6;0;394;131;32;40;17;119;12;19;2;4;1;0;0;2;2;0;0;13;
09571177;Merkendorf;240;095711770012;BRIEFWAHLBEZIRK;Steingruberhaus Energieforum;12;;;N;0;0;0;0;573;0;573;0;0;2;571;268;53;36;14;115;48;18;8;11;0;573;227;45;36;16;125;58;24;0;7;0;4;0;6;0;0;0;25;
09571180;Neuendettelsau;240;09571180;GEMEINDE;Neuendettelsau;;;;N;5725;3192;2533;0;4819;2369;2450;6;0;25;4794;1824;800;608;146;796;208;279;66;67;21;4798;1690;652;691;184;809;150;292;18;47;14;42;8;40;1;2;6;152;
09571180;Neuendettelsau;240;095711800001;STIMMBEZIRK;Kapitelsaal;1;;;N;1142;701;441;0;461;461;0;0;0;4;457;147;52;55;16;112;16;38;9;12;6;455;138;49;52;18;114;13;31;1;3;3;5;0;5;0;0;0;23;
09571180;Neuendettelsau;240;095711800002;STIMMBEZIRK;Rot-Kreuz-Haus;2;;;N;1027;569;458;0;485;483;2;2;0;2;483;178;97;60;9;92;16;23;5;3;1;484;174;76;66;15;94;8;25;1;3;1;4;1;1;0;0;2;13;
09571180;Neuendettelsau;240;095711800003;STIMMBEZIRK;Mission EineWelt;3;;;N;1235;652;583;0;475;474;1;1;0;7;468;162;75;46;15;115;13;34;3;5;7;468;146;61;53;19;113;12;32;6;3;2;0;0;2;0;0;2;17;
09571180;Neuendettelsau;240;095711800004;STIMMBEZIRK;Augustana Hochschule;4;;;N;1108;621;487;0;456;453;3;3;0;3;453;143;79;47;17;103;21;34;5;4;3;453;133;58;62;23;102;17;36;1;2;0;5;0;3;0;1;1;9;
09571180;Neuendettelsau;240;095711800005;STIMMBEZIRK;Kath. Pfarrheim;5;;;N;1213;649;564;0;498;498;0;0;0;1;497;149;80;68;18;114;16;39;8;5;1;497;142;59;64;26;114;10;40;0;9;2;3;0;3;0;1;1;23;
09571180;Neuendettelsau;240;095711800011;BRIEFWAHLBEZIRK;Briefwahlbezirk 1;11;;;N;0;0;0;0;426;0;426;0;0;5;421;184;75;55;15;37;21;14;7;13;0;426;166;64;70;17;41;13;21;1;2;1;4;4;8;0;0;0;14;
09571180;Neuendettelsau;240;095711800012;BRIEFWAHLBEZIRK;Briefwahlbezirk 2;12;;;N;0;0;0;0;443;0;443;0;0;1;442;184;72;69;12;39;32;20;9;5;0;443;175;65;78;13;42;17;22;3;3;3;7;1;0;0;0;0;14;
09571180;Neuendettelsau;240;095711800013;BRIEFWAHLBEZIRK;Briefwahlbezirk 3;13;;;N;0;0;0;0;561;0;561;0;0;1;560;260;102;79;15;41;26;27;7;3;1;560;228;82;89;31;44;24;27;3;5;0;6;0;7;0;0;0;14;
09571180;Neuendettelsau;240;095711800014;BRIEFWAHLBEZIRK;Briefwahlbezirk 4;14;;;N;0;0;0;0;465;0;465;0;0;0;465;180;78;57;16;71;18;30;8;7;0;465;178;61;66;9;68;14;40;1;5;0;3;0;6;1;0;0;13;
09571180;Neuendettelsau;240;095711800015;BRIEFWAHLBEZIRK;Briefwahlbezirk 5;15;;;N;0;0;0;0;549;0;549;0;0;1;548;237;90;72;13;72;29;20;5;10;2;547;210;77;91;13;77;22;18;1;12;2;5;2;5;0;0;0;12;
09571183;Oberdachstetten;240;09571183;GEMEINDE;Oberdachstetten;;;;N;1273;713;560;0;1081;543;538;0;0;3;1078;427;164;81;30;220;59;62;19;16;3;1078;381;132;99;39;227;54;65;2;10;4;11;1;7;2;0;0;44;
09571183;Oberdachstetten;240;095711830001;STIMMBEZIRK;Stimmbezirk 1;0001;;;N;1273;713;560;0;543;543;0;0;0;2;541;183;70;42;12;157;30;32;6;9;2;541;163;57;49;18;160;24;34;1;3;3;3;1;4;1;0;0;20;
09571183;Oberdachstetten;240;095711830011;BRIEFWAHLBEZIRK;Stimmbezirk 11;0011;;;N;0;0;0;0;538;0;538;0;0;1;537;244;94;39;18;63;29;30;13;7;1;537;218;75;50;21;67;30;31;1;7;1;8;0;3;1;0;0;24;
09571190;Petersaurach;240;09571190;GEMEINDE;Petersaurach;;;;N;3848;2035;1813;0;3392;1634;1758;6;0;13;3379;1352;494;355;80;665;232;131;33;37;6;3386;1271;450;361;95;691;156;159;15;30;8;18;7;21;1;0;4;99;
09571190;Petersaurach;240;095711900001;STIMMBEZIRK;Petersaurach;001;;;N;1891;986;905;0;782;781;1;1;0;4;778;263;113;104;20;184;38;35;13;8;4;778;244;91;108;20;191;30;48;1;6;2;6;1;4;0;0;2;24;
09571190;Petersaurach;240;095711900002;STIMMBEZIRK;Wicklesgreuth;002;;;N;777;428;349;0;349;349;0;0;0;2;347;117;57;32;5;97;21;11;5;2;1;348;113;55;35;7;92;12;15;2;2;1;3;0;0;0;0;0;11;
09571190;Petersaurach;240;095711900003;STIMMBEZIRK;Großhaslach;003;;;N;759;380;379;0;309;304;5;5;0;1;308;124;31;20;9;70;26;24;2;2;0;309;115;37;16;12;73;14;24;1;4;2;0;0;2;0;0;0;9;
09571190;Petersaurach;240;095711900004;STIMMBEZIRK;Vestenberg;004;;;N;421;241;180;0;200;200;0;0;0;1;199;76;26;14;5;58;16;4;0;0;0;200;77;23;10;7;56;8;7;0;1;0;1;1;3;0;0;0;6;
09571190;Petersaurach;240;095711900011;BRIEFWAHLBEZIRK;Briefwahlbezirk 1;011;;;N;0;0;0;0;873;0;873;0;0;3;870;368;151;96;22;112;65;34;8;14;0;873;338;128;101;30;126;52;42;9;8;2;5;2;8;0;0;1;21;
09571190;Petersaurach;240;095711900012;BRIEFWAHLBEZIRK;Briefwahlbezirk 2;012;;;N;0;0;0;0;879;0;879;0;0;2;877;404;116;89;19;144;66;23;5;11;1;878;384;116;91;19;153;40;23;2;9;1;3;3;4;1;0;1;28;
09571193;Rothenburg ob der Tauber;240;09571193;GEMEINDE;Rothenburg ob der Tauber;;;;N;7914;4493;3421;0;6449;3207;3242;12;0;47;6402;2323;1179;658;230;1101;343;415;80;73;29;6420;2153;986;747;262;1111;257;449;22;57;31;25;7;41;4;2;6;260;
09571193;Rothenburg ob der Tauber;240;095711930001;STIMMBEZIRK;Stimmbezirk 1 - Stadtverwaltung Grüner Markt 1;1;;;N;933;512;421;0;342;342;0;0;0;1;341;81;66;55;12;64;19;32;8;4;1;341;69;58;67;14;65;5;37;3;5;3;1;0;1;0;0;2;11;
09571193;Rothenburg ob der Tauber;240;095711930002;STIMMBEZIRK;Stimmbezirk 2 - Berufsschule;2;;;N;889;498;391;0;404;403;1;1;0;2;402;138;93;47;9;78;9;20;3;5;1;403;136;79;50;12;77;6;24;0;3;2;1;0;2;0;0;0;11;
09571193;Rothenburg ob der Tauber;240;095711930003;STIMMBEZIRK;Stimmbezirk 3 - AWO Kindertagesstätte I;3;;;N;911;510;401;0;407;404;3;3;0;2;405;114;65;51;19;102;20;25;7;2;2;405;115;66;44;16;98;13;25;2;3;0;4;0;2;1;0;0;16;
09571193;Rothenburg ob der Tauber;240;095711930004;STIMMBEZIRK;Stimmbezirk 4 - AWO Kindertagesstätte II;4;;;N;968;501;467;0;396;394;2;2;0;2;394;131;57;35;14;101;17;32;2;5;2;394;124;44;37;13;98;12;38;0;6;1;0;0;5;0;0;0;16;
09571193;Rothenburg ob der Tauber;240;095711930005;STIMMBEZIRK;Stimmbezirk 5 - Ehem. Luitpoldschule Turnhalle I;5;;;N;868;504;364;0;325;322;3;3;0;1;324;106;63;23;5;70;10;44;2;1;1;324;98;47;30;14;68;7;43;0;2;0;0;0;2;0;0;0;13;
09571193;Rothenburg ob der Tauber;240;095711930006;STIMMBEZIRK;Stimmbezirk 6 - Ehem. Luitpoldschule Turnhalle II;6;;;N;942;557;385;0;351;351;0;0;0;6;345;128;55;24;12;80;13;30;3;0;2;349;118;48;26;10;83;11;27;1;4;1;1;1;4;0;0;0;14;
09571193;Rothenburg ob der Tauber;240;095711930007;STIMMBEZIRK;Stimmbezirk 7 - Topplergrundschule;7;;;N;1010;609;401;0;387;385;2;2;0;0;387;137;79;34;7;70;26;26;2;6;1;386;124;59;42;5;73;17;30;4;0;2;0;0;3;0;1;0;26;
09571193;Rothenburg ob der Tauber;240;095711930008;STIMMBEZIRK;Stimmbezirk 8 - Valentin-Ickelsamer-Mittelschule;8;;;N;859;473;386;0;322;321;1;1;0;6;316;89;62;20;10;96;12;19;4;4;5;317;80;60;20;13;96;5;20;1;1;1;0;0;0;0;0;0;20;
09571193;Rothenburg ob der Tauber;240;095711930009;STIMMBEZIRK;Stimmbezirk 9 - Detwang;9;;;N;168;100;68;0;86;86;0;0;0;0;86;24;21;9;4;14;7;6;1;0;0;86;24;14;9;4;14;7;6;1;0;0;0;0;0;0;0;0;7;
09571193;Rothenburg ob der Tauber;240;095711930010;STIMMBEZIRK;Stimmbezirk 10 - Leuzenbronn;10;;;N;192;119;73;0;104;104;0;0;0;0;104;39;11;1;9;28;12;1;3;0;0;104;32;8;2;15;33;7;2;0;0;0;1;0;0;0;0;0;4;
09571193;Rothenburg ob der Tauber;240;095711930011;STIMMBEZIRK;Stimmbezirk 11 - Bettenfeld;11;;;N;174;110;64;0;95;95;0;0;0;0;95;47;10;5;3;18;9;3;0;0;0;95;41;9;6;3;19;9;3;0;0;0;0;1;0;0;0;2;2;
09571193;Rothenburg ob der Tauber;240;095711930021;BRIEFWAHLBEZIRK;Briefwahl I - Rathaus Sitzungssaal;21;;;N;0;0;0;0;392;0;392;0;0;1;391;178;62;46;17;26;29;20;6;7;0;392;171;55;48;19;31;18;17;1;4;6;3;1;3;2;0;1;12;
09571193;Rothenburg ob der Tauber;240;095711930022;BRIEFWAHLBEZIRK;Briefwahl II - Stadtbauamt Besprechungszimmer Grüner Markt 1;22;;;N;0;0;0;0;484;0;484;0;0;1;483;169;93;58;25;72;23;29;8;6;1;483;148;66;63;31;74;25;47;0;7;3;5;1;3;0;0;0;10;
09571193;Rothenburg ob der Tauber;240;095711930023;BRIEFWAHLBEZIRK;Briefwahl III - Musiksaal;23;;;N;0;0;0;0;396;0;396;0;0;0;396;168;80;41;13;44;27;19;3;1;0;396;164;59;51;17;41;26;19;1;3;3;1;0;0;0;0;0;11;
09571193;Rothenburg ob der Tauber;240;095711930024;BRIEFWAHLBEZIRK;Briefwahl IV - Jugendzentrum I;24;;;N;0;0;0;0;392;0;392;0;0;6;386;154;67;55;11;41;23;21;7;7;6;386;141;71;61;14;39;12;22;1;2;0;3;0;2;0;1;0;17;
09571193;Rothenburg ob der Tauber;240;095711930025;BRIEFWAHLBEZIRK;Briefwahl V - Jugendzentrum II;25;;;N;0;0;0;0;394;0;394;0;0;7;387;131;82;38;16;53;28;26;6;7;2;392;119;63;54;13;57;23;29;3;5;4;2;1;0;0;0;0;19;
09571193;Rothenburg ob der Tauber;240;095711930026;BRIEFWAHLBEZIRK;Briefwahl VI - Rathaus Büro der Wirtschaftsförderung;26;;;N;0;0;0;0;392;0;392;0;0;4;388;161;79;33;17;51;10;27;4;6;0;392;148;67;39;17;47;17;25;1;2;1;1;2;5;1;0;1;18;
09571193;Rothenburg ob der Tauber;240;095711930027;BRIEFWAHLBEZIRK;Briefwahl VII - Stadtbücherei I;27;;;N;0;0;0;0;386;0;386;0;0;3;383;174;61;46;12;43;19;21;4;3;3;383;156;53;54;10;42;18;21;0;4;2;0;0;3;0;0;0;20;
09571193;Rothenburg ob der Tauber;240;095711930028;BRIEFWAHLBEZIRK;Briefwahl VIII - Stadtbücherei II;28;;;N;0;0;0;0;394;0;394;0;0;5;389;154;73;37;15;50;30;14;7;9;2;392;145;60;44;22;56;19;14;3;6;2;2;0;6;0;0;0;13;
09571196;Sachsen b.Ansbach;240;09571196;GEMEINDE;Sachsen b.Ansbach;;;;N;2779;1396;1383;0;2497;1153;1344;2;0;16;2481;1067;362;225;76;441;141;106;36;27;6;2491;992;295;262;107;452;95;131;9;10;6;16;3;14;1;1;8;89;
09571196;Sachsen b.Ansbach;240;095711960001;STIMMBEZIRK;Sachsen-Nord;0001;;;N;1387;704;683;0;559;558;1;1;0;3;556;221;79;40;11;134;25;33;4;9;3;556;202;59;47;21;139;15;41;2;1;1;2;1;3;1;0;1;20;
09571196;Sachsen b.Ansbach;240;095711960002;STIMMBEZIRK;Sachsen-Süd;0002;;;N;1392;692;700;0;596;595;1;1;0;0;596;227;80;66;23;142;21;30;6;1;0;596;211;63;74;26;144;16;39;0;2;1;2;0;1;0;0;4;13;
09571196;Sachsen b.Ansbach;240;095711960011;BRIEFWAHLBEZIRK;Briefwahl 11;11;;;N;0;0;0;0;465;0;465;0;0;1;464;224;74;43;17;52;30;10;10;4;1;464;216;67;43;15;56;24;11;6;1;2;3;2;3;0;1;0;14;
09571196;Sachsen b.Ansbach;240;095711960012;BRIEFWAHLBEZIRK;Briefwahl 12;12;;;N;0;0;0;0;501;0;501;0;0;5;496;217;74;48;17;61;45;18;7;9;0;501;201;61;63;23;61;28;23;0;3;1;5;0;5;0;0;1;26;
09571196;Sachsen b.Ansbach;240;095711960013;BRIEFWAHLBEZIRK;Briefwahl 13;13;;;N;0;0;0;0;376;0;376;0;0;7;369;178;55;28;8;52;20;15;9;4;2;374;162;45;35;22;52;12;17;1;3;1;4;0;2;0;0;2;16;
09571199;Schnelldorf;240;09571199;GEMEINDE;Schnelldorf;;;;N;2764;1668;1096;0;2405;1328;1077;3;0;10;2395;973;317;182;73;556;148;101;21;24;7;2398;874;284;205;78;561;122;117;7;19;8;4;5;13;1;0;0;100;
09571199;Schnelldorf;240;095711990001;STIMMBEZIRK;Schnelldorf-West;0001;;;N;629;379;250;0;294;293;1;1;0;2;292;93;35;17;11;99;20;16;1;0;2;292;85;37;19;8;95;18;12;1;3;0;0;0;0;0;0;0;14;
09571199;Schnelldorf;240;095711990002;STIMMBEZIRK;Schnelldorf-Mitte;0002;;;N;540;303;237;0;242;242;0;0;0;1;241;85;22;17;3;85;15;11;1;2;0;242;72;24;20;3;83;13;11;1;0;1;0;0;2;0;0;0;12;
09571199;Schnelldorf;240;095711990003;STIMMBEZIRK;Schnelldorf-Süd;0003;;;N;454;271;183;0;216;216;0;0;0;1;215;89;23;17;5;66;5;7;1;2;1;215;75;20;21;10;70;6;9;0;0;0;1;0;2;0;0;0;1;
09571199;Schnelldorf;240;095711990004;STIMMBEZIRK;Unterampfrach;0004;;;N;435;260;175;0;211;209;2;2;0;0;211;82;28;17;6;47;18;9;1;3;1;210;74;19;20;9;50;18;11;0;0;1;0;0;2;0;0;0;6;
09571199;Schnelldorf;240;095711990005;STIMMBEZIRK;Haundorf;0005;;;N;222;135;87;0;107;107;0;0;0;2;105;35;9;11;2;32;6;6;2;2;1;106;24;11;11;6;33;3;10;0;1;0;0;0;0;1;0;0;6;
09571199;Schnelldorf;240;095711990006;STIMMBEZIRK;Wildenholz;0006;;;N;312;185;127;0;148;148;0;0;0;0;148;55;21;12;4;39;9;5;2;1;0;148;51;20;14;4;36;7;9;0;0;0;0;0;1;0;0;0;6;
09571199;Schnelldorf;240;095711990007;STIMMBEZIRK;Gailroth;0007;;;N;172;135;37;0;113;113;0;0;0;2;111;71;9;0;4;14;8;2;1;2;0;113;68;5;2;2;15;6;6;3;0;1;0;0;0;0;0;0;5;
09571199;Schnelldorf;240;095711990011;BRIEFWAHLBEZIRK;Briefwahlvorstand;0011;;;N;0;0;0;0;370;0;370;0;0;0;370;174;71;27;9;55;20;10;2;2;1;369;164;59;30;11;53;18;18;0;2;1;0;1;2;0;0;0;10;
09571199;Schnelldorf;240;095711990012;BRIEFWAHLBEZIRK;Briefwahlvorstand;0012;;;N;0;0;0;0;404;0;404;0;0;2;402;176;65;28;11;74;22;16;5;5;1;403;159;57;29;9;79;15;17;0;8;0;2;3;4;0;0;0;21;
09571199;Schnelldorf;240;095711990013;BRIEFWAHLBEZIRK;Briefwahlvorstand;0013;;;N;0;0;0;0;300;0;300;0;0;0;300;113;34;36;18;45;25;19;5;5;0;300;102;32;39;16;47;18;14;2;5;4;1;1;0;0;0;0;19;
09571200;Schopfloch;240;09571200;GEMEINDE;Schopfloch;;;;N;2119;1085;1034;0;1796;793;1003;0;0;10;1786;737;295;76;39;456;77;78;5;23;6;1790;673;242;106;62;466;57;70;10;17;5;1;0;11;0;0;2;68;
09571200;Schopfloch;240;095712000001;STIMMBEZIRK;Schulturnhalle Schopfloch;001;;;N;768;398;370;0;274;274;0;0;0;1;273;99;41;9;3;88;6;23;0;4;1;273;91;30;13;7;85;5;18;4;2;2;0;0;1;0;0;1;14;
09571200;Schopfloch;240;095712000002;STIMMBEZIRK;Evang. Gemeindehaus Schopfloch;002;;;N;944;475;469;0;345;345;0;0;0;6;339;112;56;16;6;126;11;7;0;5;3;342;102;39;22;12;134;7;12;0;3;1;0;0;1;0;0;0;9;
09571200;Schopfloch;240;095712000003;STIMMBEZIRK;Evang. Gemeindehaus Lehengütingen;003;;;N;407;212;195;0;174;174;0;0;0;1;173;82;17;13;3;38;11;7;1;1;0;174;70;16;17;8;41;7;7;0;2;0;1;0;0;0;0;0;5;
09571200;Schopfloch;240;095712000011;BRIEFWAHLBEZIRK;Briefwahlbezirk 1, Sitzungssaal;011;;;N;0;0;0;0;505;0;505;0;0;2;503;236;91;15;13;91;22;21;3;11;1;504;217;80;26;19;95;16;14;3;4;2;0;0;9;0;0;0;19;
09571200;Schopfloch;240;095712000012;BRIEFWAHLBEZIRK;Briefwahlbezirk 2, Schulturnhalle;012;;;N;0;0;0;0;498;0;498;0;0;0;498;208;90;23;14;113;27;20;1;2;1;497;193;77;28;16;111;22;19;3;6;0;0;0;0;0;0;1;21;
09571214;Wassertrüdingen;240;09571214;GEMEINDE;Wassertrüdingen;;;;N;4417;2787;1630;0;3574;2010;1564;8;0;25;3549;1505;423;244;93;894;167;173;33;17;15;3559;1326;365;287;130;896;149;166;19;27;9;13;4;10;0;0;8;150;
09571214;Wassertrüdingen;240;095712140001;STIMMBEZIRK;Betty-Staedtler-Mittelschule;1;;;N;1764;1100;664;0;793;792;1;1;0;6;787;235;87;52;18;311;24;50;7;3;8;785;195;70;60;27;301;20;57;5;5;0;5;0;1;0;0;1;38;
09571214;Wassertrüdingen;240;095712140002;STIMMBEZIRK;Bürgersaal;2;;;N;1258;830;428;0;499;498;1;1;0;7;492;171;54;34;13;166;13;37;3;1;2;497;152;44;45;10;179;11;29;0;1;2;2;0;0;0;0;3;19;
09571214;Wassertrüdingen;240;095712140003;STIMMBEZIRK;Altentrüdingen;3;;;N;157;109;48;0;96;96;0;0;0;0;96;47;13;10;2;18;4;2;0;0;1;95;39;13;14;5;20;2;1;0;0;0;0;0;0;0;0;0;1;
09571214;Wassertrüdingen;240;095712140004;STIMMBEZIRK;Schobdach;4;;;N;119;90;29;0;74;74;0;0;0;0;74;29;8;5;5;17;8;2;0;0;0;74;27;6;5;4;17;8;4;0;0;0;0;0;0;0;0;2;1;
09571214;Wassertrüdingen;240;095712140005;STIMMBEZIRK;Obermögersheim;5;;;N;408;217;191;0;182;177;5;5;0;0;182;102;22;5;4;28;14;5;2;0;0;182;101;22;6;4;32;4;3;1;0;1;2;0;0;0;0;0;6;
09571214;Wassertrüdingen;240;095712140006;STIMMBEZIRK;Fürnheim/Reichenbach;6;;;N;288;177;111;0;149;149;0;0;0;1;148;70;25;9;4;27;6;6;0;1;1;148;64;27;10;7;25;5;6;0;0;0;0;0;1;0;0;0;3;
09571214;Wassertrüdingen;240;095712140007;STIMMBEZIRK;Geilsheim;7;;;N;423;264;159;0;225;224;1;1;0;2;223;111;19;23;1;47;13;6;3;0;0;225;101;20;20;4;48;15;6;1;3;0;0;1;0;0;0;0;6;
09571214;Wassertrüdingen;240;095712140011;BRIEFWAHLBEZIRK;Briefwahlbezirk I;11;;;N;0;0;0;0;623;0;623;0;0;3;620;282;88;31;18;121;32;31;11;6;1;622;247;70;38;25;118;28;29;5;11;4;0;1;5;0;0;0;41;
09571214;Wassertrüdingen;240;095712140012;BRIEFWAHLBEZIRK;Briefwahlbezirk II;12;;;N;0;0;0;0;462;0;462;0;0;4;458;215;57;42;11;88;23;20;2;0;0;462;199;50;46;19;83;17;17;3;2;0;1;1;1;0;0;0;23;
09571214;Wassertrüdingen;240;095712140013;BRIEFWAHLBEZIRK;Briefwahlbezirk III;13;;;N;0;0;0;0;471;0;471;0;0;2;469;243;50;33;17;71;30;14;5;6;2;469;201;43;43;25;73;39;14;4;5;2;3;1;2;0;0;2;12;
09571226;Windsbach;240;09571226;GEMEINDE;Windsbach;;;;N;4467;2364;2103;0;3843;1820;2023;0;0;14;3829;1670;418;326;91;881;198;163;43;39;11;3832;1480;383;340;139;895;191;163;23;36;12;23;6;14;2;0;5;120;
09571226;Windsbach;240;095712260001;STIMMBEZIRK;Rentamt (Bürgersaal);0001;;;N;1232;652;580;0;486;486;0;0;0;1;485;161;45;45;8;166;22;25;5;8;3;483;135;37;42;20;164;24;22;2;9;1;5;1;1;1;0;0;19;
09571226;Windsbach;240;095712260002;STIMMBEZIRK;Städt. Kindergarten "MUKKI";0002;;;N;1003;565;438;0;401;401;0;0;0;0;401;176;38;47;7;88;13;27;2;3;2;399;145;41;47;18;89;13;29;0;3;1;1;0;1;0;0;0;11;
09571226;Windsbach;240;095712260003;STIMMBEZIRK;Grund- und Mittelschule;0003;;;N;1383;735;648;0;596;596;0;0;0;8;588;224;66;39;18;182;27;30;0;2;1;595;188;56;52;29;186;17;25;3;5;2;1;2;0;0;0;1;28;
09571226;Windsbach;240;095712260004;STIMMBEZIRK;Städt. Kindergarten "Aurachstrolche";0004;;;N;849;412;437;0;337;337;0;0;0;1;336;160;32;19;9;88;11;13;3;1;3;334;149;29;21;9;90;12;11;0;4;0;1;0;1;0;0;1;6;
09571226;Windsbach;240;095712260011;BRIEFWAHLBEZIRK;Rathaus (Großer Sitzungssaal);0011;;;N;0;0;0;0;497;0;497;0;0;0;497;227;60;44;13;89;33;13;9;9;0;497;207;48;47;20;93;33;12;5;2;2;4;0;6;0;0;1;17;
09571226;Windsbach;240;095712260012;BRIEFWAHLBEZIRK;Evang.-Luth. Gemeindehaus (Erdgeschoss);0012;;;N;0;0;0;0;542;0;542;0;0;1;541;264;68;49;12;87;36;15;8;2;1;541;235;64;52;19;92;35;16;4;3;2;4;0;2;0;0;1;12;
09571226;Windsbach;240;095712260013;BRIEFWAHLBEZIRK;Evang.-Luth. Dekanat (Heinrich-Brandt-Saal);0013;;;N;0;0;0;0;504;0;504;0;0;2;502;235;56;39;11;99;33;15;9;5;1;503;233;46;37;9;101;26;21;5;4;1;4;2;1;0;0;1;12;
09571226;Windsbach;240;095712260014;BRIEFWAHLBEZIRK;Röm.-Kath.-Pfarramt (Pfarrsaal);0014;;;N;0;0;0;0;480;0;480;0;0;1;479;223;53;44;13;82;23;25;7;9;0;480;188;62;42;15;80;31;27;4;6;3;3;1;2;1;0;0;15;
;;240;095715501;VERBANDSGEMEINDE;Verwaltungsgemeinschaft Rothenburg ob der Tauber;;;;N;7870;4514;3356;0;6998;3765;3233;5;0;30;6968;3079;808;487;196;1384;540;304;110;60;30;6968;2844;725;531;250;1381;484;300;27;47;32;43;13;42;4;1;15;229;
09571111;Adelshofen;240;09571111;GEMEINDE;Adelshofen;;;;N;734;310;424;0;660;251;409;0;0;2;658;333;67;30;19;134;56;14;1;4;5;655;305;54;36;19;134;57;20;3;2;2;3;0;3;0;0;1;16;
09571111;Adelshofen;240;095711110001;STIMMBEZIRK;Adelshofen;1;;;N;734;310;424;0;251;251;0;0;0;1;250;115;22;11;4;76;16;4;0;2;2;249;103;23;12;7;71;14;6;3;0;1;2;0;0;0;0;1;6;
09571111;Adelshofen;240;095711110011;BRIEFWAHLBEZIRK;Briefwahl Adelshofen;11;;;N;0;0;0;0;409;0;409;0;0;1;408;218;45;19;15;58;40;10;1;2;3;406;202;31;24;12;63;43;14;0;2;1;1;0;3;0;0;0;10;
09571152;Gebsattel;240;09571152;GEMEINDE;Gebsattel;;;;N;1382;834;548;0;1221;689;532;3;0;6;1215;460;199;91;38;228;101;67;21;10;9;1212;426;173;111;43;208;84;58;8;8;11;4;2;6;1;1;5;63;
09571152;Gebsattel;240;095711520001;STIMMBEZIRK;Gebsattel;1;;;N;1382;834;548;0;692;689;3;3;0;5;687;244;107;56;23;148;47;46;12;4;8;684;228;96;60;29;133;33;35;6;4;5;2;0;1;1;1;4;46;
09571152;Gebsattel;240;095711520011;BRIEFWAHLBEZIRK;Briefwahl Gebsattel;11;;;N;0;0;0;0;529;0;529;0;0;1;528;216;92;35;15;80;54;21;9;6;1;528;198;77;51;14;75;51;23;2;4;6;2;2;5;0;0;1;17;
09571155;Geslau;240;09571155;GEMEINDE;Geslau;;;;N;1070;545;525;0;950;445;505;0;0;4;946;433;78;40;24;181;112;35;33;10;2;948;403;61;52;27;193;111;45;0;3;1;14;1;6;1;0;2;28;
09571155;Geslau;240;095711550001;STIMMBEZIRK;Geslau;1;;;N;1070;545;525;0;445;445;0;0;0;3;442;187;29;15;12;125;37;19;14;4;1;444;177;24;19;15;129;30;24;0;3;0;11;1;1;0;0;0;10;
09571155;Geslau;240;095711550011;BRIEFWAHLBEZIRK;Briefwahl Geslau;11;;;N;0;0;0;0;505;0;505;0;0;1;504;246;49;25;12;56;75;16;19;6;1;504;226;37;33;12;64;81;21;0;0;1;3;0;5;1;0;2;18;
09571169;Insingen;240;09571169;GEMEINDE;Insingen;;;;N;866;585;281;0;768;497;271;1;0;3;765;339;73;52;27;172;56;35;6;5;1;767;314;67;57;32;168;39;35;1;5;6;3;3;6;0;0;0;31;
09571169;Insingen;240;095711690001;STIMMBEZIRK;Insingen;1;;;N;670;444;226;0;371;371;0;0;0;1;370;163;40;21;13;83;23;23;1;3;0;371;148;33;27;19;84;14;20;0;0;3;1;1;2;0;0;0;19;
09571169;Insingen;240;095711690002;STIMMBEZIRK;Lohr;2;;;N;196;141;55;0;127;126;1;1;0;0;127;51;7;8;6;36;10;8;1;0;0;127;55;5;6;4;36;6;10;1;0;1;0;0;1;0;0;0;2;
09571169;Insingen;240;095711690011;BRIEFWAHLBEZIRK;Briefwahl Insingen;11;;;N;0;0;0;0;270;0;270;0;0;2;268;125;26;23;8;53;23;4;4;2;1;269;111;29;24;9;48;19;5;0;5;2;2;2;3;0;0;0;10;
09571181;Neusitz;240;09571181;GEMEINDE;Neusitz;;;;N;1538;901;637;0;1338;730;608;0;0;6;1332;548;183;135;33;264;73;71;16;9;6;1332;488;174;130;63;276;60;61;5;15;5;6;4;9;1;0;1;34;
09571181;Neusitz;240;095711810001;STIMMBEZIRK;Neusitz;1;;;N;1231;683;548;0;561;561;0;0;0;0;561;222;53;52;20;142;26;36;7;3;2;559;212;55;42;27;143;18;28;1;4;4;1;1;3;0;0;1;19;
09571181;Neusitz;240;095711810002;STIMMBEZIRK;Schweinsdorf;2;;;N;307;218;89;0;169;169;0;0;0;1;168;67;29;14;4;31;13;6;4;0;1;168;62;24;11;11;36;6;13;0;2;0;3;0;0;0;0;0;0;
09571181;Neusitz;240;095711810011;BRIEFWAHLBEZIRK;Briefwahl Neusitz;11;;;N;0;0;0;0;608;0;608;0;0;5;603;259;101;69;9;91;34;29;5;6;3;605;214;95;77;25;97;36;20;4;9;1;2;3;6;1;0;0;15;
09571188;Ohrenbach;240;09571188;GEMEINDE;Ohrenbach;;;;N;464;269;195;0;422;232;190;0;0;1;421;201;36;35;11;81;34;11;6;6;1;421;185;34;33;11;86;38;8;0;1;2;5;0;3;1;0;2;12;
09571188;Ohrenbach;240;095711880001;STIMMBEZIRK;Ohrenbach;1;;;N;464;269;195;0;232;232;0;0;0;1;231;111;14;26;6;51;15;4;3;1;1;231;102;16;22;8;54;16;6;0;0;0;3;0;1;1;0;0;2;
09571188;Ohrenbach;240;095711880011;BRIEFWAHLBEZIRK;Briefwahl Ohrenbach;11;;;N;0;0;0;0;190;0;190;0;0;0;190;90;22;9;5;30;19;7;3;5;0;190;83;18;11;3;32;22;2;0;1;2;2;0;2;0;0;2;10;
09571205;Steinsfeld;240;09571205;GEMEINDE;Steinsfeld;;;;N;976;561;415;0;886;485;401;0;0;2;884;432;81;45;34;181;54;35;11;11;2;884;405;73;49;37;176;45;38;5;11;3;5;0;8;0;0;0;29;
09571205;Steinsfeld;240;095712050001;STIMMBEZIRK;Steinsfeld;1;;;N;976;561;415;0;485;485;0;0;0;0;485;251;41;27;19;97;20;18;6;6;1;484;239;38;33;18;94;13;17;2;9;1;2;0;4;0;0;0;14;
09571205;Steinsfeld;240;095712050011;BRIEFWAHLBEZIRK;Briefwahl Steinsfeld;11;;;N;0;0;0;0;401;0;401;0;0;2;399;181;40;18;15;84;34;17;5;5;1;400;166;35;16;19;82;32;21;3;2;2;3;0;4;0;0;0;15;
09571225;Windelsbach;240;09571225;GEMEINDE;Windelsbach;;;;N;840;509;331;0;753;436;317;1;0;6;747;333;91;59;10;143;54;36;16;5;4;749;318;89;63;18;140;50;35;5;2;2;3;3;1;0;0;4;16;
09571225;Windelsbach;240;095712250001;STIMMBEZIRK;Windelsbach;1;;;N;840;509;331;0;437;436;1;1;0;5;432;177;56;47;6;90;21;22;11;2;4;433;167;60;47;12;87;19;20;1;2;1;1;1;1;0;0;2;12;
09571225;Windelsbach;240;095712250011;BRIEFWAHLBEZIRK;Briefwahl Windelsbach;11;;;N;0;0;0;0;316;0;316;0;0;1;315;156;35;12;4;53;33;14;5;3;0;316;151;29;16;6;53;31;15;4;0;1;2;2;0;0;0;2;4;
;;240;095715502;VERBANDSGEMEINDE;Verwaltungsgemeinschaft Schillingsfürst;;;;N;6993;4311;2682;0;5911;3326;2585;3;0;27;5884;2317;705;381;135;1537;416;240;76;77;18;5893;2065;642;441;188;1528;342;267;27;46;28;25;7;41;9;0;7;230;
09571125;Buch a.Wald;240;09571125;GEMEINDE;Buch a.Wald;;;;N;763;485;278;0;684;418;266;0;0;1;683;288;61;48;22;161;55;31;9;8;1;683;258;55;56;25;161;60;32;2;1;3;3;0;7;1;0;0;19;
09571125;Buch a.Wald;240;095711250001;STIMMBEZIRK;Stimmbezirk 1 - Buch am Wald;0001;;;N;428;275;153;0;229;229;0;0;0;0;229;95;15;8;11;73;13;10;3;1;0;229;77;20;13;13;70;14;10;0;1;0;1;0;2;0;0;0;8;
09571125;Buch a.Wald;240;095711250002;STIMMBEZIRK;Stimmbezirk 2 - Buch am Wald;0002;;;N;335;210;125;0;189;189;0;0;0;1;188;75;20;20;2;37;17;10;4;3;1;188;71;12;24;6;42;17;10;0;0;1;1;0;3;0;0;0;1;
09571125;Buch a.Wald;240;095711250011;BRIEFWAHLBEZIRK;Briefwahlbezirk - Buch am Wald;0011;;;N;0;0;0;0;266;0;266;0;0;0;266;118;26;20;9;51;25;11;2;4;0;266;110;23;19;6;49;29;12;2;0;2;1;0;2;1;0;0;10;
09571134;Diebach;240;09571134;GEMEINDE;Diebach;;;;N;863;561;302;0;762;465;297;0;0;4;758;271;106;46;9;222;51;26;17;10;3;759;238;97;56;16;228;32;21;5;11;6;6;1;4;5;0;2;31;
09571134;Diebach;240;095711341001;STIMMBEZIRK;Stimmbezirk - Diebach;0101;;;N;863;561;302;0;465;465;0;0;0;3;462;141;55;22;5;176;26;20;11;6;3;462;121;52;30;10;180;17;15;4;3;5;5;0;1;3;0;0;16;
09571134;Diebach;240;095711341011;BRIEFWAHLBEZIRK;Briefwahlbezirk - Diebach;0111;;;N;0;0;0;0;297;0;297;0;0;1;296;130;51;24;4;46;25;6;6;4;0;297;117;45;26;6;48;15;6;1;8;1;1;1;3;2;0;2;15;
09571137;Dombühl;240;09571137;GEMEINDE;Dombühl;;;;N;1286;793;493;0;1066;592;474;1;0;4;1062;405;111;79;27;303;62;48;14;13;2;1064;355;96;83;35;299;49;59;1;5;5;6;2;8;1;0;1;59;
09571137;Dombühl;240;095711372001;STIMMBEZIRK;Stimmbezirk - Dombühl;0201;;;N;1286;793;493;0;593;592;1;1;0;4;589;200;43;46;9;226;36;21;5;3;2;591;171;38;51;19;225;26;25;0;2;0;2;0;2;1;0;1;28;
09571137;Dombühl;240;095711372011;BRIEFWAHLBEZIRK;Briefwahlbezirk - Dombühl;0211;;;N;0;0;0;0;473;0;473;0;0;0;473;205;68;33;18;77;26;27;9;10;0;473;184;58;32;16;74;23;34;1;3;5;4;2;6;0;0;0;31;
09571198;Schillingsfürst;240;09571198;GEMEINDE;Schillingsfürst;;;;N;2017;1134;883;0;1679;823;856;2;0;9;1670;616;235;96;40;407;151;77;19;29;5;1674;561;225;116;51;401;115;78;9;17;8;2;1;11;1;0;3;75;
09571198;Schillingsfürst;240;095711983001;STIMMBEZIRK;Stimmbezirk 1 - Schillingsfürst;0301;;;N;1035;567;468;0;406;404;2;2;0;4;402;116;49;28;9;142;26;22;5;5;3;403;105;48;31;12;135;22;21;2;6;1;0;0;4;0;0;0;16;
09571198;Schillingsfürst;240;095711983002;STIMMBEZIRK;Stimmbezirk 2 - Schillingsfürst;0302;;;N;982;567;415;0;419;419;0;0;0;2;417;137;51;16;5;135;44;18;4;7;1;418;125;51;21;10;132;30;16;1;3;1;1;0;2;1;0;1;23;
09571198;Schillingsfürst;240;095711983011;BRIEFWAHLBEZIRK;Briefwahlbezirk 1 - Schillingsfürst;0311;;;N;0;0;0;0;454;0;454;0;0;0;454;214;61;27;13;56;41;25;8;9;1;453;195;60;30;15;62;29;30;1;4;3;1;1;3;0;0;1;18;
09571198;Schillingsfürst;240;095711983012;BRIEFWAHLBEZIRK;Briefwahlbezirk 2 - Schillingsfürst;0312;;;N;0;0;0;0;400;0;400;0;0;3;397;149;74;25;13;74;40;12;2;8;0;400;136;66;34;14;72;34;11;5;4;3;0;0;2;0;0;1;18;
09571222;Wettringen;240;09571222;GEMEINDE;Wettringen;;;;N;731;494;237;0;617;393;224;0;0;4;613;247;84;40;12;164;39;18;7;2;3;614;216;70;46;26;153;39;23;7;5;2;7;1;2;0;0;1;16;
09571222;Wettringen;240;095712224001;STIMMBEZIRK;Stimmbezirk 1  - Wettringen;0401;;;N;526;339;187;0;263;263;0;0;0;3;260;111;29;13;5;81;12;5;4;0;2;261;92;21;14;14;79;14;8;4;0;1;5;0;0;0;0;0;9;
09571222;Wettringen;240;095712224002;STIMMBEZIRK;Stimmbezirk 2 - Wettringen;0402;;;N;205;155;50;0;130;130;0;0;0;0;130;50;20;9;3;34;9;2;3;0;0;130;44;21;10;5;33;6;3;1;1;1;2;0;0;0;0;1;2;
09571222;Wettringen;240;095712224011;BRIEFWAHLBEZIRK;Briefwahlbezirk - Wettringen;0411;;;N;0;0;0;0;224;0;224;0;0;1;223;86;35;18;4;49;18;11;0;2;1;223;80;28;22;7;41;19;12;2;4;0;0;1;2;0;0;0;5;
09571228;Wörnitz;240;09571228;GEMEINDE;Wörnitz;;;;N;1333;844;489;0;1103;635;468;0;0;5;1098;490;108;72;25;280;58;40;10;15;4;1099;437;99;84;35;286;47;54;3;7;4;1;2;9;1;0;0;30;
09571228;Wörnitz;240;095712285001;STIMMBEZIRK;Stimmbezirk 1 - Wörnitz;0501;;;N;1062;673;389;0;490;490;0;0;0;3;487;205;40;22;11;164;18;21;2;4;2;488;178;44;25;13;162;11;31;1;2;3;0;0;3;0;0;0;15;
09571228;Wörnitz;240;095712285002;STIMMBEZIRK;Stimmbezirk 2 - Wörnitz;0502;;;N;271;171;100;0;145;145;0;0;0;1;144;63;13;16;3;29;13;4;1;2;2;143;58;8;17;5;31;14;4;0;1;0;0;0;0;0;0;0;5;
09571228;Wörnitz;240;095712285011;BRIEFWAHLBEZIRK;Briefwahlbezirk - Wörnitz;0511;;;N;0;0;0;0;468;0;468;0;0;1;467;222;55;34;11;87;27;15;7;9;0;468;201;47;42;17;93;22;19;2;4;1;1;2;6;1;0;0;10;
;;240;095715504;VERBANDSGEMEINDE;Verwaltungsgemeinschaft Weihenzell;;;;N;4296;2184;2112;0;3642;1597;2045;0;0;19;3623;1634;459;357;85;586;267;162;53;20;14;3628;1527;405;378;95;588;216;190;18;34;13;33;6;16;3;2;1;103;
09571122;Bruckberg;240;09571122;GEMEINDE;Bruckberg;;;;N;990;629;361;0;680;334;346;0;0;7;673;266;108;67;17;114;38;40;18;5;5;675;240;101;70;15;112;29;46;2;17;0;12;1;5;0;1;1;23;
09571122;Bruckberg;240;095711220001;STIMMBEZIRK;Stimmbezirk 1;1;;;N;990;629;361;0;334;334;0;0;0;4;330;117;55;29;9;77;14;20;8;1;4;330;110;47;33;7;74;9;23;1;7;0;5;0;2;0;0;1;11;
09571122;Bruckberg;240;095711220011;BRIEFWAHLBEZIRK;Stimmbezirk 11;11;;;N;0;0;0;0;346;0;346;0;0;3;343;149;53;38;8;37;24;20;10;4;1;345;130;54;37;8;38;20;23;1;10;0;7;1;3;0;1;0;12;
09571194;Rügland;240;09571194;GEMEINDE;Rügland;;;;N;1004;520;484;0;902;426;476;0;0;3;899;399;99;78;13;187;60;56;5;2;0;902;371;87;75;14;187;58;58;9;7;2;7;2;4;2;1;0;18;
09571194;Rügland;240;095711940001;STIMMBEZIRK;Stimmbezirk 1;1;;;N;623;303;320;0;242;242;0;0;0;2;240;80;23;27;4;70;11;24;1;0;0;242;76;20;25;3;70;12;26;3;0;1;1;0;1;0;0;0;4;
09571194;Rügland;240;095711940002;STIMMBEZIRK;Stimmbezirk 2;2;;;N;381;217;164;0;184;184;0;0;0;0;184;87;14;15;5;38;16;7;2;0;0;184;75;17;13;7;36;18;3;1;3;1;1;1;0;1;0;0;7;
09571194;Rügland;240;095711940011;BRIEFWAHLBEZIRK;Stimmbezirk 11;11;;;N;0;0;0;0;476;0;476;0;0;1;475;232;62;36;4;79;33;25;2;2;0;476;220;50;37;4;81;28;29;5;4;0;5;1;3;1;1;0;7;
09571217;Weihenzell;240;09571217;GEMEINDE;Weihenzell;;;;N;2302;1035;1267;0;2060;837;1223;0;0;9;2051;969;252;212;55;285;169;66;30;13;9;2051;916;217;233;66;289;129;86;7;10;11;14;3;7;1;0;0;62;
09571217;Weihenzell;240;095712170001;STIMMBEZIRK;Stimmbezirk 1;1;;;N;1371;637;734;0;521;521;0;0;0;4;517;210;55;61;15;111;33;23;4;5;3;518;188;60;61;20;115;18;26;2;2;3;2;0;3;0;0;0;18;
09571217;Weihenzell;240;095712170002;STIMMBEZIRK;Stimmbezirk 2;2;;;N;931;398;533;0;316;316;0;0;0;1;315;149;31;30;8;53;24;12;7;1;1;315;138;24;33;12;56;17;16;1;1;1;5;0;0;0;0;0;11;
09571217;Weihenzell;240;095712170011;BRIEFWAHLBEZIRK;Stimmbezirk 11;11;;;N;0;0;0;0;712;0;712;0;0;3;709;348;112;72;19;63;66;13;12;4;4;708;342;93;75;20;56;50;27;4;3;5;6;2;3;1;0;0;21;
09571217;Weihenzell;240;095712170012;BRIEFWAHLBEZIRK;Stimmbezirk 12;12;;;N;0;0;0;0;511;0;511;0;0;1;510;262;54;49;13;58;46;18;7;3;1;510;248;40;64;14;62;44;17;0;4;2;1;1;1;0;0;0;12;
;;240;095715506;VERBANDSGEMEINDE;Verwaltungsgemeinschaft Triesdorf;;;;N;2961;1377;1584;0;2588;1075;1513;3;0;14;2574;1071;283;254;74;510;199;116;44;23;11;2577;964;240;287;89;544;184;137;7;15;12;25;2;8;0;0;1;62;
09571189;Ornbau;240;09571189;GEMEINDE;Ornbau;;;;N;1259;551;708;0;1111;443;668;3;0;5;1106;494;95;87;27;230;106;44;11;12;2;1109;441;71;90;38;249;100;67;3;6;8;6;0;4;0;0;1;25;
09571189;Ornbau;240;095711890001;STIMMBEZIRK;Rathaus;0001;;;N;1259;551;708;0;446;443;3;3;0;2;444;166;38;45;9;124;29;25;3;5;1;445;150;32;43;10;132;23;36;1;1;3;1;0;1;0;0;0;12;
09571189;Ornbau;240;095711890011;BRIEFWAHLBEZIRK;Haus der Musik EG;0011;;;N;0;0;0;0;341;0;341;0;0;2;339;174;31;16;9;48;44;10;4;3;1;340;154;27;18;17;53;46;14;0;2;1;2;0;1;0;0;0;5;
09571189;Ornbau;240;095711890012;BRIEFWAHLBEZIRK;Haus der Musik OG;0012;;;N;0;0;0;0;324;0;324;0;0;1;323;154;26;26;9;58;33;9;4;4;0;324;137;12;29;11;64;31;17;2;3;4;3;0;2;0;0;1;8;
09571216;Weidenbach;240;09571216;GEMEINDE;Weidenbach;;;;N;1702;826;876;0;1477;632;845;0;0;9;1468;577;188;167;47;280;93;72;33;11;9;1468;523;169;197;51;295;84;70;4;9;4;19;2;4;0;0;0;37;
09571216;Weidenbach;240;095712160001;STIMMBEZIRK;Bürgerhaus Bürgersaal;0001;;;N;1702;826;876;0;632;632;0;0;0;8;624;213;78;80;17;152;32;32;13;7;6;626;202;71;89;21;155;22;35;3;5;1;6;0;2;0;0;0;14;
09571216;Weidenbach;240;095712160011;BRIEFWAHLBEZIRK;Bürgerhaus - Sitzungsraum;0011;;;N;0;0;0;0;418;0;418;0;0;1;417;202;54;36;12;57;28;14;12;2;2;416;180;41;48;12;61;37;12;1;0;3;9;0;0;0;0;0;12;
09571216;Weidenbach;240;095712160012;BRIEFWAHLBEZIRK;Bürgerhaus großer Mehrzweckraum;0012;;;N;0;0;0;0;427;0;427;0;0;0;427;162;56;51;18;71;33;26;8;2;1;426;141;57;60;18;79;25;23;0;4;0;4;2;2;0;0;0;11;
;;240;095715507;VERBANDSGEMEINDE;Verwaltungsgemeinschaft Dentlein a.Forst;;;;N;3818;1811;2007;0;3341;1401;1940;10;0;20;3321;1414;318;171;92;944;202;114;40;26;11;3330;1252;292;192;118;957;169;126;13;25;13;25;0;18;3;0;4;123;
09571128;Burk;240;09571128;GEMEINDE;Burk;;;;N;883;428;455;0;740;296;444;0;0;8;732;316;71;30;13;208;50;30;9;5;3;737;283;59;36;19;212;42;34;9;4;1;8;0;7;2;0;1;20;
09571128;Burk;240;095711280001;STIMMBEZIRK;Sporthalle;0001;;;N;883;428;455;0;296;296;0;0;0;3;293;106;33;14;7;98;16;12;4;3;2;294;97;27;17;7;100;11;14;4;2;1;2;0;4;1;0;0;7;
09571128;Burk;240;095711280011;BRIEFWAHLBEZIRK;Briefwahl;0011;;;N;0;0;0;0;444;0;444;0;0;5;439;210;38;16;6;110;34;18;5;2;1;443;186;32;19;12;112;31;20;5;2;0;6;0;3;1;0;1;13;
09571132;Dentlein a.Forst;240;09571132;GEMEINDE;Dentlein a.Forst;;;;N;1871;903;968;0;1644;709;935;5;0;7;1637;676;149;90;54;505;90;48;16;9;7;1637;603;132;100;66;510;64;50;3;15;8;6;0;6;1;0;3;70;
09571132;Dentlein a.Forst;240;095711320001;STIMMBEZIRK;Grundschule;0001;;;N;999;467;532;0;373;373;0;0;0;0;373;141;28;25;18;119;22;11;6;3;0;373;121;28;30;24;124;6;8;0;4;0;3;0;2;0;0;0;23;
09571132;Dentlein a.Forst;240;095711320002;STIMMBEZIRK;Kita Großohrenbronn;0002;;;N;872;436;436;0;341;336;5;5;0;2;339;115;33;14;14;139;12;7;3;2;3;338;99;27;18;18;141;7;11;0;1;2;1;0;1;0;0;1;11;
09571132;Dentlein a.Forst;240;095711320011;BRIEFWAHLBEZIRK;Briefwahl;0011;;;N;0;0;0;0;930;0;930;0;0;5;925;420;88;51;22;247;56;30;7;4;4;926;383;77;52;24;245;51;31;3;10;6;2;0;3;1;0;2;36;
09571223;Wieseth;240;09571223;GEMEINDE;Wieseth;;;;N;1064;480;584;0;957;396;561;5;0;5;952;422;98;51;25;231;62;36;15;12;1;956;366;101;56;33;235;63;42;1;6;4;11;0;5;0;0;0;33;
09571223;Wieseth;240;095712230001;STIMMBEZIRK;Rathaus;0001;;;N;1064;480;584;0;401;396;5;5;0;1;400;170;45;20;10;112;15;18;9;1;0;401;147;50;22;15;113;17;18;0;1;1;5;0;3;0;0;0;9;
09571223;Wieseth;240;095712230011;BRIEFWAHLBEZIRK;Briefwahl;0011;;;N;0;0;0;0;556;0;556;0;0;4;552;252;53;31;15;119;47;18;6;11;1;555;219;51;34;18;122;46;24;1;5;3;6;0;2;0;0;0;24;
;;240;095715508;VERBANDSGEMEINDE;Verwaltungsgemeinschaft Wilburgstetten;;;;N;3874;2057;1817;0;3263;1531;1732;2;0;21;3242;1377;381;188;71;841;205;135;20;24;9;3254;1237;349;210;89;847;197;139;11;19;13;12;1;10;0;0;4;116;
09571179;Mönchsroth;240;09571179;GEMEINDE;Mönchsroth;;;;N;1251;751;500;0;1015;541;474;1;0;8;1007;409;150;42;20;283;55;40;3;5;4;1011;361;136;53;23;277;50;48;3;8;5;0;0;5;0;0;3;39;
09571179;Mönchsroth;240;095711790001;STIMMBEZIRK;Rothachhalle 0001;1;;;N;1251;751;500;0;542;541;1;1;0;4;538;214;70;24;7;173;31;17;1;1;2;540;175;66;25;11;174;33;25;2;4;0;0;0;3;0;0;1;21;
09571179;Mönchsroth;240;095711790011;BRIEFWAHLBEZIRK;Briefwahlbezirk Mö;11;;;N;0;0;0;0;473;0;473;0;0;4;469;195;80;18;13;110;24;23;2;4;2;471;186;70;28;12;103;17;23;1;4;5;0;0;2;0;0;2;18;
09571218;Weiltingen;240;09571218;GEMEINDE;Weiltingen;;;;N;1065;511;554;0;931;399;532;1;0;6;925;420;98;68;22;170;80;41;12;14;3;928;357;99;68;36;186;84;42;5;6;4;10;0;4;0;0;1;26;
09571218;Weiltingen;240;095712180001;STIMMBEZIRK;Evang. Gemeindehaus 0001;1;;;N;1065;511;554;0;400;399;1;1;0;2;398;170;39;29;11;99;19;18;7;6;1;399;135;43;25;16;108;27;19;0;2;1;7;0;3;0;0;1;12;
09571218;Weiltingen;240;095712180011;BRIEFWAHLBEZIRK;Briefwahlbezirk Weilt;11;;;N;0;0;0;0;531;0;531;0;0;4;527;250;59;39;11;71;61;23;5;8;2;529;222;56;43;20;78;57;23;5;4;3;3;0;1;0;0;0;14;
09571224;Wilburgstetten;240;09571224;GEMEINDE;Wilburgstetten;;;;N;1558;795;763;0;1317;591;726;0;0;7;1310;548;133;78;29;388;70;54;5;5;2;1315;519;114;89;30;384;63;49;3;5;4;2;1;1;0;0;0;51;
09571224;Wilburgstetten;240;095712240001;STIMMBEZIRK;Schule Wilburgstetten 0001;1;;;N;1558;795;763;0;591;591;0;0;0;5;586;227;54;37;12;206;26;22;0;2;1;590;213;47;44;15;202;23;18;0;3;4;0;0;1;0;0;0;20;
09571224;Wilburgstetten;240;095712240011;BRIEFWAHLBEZIRK;Briefwahlbezirk Wilb;11;;;N;0;0;0;0;726;0;726;0;0;2;724;321;79;41;17;182;44;32;5;3;1;725;306;67;45;15;182;40;31;3;2;0;2;1;0;0;0;0;31;
;;240;095715509;VERBANDSGEMEINDE;Verwaltungsgemeinschaft Hesselberg;;;;N;4598;2675;1923;0;4065;2222;1843;0;0;19;4046;1930;410;222;117;854;297;151;34;31;11;4054;1754;388;256;134;853;295;147;20;25;15;21;11;14;4;1;4;112;
09571141;Ehingen;240;09571141;GEMEINDE;Ehingen;;;;N;1525;821;704;0;1366;688;678;0;0;2;1364;638;133;62;40;311;111;46;8;15;4;1362;574;124;76;40;319;101;46;10;9;5;5;5;8;1;1;2;36;
09571141;Ehingen;240;095711410101;STIMMBEZIRK;Ehingen - Schule;101;;;N;757;384;373;0;312;312;0;0;0;0;312;97;38;14;15;113;22;9;0;4;1;311;90;41;18;15;107;18;6;2;0;0;0;1;5;0;0;0;8;
09571141;Ehingen;240;095711410102;STIMMBEZIRK;Beyerberg - Gemeindehaus;102;;;N;347;192;155;0;165;165;0;0;0;0;165;71;9;5;3;49;21;5;0;2;0;165;71;6;6;3;46;14;6;2;3;2;0;1;0;1;1;0;3;
09571141;Ehingen;240;095711410103;STIMMBEZIRK;Lentersheim - Gemeindehaus;103;;;N;297;156;141;0;136;136;0;0;0;0;136;85;3;9;6;15;8;8;1;1;1;135;75;2;14;5;18;9;8;0;1;0;0;0;1;0;0;0;2;
09571141;Ehingen;240;095711410104;STIMMBEZIRK;Dambach - Gemeinschaftshaus;104;;;N;124;89;35;0;75;75;0;0;0;0;75;52;3;2;0;13;5;0;0;0;0;75;45;4;3;3;14;4;0;0;0;0;0;0;0;0;0;1;1;
09571141;Ehingen;240;095711410111;BRIEFWAHLBEZIRK;Ehingen Briefwahl;111;;;N;0;0;0;0;678;0;678;0;0;2;676;333;80;32;16;121;55;24;7;8;2;676;293;71;35;14;134;56;26;6;5;3;5;3;2;0;0;1;22;
09571154;Gerolfingen;240;09571154;GEMEINDE;Gerolfingen;;;;N;766;450;316;0;687;381;306;0;0;4;683;343;71;42;19;125;50;24;6;3;1;686;326;62;49;24;132;42;26;5;2;0;3;0;1;2;0;1;11;
09571154;Gerolfingen;240;095711540201;STIMMBEZIRK;Gerolfingen - Feuerwehrhaus;201;;;N;766;450;316;0;381;381;0;0;0;1;380;188;39;25;10;70;28;16;3;1;0;381;183;31;30;13;75;20;20;2;1;0;1;0;0;2;0;1;2;
09571154;Gerolfingen;240;095711540211;BRIEFWAHLBEZIRK;Gerolfingen - Briefwahl;211;;;N;0;0;0;0;306;0;306;0;0;3;303;155;32;17;9;55;22;8;3;2;1;305;143;31;19;11;57;22;6;3;1;0;2;0;1;0;0;0;9;
09571192;Röckingen;240;09571192;GEMEINDE;Röckingen;;;;N;595;357;238;0;514;290;224;0;0;2;512;235;68;43;19;95;24;16;8;4;0;514;205;68;48;21;93;25;21;1;4;1;3;2;2;0;0;0;20;
09571192;Röckingen;240;095711920301;STIMMBEZIRK;Röckingen - Rathaus;301;;;N;595;357;238;0;290;290;0;0;0;1;289;127;33;22;14;65;16;7;4;1;0;290;108;35;25;15;68;11;11;0;1;0;2;0;0;0;0;0;14;
09571192;Röckingen;240;095711920311;BRIEFWAHLBEZIRK;Röckingen - Briefwahl;311;;;N;0;0;0;0;224;0;224;0;0;1;223;108;35;21;5;30;8;9;4;3;0;224;97;33;23;6;25;14;10;1;3;1;1;2;2;0;0;0;6;
09571208;Unterschwaningen;240;09571208;GEMEINDE;Unterschwaningen;;;;N;707;395;312;0;611;312;299;0;0;6;605;285;56;29;18;145;41;24;3;4;3;608;253;52;37;22;140;45;21;3;6;3;4;2;1;0;0;1;18;
09571208;Unterschwaningen;240;095712080401;STIMMBEZIRK;Unterschwaningen - Friederike-Louise-Saal;401;;;N;707;395;312;0;312;312;0;0;0;0;312;139;34;12;10;88;14;12;1;2;2;310;116;30;17;18;87;15;11;2;1;3;0;2;0;0;0;0;8;
09571208;Unterschwaningen;240;095712080411;BRIEFWAHLBEZIRK;Unterschwaningen - Briefwahl;411;;;N;0;0;0;0;299;0;299;0;0;6;293;146;22;17;8;57;27;12;2;2;1;298;137;22;20;4;53;30;10;1;5;0;4;0;1;0;0;1;10;
09571227;Wittelshofen;240;09571227;GEMEINDE;Wittelshofen;;;;N;1005;652;353;0;887;551;336;0;0;5;882;429;82;46;21;178;71;41;9;5;3;884;396;82;46;27;169;82;33;1;4;6;6;2;2;1;0;0;27;
09571227;Wittelshofen;240;095712270501;STIMMBEZIRK;Wittelshofen - Rathaus;501;;;N;504;317;187;0;253;253;0;0;0;2;251;107;21;15;3;58;30;11;4;2;0;253;98;22;14;6;59;26;10;1;0;4;2;0;1;0;0;0;10;
09571227;Wittelshofen;240;095712270502;STIMMBEZIRK;Untermichelbach - Feuerwehrgerätehaus;502;;;N;149;98;51;0;92;92;0;0;0;0;92;52;2;3;5;19;5;3;3;0;0;92;43;4;2;7;19;11;2;0;0;0;0;0;0;0;0;0;4;
09571227;Wittelshofen;240;095712270503;STIMMBEZIRK;Illenschwang - Ev. Gemeindehaus;503;;;N;218;127;91;0;106;106;0;0;0;1;105;51;9;4;2;27;7;5;0;0;2;104;47;5;5;2;27;7;5;0;0;0;1;1;0;0;0;0;4;
09571227;Wittelshofen;240;095712270504;STIMMBEZIRK;Obermichelbach - Gemeinschaftshaus;504;;;N;134;110;24;0;100;100;0;0;0;0;100;60;8;2;0;13;9;6;1;1;0;100;58;7;2;2;12;10;4;0;1;0;2;0;1;0;0;0;1;
09571227;Wittelshofen;240;095712270511;BRIEFWAHLBEZIRK;Wittelshofen Briefwahl;511;;;N;0;0;0;0;336;0;336;0;0;2;334;159;42;22;11;61;20;16;1;2;1;335;150;44;23;10;52;28;12;0;3;2;1;1;0;1;0;0;8;
;;240;095715538;VERBANDSGEMEINDE;Verwaltungsgemeinschaft Wolframs-Eschenbach;;;;N;3700;1522;2178;0;3259;1116;2143;8;0;13;3246;1578;308;158;79;763;193;95;24;48;12;3247;1391;293;189;107;805;187;102;14;15;10;13;3;13;2;1;2;100;
09571178;Mitteleschenbach;240;09571178;GEMEINDE;Mitteleschenbach;;;;N;1283;494;789;0;1155;377;778;2;0;6;1149;590;103;32;22;288;67;34;6;7;5;1150;537;95;42;27;294;65;33;8;2;4;3;0;3;1;1;0;35;
09571178;Mitteleschenbach;240;095711780101;STIMMBEZIRK;Stimmbezirk 1;101;;;N;1283;494;789;0;379;377;2;2;0;3;376;153;39;12;6;140;16;8;0;2;2;377;131;35;16;5;144;8;12;3;0;1;0;0;1;1;0;0;20;
09571178;Mitteleschenbach;240;095711780111;BRIEFWAHLBEZIRK;Briefwahlbezirk 1;111;;;N;0;0;0;0;776;0;776;0;0;3;773;437;64;20;16;148;51;26;6;5;3;773;406;60;26;22;150;57;21;5;2;3;3;0;2;0;1;0;15;
09571229;Wolframs-Eschenbach;240;09571229;GEMEINDE;Wolframs-Eschenbach;;;;N;2417;1028;1389;0;2104;739;1365;6;0;7;2097;988;205;126;57;475;126;61;18;41;7;2097;854;198;147;80;511;122;69;6;13;6;10;3;10;1;0;2;65;
09571229;Wolframs-Eschenbach;240;095712290201;STIMMBEZIRK;Stimmbezirk 1;201;;;N;2417;1028;1389;0;745;739;6;6;0;5;740;294;68;52;25;219;32;27;6;17;3;742;244;78;56;31;229;30;32;2;4;4;5;1;2;0;0;0;24;
09571229;Wolframs-Eschenbach;240;095712290211;BRIEFWAHLBEZIRK;Briefwahlbezirk 1;211;;;N;0;0;0;0;1359;0;1359;0;0;2;1357;694;137;74;32;256;94;34;12;24;4;1355;610;120;91;49;282;92;37;4;9;2;5;2;8;1;0;2;41;
;;240;09577000;KREIS;Landkreis Weißenburg-Gunzenhausen;;;;N;72154;42592;29562;0;60375;31997;28378;78;0;284;60091;26638;7568;6098;1411;11823;2692;2731;569;561;171;60204;22903;7892;5655;1968;12193;2805;2914;230;501;187;265;69;306;24;10;52;2230;
09577114;Muhr am See;240;09577114;GEMEINDE;Muhr am See;;;;N;1966;1168;798;0;1701;919;782;1;0;9;1692;644;265;186;57;365;63;68;18;26;3;1698;561;252;205;63;368;50;76;13;15;10;10;3;12;3;0;1;56;
09577114;Muhr am See;240;095771140001;STIMMBEZIRK;AIZ;01;;;N;972;606;366;0;463;462;1;1;0;2;461;172;73;44;17;109;15;19;6;6;2;461;146;73;45;20;108;15;21;4;8;3;5;1;1;0;0;1;10;
09577114;Muhr am See;240;095771140002;STIMMBEZIRK;Grundschule, Aula;02;;;N;994;562;432;0;457;457;0;0;0;1;456;143;71;48;13;133;20;18;5;5;1;456;130;59;54;10;135;18;20;5;3;2;0;0;4;1;0;0;15;
09577114;Muhr am See;240;095771140003;BRIEFWAHLBEZIRK;AIZ Briefwahl;11;;;N;0;0;0;0;781;0;781;0;0;6;775;329;121;94;27;123;28;31;7;15;0;781;285;120;106;33;125;17;35;4;4;5;5;2;7;2;0;0;31;
09577136;Stadt Gunzenhausen;240;09577136;GEMEINDE;Stadt Gunzenhausen;;;;N;12609;7599;5010;0;10337;5549;4788;29;0;86;10251;4144;1449;1101;273;2156;387;497;135;109;42;10295;3609;1436;1081;369;2172;352;547;43;92;36;49;14;61;3;2;11;418;
09577136;Stadt Gunzenhausen;240;095771360001;STIMMBEZIRK;VR Bank südl. Franken Gunzenhausen;1;;;N;475;281;194;0;163;162;1;1;0;0;163;59;25;20;2;37;4;15;1;0;0;163;52;24;19;2;38;1;14;2;2;0;1;0;0;0;0;0;8;
09577136;Stadt Gunzenhausen;240;095771360002;STIMMBEZIRK;VHS-Bildungszentrum;2;;;N;512;320;192;0;214;214;0;0;0;2;212;83;24;16;8;62;5;8;1;5;1;213;71;28;15;8;62;2;9;3;5;0;0;0;1;0;0;0;9;
09577136;Stadt Gunzenhausen;240;095771360003;STIMMBEZIRK;Wilhelm-Löhe-Saal;3;;;N;796;551;245;0;362;361;1;1;0;4;358;88;61;37;10;111;12;31;4;4;2;360;88;60;30;9;109;6;28;3;3;1;1;2;2;0;0;0;18;
09577136;Stadt Gunzenhausen;240;095771360004;STIMMBEZIRK;Kinder- und Familienzentrum Föhrenweg;4;;;N;765;543;222;0;338;335;3;3;0;8;330;95;43;22;7;137;5;17;4;0;6;332;84;34;19;5;134;5;16;3;1;1;6;0;0;0;0;0;24;
09577136;Stadt Gunzenhausen;240;095771360005;STIMMBEZIRK;Stephani-Schule, Nebengebäude;5;;;N;609;374;235;0;249;249;0;0;0;3;246;78;46;28;5;66;5;15;3;0;2;247;62;45;28;8;66;4;23;0;0;0;0;0;0;0;0;1;10;
09577136;Stadt Gunzenhausen;240;095771360006;STIMMBEZIRK;Simon-Marius-Gymnasium;6;;;N;514;318;196;0;221;220;1;1;0;2;219;69;29;32;9;47;6;14;6;7;0;221;57;32;33;17;42;2;13;3;2;2;0;0;2;0;0;1;15;
09577136;Stadt Gunzenhausen;240;095771360007;STIMMBEZIRK;Burkhard-von-Seckendorff-Heim;7;;;N;758;469;289;0;310;309;1;1;0;6;304;110;47;41;2;65;9;21;3;6;4;306;105;53;32;7;66;4;20;1;0;1;0;1;3;0;0;0;13;
09577136;Stadt Gunzenhausen;240;095771360008;STIMMBEZIRK;Sparkasse Marktplatz;8;;;N;669;452;217;0;317;313;4;4;0;1;316;106;46;33;16;79;7;24;2;3;2;315;90;46;30;9;84;3;31;1;3;2;4;0;0;0;0;0;12;
09577136;Stadt Gunzenhausen;240;095771360009;STIMMBEZIRK;Grundschule Süd I;9;;;N;983;599;384;0;429;428;1;1;0;4;425;136;71;54;16;98;9;35;4;2;1;428;114;65;61;13;106;1;33;1;8;3;1;1;3;0;0;0;18;
09577136;Stadt Gunzenhausen;240;095771360010;STIMMBEZIRK;Grundschule Süd II;10;;;N;929;487;442;0;398;398;0;0;0;3;395;134;64;55;10;103;5;19;3;2;2;396;108;72;41;15;106;2;24;2;2;1;1;1;2;0;0;0;19;
09577136;Stadt Gunzenhausen;240;095771360011;STIMMBEZIRK;Aha, Gemeindehaus;11;;;N;405;242;163;0;208;206;2;2;0;2;206;95;24;26;9;31;9;10;2;0;2;206;80;27;25;10;33;9;8;0;0;1;1;0;2;0;0;0;10;
09577136;Stadt Gunzenhausen;240;095771360012;STIMMBEZIRK;Büchelberg, FFW-Haus;12;;;N;358;208;150;0;144;144;0;0;0;0;144;50;25;22;5;24;6;9;3;0;0;144;40;21;25;5;25;6;14;0;2;1;2;1;1;0;0;0;1;
09577136;Stadt Gunzenhausen;240;095771360013;STIMMBEZIRK;Cronheim, FFW-Haus;13;;;N;431;267;164;0;197;197;0;0;0;0;197;77;41;16;2;49;4;6;1;1;0;197;67;38;19;4;45;4;9;1;0;0;1;0;0;0;0;1;8;
09577136;Stadt Gunzenhausen;240;095771360014;STIMMBEZIRK;Frickenfelden, Schule;14;;;N;1207;656;551;0;546;544;2;2;0;3;543;220;56;48;11;156;16;25;8;3;4;542;184;60;48;20;154;13;28;0;3;1;3;0;3;0;0;2;23;
09577136;Stadt Gunzenhausen;240;095771360015;STIMMBEZIRK;Laubenzedel, Gasthaus Karl;15;;;N;432;282;150;0;226;223;3;3;0;0;226;86;29;19;8;64;11;7;2;0;0;226;73;35;14;10;64;6;8;2;0;0;1;0;0;0;0;0;13;
09577136;Stadt Gunzenhausen;240;095771360016;STIMMBEZIRK;Pflaumfeld, FFW-Haus;16;;;N;145;124;21;0;110;109;1;1;0;0;110;56;13;9;0;24;5;2;1;0;0;110;46;15;7;2;25;8;3;0;0;0;1;1;0;0;0;0;2;
09577136;Stadt Gunzenhausen;240;095771360017;STIMMBEZIRK;Schlungenhof, Autohaus Feil;17;;;N;308;193;115;0;151;150;1;1;0;2;149;61;10;18;6;42;1;7;0;4;1;150;51;9;21;7;45;0;3;1;2;1;0;0;6;0;0;0;4;
09577136;Stadt Gunzenhausen;240;095771360018;STIMMBEZIRK;Stetten, Hirtenhaus;18;;;N;241;163;78;0;141;138;3;3;0;0;141;62;15;13;7;22;17;5;0;0;0;141;51;9;12;15;28;14;4;0;0;1;1;0;0;0;0;0;6;
09577136;Stadt Gunzenhausen;240;095771360019;STIMMBEZIRK;Streudorf, Gemeindehaus;19;;;N;337;196;141;0;167;167;0;0;0;0;167;55;23;22;3;41;15;7;0;1;0;167;54;19;18;4;40;15;11;1;0;1;0;0;0;0;0;0;4;
09577136;Stadt Gunzenhausen;240;095771360020;STIMMBEZIRK;Unterasbach, FFW-Haus;20;;;N;399;223;176;0;177;177;0;0;0;2;175;72;14;15;2;53;7;7;2;3;3;174;66;17;12;5;54;5;8;0;0;1;1;0;1;0;0;0;4;
09577136;Stadt Gunzenhausen;240;095771360021;STIMMBEZIRK;Unterwurmbach, Gemeindezentrum;21;;;N;885;435;450;0;328;326;2;2;0;6;322;117;38;37;6;82;17;18;4;3;3;325;108;34;35;10;81;11;29;0;2;0;1;1;0;0;0;2;11;
09577136;Stadt Gunzenhausen;240;095771360022;STIMMBEZIRK;Wald, Gemeindehaus;22;;;N;451;216;235;0;182;179;3;3;0;0;182;85;16;14;11;40;8;6;1;1;1;181;72;22;10;15;46;8;6;0;0;1;0;0;1;0;0;0;0;
09577136;Stadt Gunzenhausen;240;095771360031;BRIEFWAHLBEZIRK;Briefwahl I;31;;;N;0;0;0;0;399;0;399;0;0;0;399;194;54;50;13;57;11;12;3;5;1;398;179;48;48;15;48;11;18;4;4;1;1;2;4;0;0;0;15;
09577136;Stadt Gunzenhausen;240;095771360032;BRIEFWAHLBEZIRK;Briefwahl II;32;;;N;0;0;0;0;400;0;400;0;0;0;400;190;55;47;10;69;14;8;4;3;0;400;164;58;44;15;73;12;13;2;3;0;3;1;3;0;0;0;9;
09577136;Stadt Gunzenhausen;240;095771360033;BRIEFWAHLBEZIRK;Briefwahl III;33;;;N;0;0;0;0;387;0;387;0;0;4;383;157;51;51;11;64;22;12;7;8;1;386;135;48;51;10;63;24;15;0;7;3;2;0;6;1;0;0;21;
09577136;Stadt Gunzenhausen;240;095771360034;BRIEFWAHLBEZIRK;Briefwahl IV;34;;;N;0;0;0;0;401;0;401;0;0;2;399;179;53;36;13;64;15;26;7;6;0;401;158;55;41;15;65;20;25;0;2;2;4;2;2;0;2;1;7;
09577136;Stadt Gunzenhausen;240;095771360035;BRIEFWAHLBEZIRK;Briefwahl V;35;;;N;0;0;0;0;400;0;400;0;0;5;395;180;63;41;8;64;24;8;4;3;2;398;154;56;48;12;70;26;10;0;4;1;0;0;2;1;0;0;14;
09577136;Stadt Gunzenhausen;240;095771360036;BRIEFWAHLBEZIRK;Briefwahl VI;36;;;N;0;0;0;0;414;0;414;0;0;2;412;182;52;38;11;63;26;22;11;7;0;414;167;51;40;9;69;29;20;1;7;2;2;0;2;0;0;2;13;
09577136;Stadt Gunzenhausen;240;095771360037;BRIEFWAHLBEZIRK;Briefwahl VII;37;;;N;0;0;0;0;411;0;411;0;0;4;407;218;69;32;6;43;16;11;5;7;1;410;205;68;32;20;41;15;11;2;4;2;0;0;4;0;0;0;6;
09577136;Stadt Gunzenhausen;240;095771360038;BRIEFWAHLBEZIRK;Briefwahl VIII;38;;;N;0;0;0;0;386;0;386;0;0;6;380;177;47;39;12;57;20;20;7;1;0;386;148;43;41;23;52;22;22;2;11;0;2;0;1;0;0;0;19;
09577136;Stadt Gunzenhausen;240;095771360039;BRIEFWAHLBEZIRK;Briefwahl IX;39;;;N;0;0;0;0;383;0;383;0;0;5;378;159;63;45;9;63;13;10;8;8;1;382;135;64;47;14;64;14;6;1;5;0;5;1;2;1;0;0;23;
09577136;Stadt Gunzenhausen;240;095771360040;BRIEFWAHLBEZIRK;Briefwahl X;40;;;N;0;0;0;0;392;0;392;0;0;1;391;163;67;43;11;62;18;17;5;5;1;391;135;66;47;13;62;21;21;3;2;2;0;0;4;0;0;0;15;
09577136;Stadt Gunzenhausen;240;095771360041;BRIEFWAHLBEZIRK;Briefwahl XI;41;;;N;0;0;0;0;397;0;397;0;0;2;395;177;63;39;9;50;14;24;12;7;0;397;160;62;46;12;51;12;22;1;4;1;3;0;3;0;0;1;19;
09577136;Stadt Gunzenhausen;240;095771360042;BRIEFWAHLBEZIRK;Briefwahl XII;42;;;N;0;0;0;0;389;0;389;0;0;7;382;174;52;43;5;67;11;19;7;4;1;388;146;52;42;11;61;17;22;3;4;3;1;0;1;0;0;0;25;
09577148;Langenaltheim;240;09577148;GEMEINDE;Langenaltheim;;;;N;1735;1038;697;0;1437;767;670;1;0;9;1428;634;177;115;19;325;88;54;10;6;3;1434;521;184;101;24;361;114;55;7;16;3;6;0;3;0;0;2;37;
09577148;Langenaltheim;240;095771480001;STIMMBEZIRK;Ev. Gemeindehaus Langenaltheim;1;;;N;1266;717;549;0;488;487;1;1;0;3;485;197;46;37;6;143;27;26;3;0;1;487;168;46;36;10;154;23;23;3;8;1;2;0;0;0;0;0;13;
09577148;Langenaltheim;240;095771480002;STIMMBEZIRK;Feuerwehrhaus Büttelbronn;2;;;N;256;150;106;0;130;130;0;0;0;2;128;58;29;12;2;16;4;4;2;1;1;129;47;32;8;2;19;5;4;2;2;1;0;0;2;0;0;0;5;
09577148;Langenaltheim;240;095771480003;STIMMBEZIRK;Gemeinschaftshalle Rehlingen;3;;;N;213;171;42;0;150;150;0;0;0;1;149;61;19;12;1;38;13;4;1;0;1;149;50;17;11;2;45;16;5;0;0;0;2;0;0;0;0;0;1;
09577148;Langenaltheim;240;095771480011;BRIEFWAHLBEZIRK;Briefwahl Langenaltheim Büttelbronn Rehlingen;11;;;N;0;0;0;0;339;0;339;0;0;1;338;167;50;20;3;63;23;7;4;1;0;339;127;55;16;5;78;37;6;1;2;0;1;0;1;0;0;1;9;
09577148;Langenaltheim;240;095771480012;BRIEFWAHLBEZIRK;Briefwahl Langenaltheim Büttelbronn Rehlingen;12;;;N;0;0;0;0;330;0;330;0;0;2;328;151;33;34;7;65;21;13;0;4;0;330;129;34;30;5;65;33;17;1;4;1;1;0;0;0;0;1;9;
09577158;Pappenheim;240;09577158;GEMEINDE;Pappenheim;;;;N;2918;1633;1285;0;2418;1195;1223;0;0;14;2404;1053;297;207;51;527;110;129;13;17;5;2413;883;307;186;82;545;114;130;6;16;10;9;0;8;2;0;4;111;
09577158;Pappenheim;240;095771580002;STIMMBEZIRK;Schulhaus Pappenheim;01;;;N;1395;813;582;0;525;525;0;0;0;5;520;151;81;50;11;149;23;45;3;7;3;522;125;77;40;14;148;20;54;1;2;1;3;0;3;1;0;0;33;
09577158;Pappenheim;240;095771580003;STIMMBEZIRK;Übermatzhofen;02;;;N;199;121;78;0;106;106;0;0;0;0;106;52;9;8;1;27;4;4;0;1;0;106;46;12;8;3;27;3;4;0;0;0;0;0;0;0;0;0;3;
09577158;Pappenheim;240;095771580004;STIMMBEZIRK;Geislohe;03;;;N;162;99;63;0;90;90;0;0;0;0;90;48;8;11;3;13;2;3;0;2;1;89;39;8;9;6;12;2;6;0;0;1;0;0;0;0;0;1;5;
09577158;Pappenheim;240;095771580005;STIMMBEZIRK;Göhren;04;;;N;177;97;80;0;85;85;0;0;0;2;83;42;7;4;0;19;5;3;3;0;0;85;31;11;2;2;21;9;3;0;0;2;0;0;0;0;0;0;4;
09577158;Pappenheim;240;095771580006;STIMMBEZIRK;Neudorf;05;;;N;236;100;136;0;85;85;0;0;0;0;85;46;11;2;1;17;3;4;0;1;0;85;41;13;2;2;18;2;4;1;0;0;0;0;0;0;0;0;2;
09577158;Pappenheim;240;095771580007;STIMMBEZIRK;Osterdorf;06;;;N;226;124;102;0;94;94;0;0;0;0;94;64;4;4;0;12;7;3;0;0;0;94;55;7;2;3;14;5;4;1;0;0;1;0;0;0;0;0;2;
09577158;Pappenheim;240;095771580009;STIMMBEZIRK;Bieswang/Ochsenhart;07;;;N;523;279;244;0;210;210;0;0;0;0;210;100;19;13;7;51;10;6;2;2;0;210;75;23;11;14;54;9;6;0;3;1;4;0;1;1;0;0;8;
09577158;Pappenheim;240;095771580011;BRIEFWAHLBEZIRK;Briefwahl Pappenheim;11;;;N;0;0;0;0;549;0;549;0;0;2;547;215;90;59;15;104;25;35;2;2;0;549;183;88;63;17;106;26;25;1;6;1;0;0;0;0;0;1;32;
09577158;Pappenheim;240;095771580012;BRIEFWAHLBEZIRK;Briefwahl Ortsteile;12;;;N;0;0;0;0;674;0;674;0;0;5;669;335;68;56;13;135;31;26;3;2;1;673;288;68;49;21;145;38;24;2;5;4;1;0;4;0;0;2;22;
09577161;Pleinfeld;240;09577161;GEMEINDE;Pleinfeld;;;;N;5986;3239;2747;0;5145;2496;2649;16;0;21;5124;2361;541;530;130;1009;239;225;38;51;14;5131;2082;586;461;157;1043;249;230;19;54;17;18;5;24;0;2;6;178;
09577161;Pleinfeld;240;095771610001;STIMMBEZIRK;001 Pleinfeld;0001;;;N;1036;519;517;0;367;356;11;11;0;2;365;144;46;36;13;86;11;26;1;2;1;366;127;46;31;14;95;9;24;3;10;1;0;0;1;0;0;0;5;
09577161;Pleinfeld;240;095771610002;STIMMBEZIRK;002 Pleinfeld;0002;;;N;1064;543;521;0;376;374;2;2;0;0;376;135;43;36;9;115;13;17;2;6;1;375;116;44;29;10;116;15;18;4;2;1;2;1;3;0;0;0;14;
09577161;Pleinfeld;240;095771610003;STIMMBEZIRK;003 Pleinfeld;0003;;;N;878;458;420;0;353;352;1;1;0;3;350;154;35;46;7;83;11;11;3;0;2;351;139;41;38;12;86;10;9;0;0;0;2;0;2;0;0;1;11;
09577161;Pleinfeld;240;095771610004;STIMMBEZIRK;004 Pleinfeld;0004;;;N;956;526;430;0;420;420;0;0;0;3;417;156;47;37;11;113;15;31;3;4;3;417;146;56;29;16;114;11;24;1;3;1;1;0;3;0;0;0;12;
09577161;Pleinfeld;240;095771610007;STIMMBEZIRK;007 Stirn;0007;;;N;496;284;212;0;231;230;1;1;0;1;230;128;21;10;3;51;7;7;2;1;1;230;109;18;17;9;54;8;9;0;2;1;0;0;0;0;0;0;3;
09577161;Pleinfeld;240;095771610008;STIMMBEZIRK;008 Sankt Veit;0008;;;N;296;201;95;0;171;171;0;0;0;0;171;83;18;27;5;19;10;3;1;5;0;171;70;22;26;9;21;9;6;1;0;0;0;0;0;0;0;0;7;
09577161;Pleinfeld;240;095771610009;STIMMBEZIRK;009 Mischelbach;0009;;;N;363;203;160;0;177;176;1;1;0;2;175;71;14;9;4;56;10;8;1;2;3;174;61;13;11;4;61;7;11;0;1;2;1;0;0;0;0;0;2;
09577161;Pleinfeld;240;095771610010;STIMMBEZIRK;010 Walting;0010;;;N;296;156;140;0;139;139;0;0;0;1;138;79;6;13;2;21;9;6;2;0;0;139;69;7;8;4;23;18;5;0;1;0;2;0;0;0;0;0;2;
09577161;Pleinfeld;240;095771610011;STIMMBEZIRK;011 Ramsberg am Brombachsee;0011;;;N;601;349;252;0;278;278;0;0;0;2;276;102;26;35;11;73;17;8;3;1;2;276;94;29;29;14;72;10;10;2;1;0;0;0;1;0;0;1;13;
09577161;Pleinfeld;240;095771610021;BRIEFWAHLBEZIRK;021 Briefwahl 1;0021;;;N;0;0;0;0;450;0;450;0;0;2;448;218;54;59;11;50;27;25;0;4;0;450;191;60;56;14;48;32;18;0;3;3;1;0;0;0;1;0;23;
09577161;Pleinfeld;240;095771610022;BRIEFWAHLBEZIRK;022 Briefwahl 2;0022;;;N;0;0;0;0;437;0;437;0;0;1;436;220;57;39;7;65;18;22;4;4;0;437;200;58;37;10;66;17;22;1;3;1;2;1;3;0;0;1;15;
09577161;Pleinfeld;240;095771610023;BRIEFWAHLBEZIRK;023 Briefwahl 3;0023;;;N;0;0;0;0;440;0;440;0;0;0;440;236;54;34;10;65;18;15;3;5;0;440;204;53;34;10;70;22;14;1;6;1;1;0;5;0;0;2;17;
09577161;Pleinfeld;240;095771610024;BRIEFWAHLBEZIRK;024 Briefwahl 4;0024;;;N;0;0;0;0;435;0;435;0;0;1;434;202;38;63;14;68;21;17;6;5;0;435;172;46;45;7;72;31;22;1;8;1;2;0;4;0;1;0;23;
09577161;Pleinfeld;240;095771610025;BRIEFWAHLBEZIRK;025 Briefwahl 5;0025;;;N;0;0;0;0;431;0;431;0;0;1;430;211;40;39;14;69;28;17;4;8;0;431;190;49;33;14;69;25;16;4;5;3;2;2;2;0;0;1;16;
09577161;Pleinfeld;240;095771610026;BRIEFWAHLBEZIRK;026 Briefwahl 6;0026;;;N;0;0;0;0;440;0;440;0;0;2;438;222;42;47;9;75;24;12;3;4;1;439;194;44;38;10;76;25;22;1;9;2;2;1;0;0;0;0;15;
09577162;Polsingen;240;09577162;GEMEINDE;Polsingen;;;;N;1426;1015;411;0;1133;731;402;0;0;2;1131;505;131;89;26;207;81;62;17;13;4;1129;434;129;97;50;201;80;60;7;12;7;10;1;2;0;0;1;38;
09577162;Polsingen;240;095771620001;STIMMBEZIRK;Polsingen;1;;;N;470;360;110;0;172;172;0;0;0;0;172;96;19;8;4;30;5;5;4;1;1;171;91;21;8;4;29;3;2;1;2;1;1;0;0;0;0;1;7;
09577162;Polsingen;240;095771620002;STIMMBEZIRK;Ursheim;2;;;N;326;215;111;0;185;185;0;0;0;0;185;74;21;12;6;42;12;15;1;2;0;185;65;22;15;12;41;10;11;1;1;3;1;0;0;0;0;0;3;
09577162;Polsingen;240;095771620003;STIMMBEZIRK;Trendel;3;;;N;127;98;29;0;91;91;0;0;0;0;91;46;9;8;0;19;6;3;0;0;0;91;38;10;10;2;21;7;3;0;0;0;0;0;0;0;0;0;0;
09577162;Polsingen;240;095771620004;STIMMBEZIRK;Döckingen;4;;;N;503;342;161;0;283;283;0;0;0;1;282;113;24;22;8;72;18;23;1;1;2;281;92;27;23;18;65;18;22;4;1;1;1;0;0;0;0;0;9;
09577162;Polsingen;240;095771620011;BRIEFWAHLBEZIRK;Briefwahlbezirk;11;;;N;0;0;0;0;402;0;402;0;0;1;401;176;58;39;8;44;40;16;11;9;1;401;148;49;41;14;45;42;22;1;8;2;7;1;2;0;0;0;19;
09577168;Solnhofen;240;09577168;GEMEINDE;Solnhofen;;;;N;1210;679;531;0;992;474;518;1;0;2;990;407;189;48;13;208;52;59;9;5;6;986;342;180;49;29;204;49;59;2;12;4;3;2;6;0;0;0;45;
09577168;Solnhofen;240;095771680001;STIMMBEZIRK;Solnhofen;1;;;N;1210;679;531;0;475;474;1;1;0;1;474;163;83;29;6;125;23;38;4;3;5;470;141;78;26;17;119;15;36;2;5;4;1;0;2;0;0;0;24;
09577168;Solnhofen;240;095771680011;BRIEFWAHLBEZIRK;Briefwahl Solnhofen;11;;;N;0;0;0;0;517;0;517;0;0;1;516;244;106;19;7;83;29;21;5;2;1;516;201;102;23;12;85;34;23;0;7;0;2;2;4;0;0;0;21;
09577173;Treuchtlingen;240;09577173;GEMEINDE;Treuchtlingen;;;;N;9278;5817;3461;0;7412;4124;3288;2;0;30;7382;3070;1049;573;151;1683;273;444;53;86;27;7385;2554;1105;573;215;1721;304;448;29;59;17;26;7;38;3;2;9;275;
09577173;Treuchtlingen;240;095771730001;STIMMBEZIRK;Stadthalle;1;;;N;1155;757;398;0;501;501;0;0;0;2;499;157;80;31;14;128;24;57;3;5;3;498;137;73;33;16;125;22;64;0;4;0;0;2;2;0;0;1;19;
09577173;Treuchtlingen;240;095771730002;STIMMBEZIRK;Evang. Kindergarten;2;;;N;1168;694;474;0;451;451;0;0;0;2;449;167;77;26;15;125;2;32;3;2;3;448;141;89;25;20;122;9;29;0;0;1;2;0;1;0;0;1;8;
09577173;Treuchtlingen;240;095771730003;STIMMBEZIRK;Feuerwehrhaus Treuchtlingen;3;;;N;972;706;266;0;441;439;2;2;0;3;438;146;73;19;6;141;9;36;1;7;1;440;117;64;22;9;138;10;36;1;5;4;1;1;5;0;1;1;25;
09577173;Treuchtlingen;240;095771730004;STIMMBEZIRK;Kulturzentrum Forsthaus;4;;;N;1045;641;404;0;392;392;0;0;0;3;389;113;56;31;6;124;10;43;3;3;7;385;96;55;31;14;119;8;36;1;4;0;0;0;1;0;0;2;18;
09577173;Treuchtlingen;240;095771730005;STIMMBEZIRK;Patrich-Familienzentrum;5;;;N;804;489;315;0;403;403;0;0;0;2;401;163;53;35;14;100;6;24;2;4;1;402;121;60;40;23;106;6;18;0;4;0;1;0;5;0;0;1;17;
09577173;Treuchtlingen;240;095771730006;STIMMBEZIRK;Auernheim Mehrzweckraum;6;;;N;558;393;165;0;254;254;0;0;0;0;254;104;24;18;1;82;11;13;0;1;0;254;88;26;15;2;90;13;11;1;3;1;0;0;0;0;0;0;4;
09577173;Treuchtlingen;240;095771730007;STIMMBEZIRK;Bubenheim Ehem. Schulhaus;7;;;N;301;170;131;0;136;136;0;0;0;1;135;63;13;12;4;25;4;10;3;1;0;136;52;13;14;8;25;6;5;0;4;0;0;0;0;0;0;0;9;
09577173;Treuchtlingen;240;095771730008;STIMMBEZIRK;Dietfurt - Dorfschule;8;;;N;317;195;122;0;136;136;0;0;0;0;136;52;16;15;4;40;4;3;0;2;0;136;44;16;18;1;42;5;4;0;1;0;0;0;0;0;0;1;4;
09577173;Treuchtlingen;240;095771730009;STIMMBEZIRK;Graben und Grönhart;9;;;N;249;161;88;0;139;139;0;0;0;0;139;57;14;9;4;40;4;9;0;2;1;138;45;9;12;3;44;8;12;0;2;2;0;0;0;0;0;0;1;
09577173;Treuchtlingen;240;095771730010;STIMMBEZIRK;Gundelsheim - Feuerwehrhaus;10;;;N;368;236;132;0;189;189;0;0;0;0;189;84;31;6;4;49;7;6;1;1;0;189;71;26;9;3;52;8;9;2;0;0;0;1;0;0;0;0;8;
09577173;Treuchtlingen;240;095771730011;STIMMBEZIRK;Möhren und Haag - Feuerwehrhaus Möhren;11;;;N;493;322;171;0;225;225;0;0;0;1;224;88;25;28;2;63;4;12;1;1;1;224;72;24;24;5;68;5;15;0;1;1;0;0;1;0;0;1;7;
09577173;Treuchtlingen;240;095771730012;STIMMBEZIRK;Schambach - Ehem. Schulhaus;12;;;N;559;318;241;0;271;271;0;0;0;3;268;114;42;14;8;62;9;16;2;1;0;271;107;47;10;8;62;10;15;1;1;2;1;1;1;0;0;0;5;
09577173;Treuchtlingen;240;095771730013;STIMMBEZIRK;Wettelsheim - Schulhaus;13;;;N;1123;628;495;0;495;495;0;0;0;4;491;215;56;29;7;123;22;28;3;8;3;492;180;56;32;13;127;23;29;1;2;2;2;0;2;0;0;0;23;
09577173;Treuchtlingen;240;095771730014;STIMMBEZIRK;Windischhausen - Neues Schulhaus;14;;;N;166;107;59;0;93;93;0;0;0;2;91;51;3;6;1;22;5;3;0;0;0;93;40;3;8;4;25;8;1;1;1;0;0;0;0;0;0;0;2;
09577173;Treuchtlingen;240;095771730021;BRIEFWAHLBEZIRK;BW 1 - Rathaus, Stadtkasse (Zimmer 9);21;;;N;0;0;0;0;418;0;418;0;0;0;418;159;54;32;10;88;34;32;3;6;0;418;125;59;32;12;87;27;29;2;10;3;1;0;3;1;0;0;27;
09577173;Treuchtlingen;240;095771730022;BRIEFWAHLBEZIRK;BW 2 - Rathaus, kleiner Sitzungssaal (Zimmer 19);22;;;N;0;0;0;0;417;0;417;0;0;0;417;204;65;34;5;80;12;9;5;3;0;417;171;78;25;14;76;17;10;2;2;0;5;0;2;0;0;0;15;
09577173;Treuchtlingen;240;095771730023;BRIEFWAHLBEZIRK;BW 3 - Rathaus, Historischer Sitzungssaal (Zimmer 10);23;;;N;0;0;0;0;402;0;402;0;0;0;402;202;55;38;8;56;20;13;7;3;0;402;180;61;32;9;59;17;18;1;0;0;4;0;3;0;0;0;18;
09577173;Treuchtlingen;240;095771730024;BRIEFWAHLBEZIRK;BW 4 - Forsthaus Dachgeschoss;24;;;N;0;0;0;0;426;0;426;0;0;2;424;179;68;40;5;82;22;17;4;7;3;423;155;73;41;8;81;28;15;1;4;0;2;1;1;0;0;0;13;
09577173;Treuchtlingen;240;095771730025;BRIEFWAHLBEZIRK;BW 5 - Forsthaus, Medienraum;25;;;N;0;0;0;0;404;0;404;0;0;0;404;193;66;31;6;67;17;14;5;5;0;404;160;68;32;11;74;16;19;2;0;0;3;1;5;0;0;1;12;
09577173;Treuchtlingen;240;095771730026;BRIEFWAHLBEZIRK;BW 26 - Stadthalle, kleiner Saal;26;;;N;0;0;0;0;410;0;410;0;0;0;410;173;54;39;12;78;18;27;1;8;1;409;138;58;42;14;81;24;24;6;3;1;1;0;2;2;1;0;12;
09577173;Treuchtlingen;240;095771730027;BRIEFWAHLBEZIRK;BW 27 - Feuerwehrhaus Treuchtlingen - Saal 1;27;;;N;0;0;0;0;407;0;407;0;0;2;405;211;56;34;8;61;12;16;4;3;2;405;185;69;29;7;64;18;19;2;1;0;0;0;0;0;0;0;11;
09577173;Treuchtlingen;240;095771730028;BRIEFWAHLBEZIRK;BW 28 - Feuerwehrhaus Treuchtlingen - Saal 2;28;;;N;0;0;0;0;402;0;402;0;0;3;399;175;68;46;7;47;17;24;2;13;1;401;129;78;47;11;54;16;30;5;7;0;3;0;4;0;0;0;17;
09577177;Weißenburg;240;09577177;GEMEINDE;Weißenburg;;;;N;13393;7588;5805;0;10957;5411;5546;6;0;52;10905;4647;1570;1432;229;1884;426;542;78;97;28;10929;3873;1716;1240;347;1973;438;605;30;91;41;33;17;63;9;2;4;447;
09577177;Weißenburg;240;095771770001;STIMMBEZIRK;Stadtwerke Sozialraum;01;;;N;1061;612;449;0;412;412;0;0;0;8;404;161;54;43;10;99;11;24;2;0;2;410;134;62;37;12;99;11;23;1;4;1;0;1;0;0;0;0;25;
09577177;Weißenburg;240;095771770002;STIMMBEZIRK;Kita Steinleinsfurt "Römerschätze";02;;;N;1038;653;385;0;395;395;0;0;0;3;392;167;61;37;5;84;9;26;0;3;3;392;151;55;31;8;90;4;37;0;1;1;0;1;1;1;0;0;11;
09577177;Weißenburg;240;095771770003;STIMMBEZIRK;Gotisches Rathaus - 1. OG, Söller;03;;;N;1103;671;432;0;424;424;0;0;0;1;423;112;69;78;7;79;14;51;4;9;1;423;98;66;63;11;77;8;57;3;6;4;0;0;2;1;0;0;27;
09577177;Weißenburg;240;095771770004;STIMMBEZIRK;Forstamt - Waldschule;04;;;N;1077;609;468;0;459;457;2;2;0;3;456;148;72;79;10;103;15;24;4;1;3;456;113;76;67;17;112;10;33;1;5;3;0;1;1;1;0;0;16;
09577177;Weißenburg;240;095771770005;STIMMBEZIRK;Mittschule, Aula;05;;;N;1128;606;522;0;445;445;0;0;0;1;444;181;64;54;12;85;14;26;5;3;1;444;155;76;42;18;87;17;23;1;4;1;2;0;2;0;0;0;16;
09577177;Weißenburg;240;095771770006;STIMMBEZIRK;Altmühlfranken-Schule;06;;;N;1065;575;490;0;385;385;0;0;0;1;384;135;54;54;12;92;8;24;0;5;1;384;103;55;56;20;96;5;21;1;3;1;0;0;5;1;1;0;16;
09577177;Weißenburg;240;095771770007;STIMMBEZIRK;Rot-Kreuz-Heim, Großer Saal;07;;;N;1080;622;458;0;409;409;0;0;0;0;409;136;71;39;9;118;12;22;1;1;2;407;102;78;29;14;114;9;28;2;3;0;1;0;0;0;1;1;25;
09577177;Weißenburg;240;095771770008;STIMMBEZIRK;Grundschule, EG Turnhalle - LINKS;08;;;N;934;532;402;0;370;369;1;1;0;0;370;150;49;36;5;86;14;26;1;3;1;369;125;52;29;9;90;8;26;3;2;2;1;0;2;0;0;0;20;
09577177;Weißenburg;240;095771770009;STIMMBEZIRK;Grundschule, EG Turnhalle - RECHTS;09;;;N;1067;626;441;0;451;451;0;0;0;3;448;150;77;48;4;107;18;34;4;6;2;449;116;70;40;13;103;13;49;2;4;4;2;1;3;0;0;0;29;
09577177;Weißenburg;240;095771770010;STIMMBEZIRK;Kinderhort Stich-Villa, 1. OG;10;;;N;1035;592;443;0;427;427;0;0;0;0;427;139;61;50;5;113;13;34;3;9;0;427;110;79;39;8;122;13;37;0;3;0;2;1;4;0;0;0;9;
09577177;Weißenburg;240;095771770011;STIMMBEZIRK;Evang. Gemeindehaus Weimersheim;11;;;N;485;282;203;0;233;233;0;0;0;0;233;117;25;21;4;53;4;9;0;0;0;233;89;33;15;9;57;16;6;0;0;0;0;0;0;0;0;0;8;
09577177;Weißenburg;240;095771770012;STIMMBEZIRK;Gemeindehaus Holzingen;12;;;N;348;214;134;0;181;181;0;0;0;0;181;84;20;25;6;28;10;7;1;0;0;181;69;24;15;6;32;16;6;2;1;1;3;0;0;0;0;0;6;
09577177;Weißenburg;240;095771770013;STIMMBEZIRK;Schützenheim Niederhofen;13;;;N;365;177;188;0;153;153;0;0;0;1;152;57;11;11;5;39;12;12;3;2;1;152;43;14;11;8;40;13;8;0;4;1;2;1;2;0;0;1;4;
09577177;Weißenburg;240;095771770014;STIMMBEZIRK;Schulhaus Oberhochstatt;14;;;N;379;182;197;0;148;148;0;0;0;0;148;62;10;15;3;45;12;1;0;0;0;148;47;17;13;1;43;14;3;1;1;0;0;1;1;0;0;0;6;
09577177;Weißenburg;240;095771770015;STIMMBEZIRK;Städt. Kindergarten Suffersheim;15;;;N;407;202;205;0;163;163;0;0;0;2;161;82;19;18;1;27;2;6;3;3;1;162;63;26;17;3;32;4;7;1;1;0;2;0;3;0;0;0;3;
09577177;Weißenburg;240;095771770016;STIMMBEZIRK;Neues Schulhaus Dettenheim;16;;;N;477;260;217;0;212;210;2;2;0;2;210;92;30;18;4;47;7;11;0;1;0;212;82;29;14;6;50;5;11;0;1;1;0;0;4;0;0;0;9;
09577177;Weißenburg;240;095771770017;STIMMBEZIRK;Schule Emetzheim, Turnhalle;17;;;N;344;173;171;0;150;149;1;1;0;1;149;80;8;12;3;33;7;6;0;0;0;150;60;10;17;7;39;8;5;0;0;0;0;0;0;0;0;0;4;
09577177;Weißenburg;240;095771770021;BRIEFWAHLBEZIRK;Städtisches Wildbadgebäude, Saal 1;21;;;N;0;0;0;0;452;0;452;0;0;2;450;208;65;78;13;62;12;5;3;4;1;451;181;76;67;22;60;17;11;1;2;1;0;0;0;0;0;0;13;
09577177;Weißenburg;240;095771770022;BRIEFWAHLBEZIRK;Städtisches Wildbadgebäude, Saal 2;22;;;N;0;0;0;0;469;0;469;0;0;4;465;245;61;74;11;40;12;13;4;5;1;468;209;70;70;14;49;24;17;1;0;1;0;1;1;0;0;0;11;
09577177;Weißenburg;240;095771770023;BRIEFWAHLBEZIRK;Städtisches Wildbadgebäude, Saal 3;23;;;N;0;0;0;0;468;0;468;0;0;0;468;255;57;63;6;40;16;20;7;4;0;468;226;64;59;17;45;16;22;0;3;1;5;0;0;1;0;0;9;
09577177;Weißenburg;240;095771770024;BRIEFWAHLBEZIRK;Städtisches Wildbadgebäude, Saal 4;24;;;N;0;0;0;0;467;0;467;0;0;2;465;211;64;67;6;63;27;17;3;7;0;467;178;66;60;9;68;26;17;2;5;2;1;0;7;0;0;0;26;
09577177;Weißenburg;240;095771770025;BRIEFWAHLBEZIRK;Städtisches Wildbadgebäude, Bühne;25;;;N;0;0;0;0;457;0;457;0;0;0;457;219;85;60;15;49;14;9;4;2;0;457;197;80;58;18;51;14;9;0;5;2;1;2;1;0;0;1;18;
09577177;Weißenburg;240;095771770026;BRIEFWAHLBEZIRK;Alte Turnhalle, Halle 1;26;;;N;0;0;0;0;462;0;462;0;0;2;460;216;84;77;5;40;16;17;0;5;2;460;175;95;63;10;49;21;17;2;5;1;0;0;1;1;0;0;20;
09577177;Weißenburg;240;095771770027;BRIEFWAHLBEZIRK;Alte Turnhalle, Halle 2;27;;;N;0;0;0;0;467;0;467;0;0;3;464;242;65;46;8;57;25;12;4;5;1;466;204;80;45;10;60;24;11;2;5;1;2;3;5;0;0;0;14;
09577177;Weißenburg;240;095771770028;BRIEFWAHLBEZIRK;Alte Turnhalle, Halle 3;28;;;N;0;0;0;0;466;0;466;0;0;3;463;221;60;62;14;62;21;15;4;4;3;463;182;69;59;15;71;27;22;0;4;1;1;2;3;0;0;0;7;
09577177;Weißenburg;240;095771770029;BRIEFWAHLBEZIRK;Alte Turnhalle, Halle 4;29;;;N;0;0;0;0;463;0;463;0;0;0;463;221;55;68;9;51;31;21;4;3;0;463;182;67;62;14;47;24;29;1;5;5;2;0;3;0;0;0;22;
09577177;Weißenburg;240;095771770030;BRIEFWAHLBEZIRK;Neues Rathaus-  Gebäudeteil A, EG Trauzimmer;30;;;N;0;0;0;0;461;0;461;0;0;1;460;162;75;77;14;69;31;19;4;9;0;461;134;79;67;19;70;33;22;1;6;3;3;0;7;1;0;1;15;
09577177;Weißenburg;240;095771770031;BRIEFWAHLBEZIRK;Neues Rathaus - Gebäudeteil C, 2. Stock, Scheunensaal  LINKS;31;;;N;0;0;0;0;455;0;455;0;0;3;452;199;56;68;9;61;29;25;4;1;1;454;165;64;47;15;63;29;24;2;4;3;3;2;1;1;0;0;31;
09577177;Weißenburg;240;095771770001;BRIEFWAHLBEZIRK;Neues Rathaus - Gebäudeteil C, 2. Stock, Scheunensaal RECHTS;32;;;N;0;0;0;0;453;0;453;0;0;6;447;195;88;54;14;52;10;26;6;2;1;452;180;84;48;14;57;9;24;0;4;0;0;0;4;1;0;0;27;
;;240;095775532;VERBANDSGEMEINDE;Verwaltungsgemeinschaft Gunzenhausen;;;;N;5604;3397;2207;0;4808;2688;2120;2;0;20;4788;2204;556;399;143;934;252;185;60;55;15;4793;1925;537;418;187;954;255;195;21;39;15;28;7;30;3;1;6;172;
09577111;Markt Absberg;240;09577111;GEMEINDE;Markt Absberg;;;;N;1197;723;474;0;978;528;450;0;0;4;974;469;102;79;30;172;58;40;13;11;2;976;436;90;85;34;178;49;38;3;15;3;5;0;6;1;0;2;31;
09577111;Markt Absberg;240;095771110001;STIMMBEZIRK;Absberg, Neuer Kindergarten;0001;;;N;753;462;291;0;309;309;0;0;0;2;307;119;32;24;10;81;12;21;5;3;1;308;113;30;29;11;82;8;14;0;4;0;2;0;2;0;0;1;12;
09577111;Markt Absberg;240;095771110002;STIMMBEZIRK;Kalbensteinberg, Feuerwehrhaus;0002;;;N;444;261;183;0;219;219;0;0;0;1;218;118;20;20;3;33;8;12;3;1;1;218;107;15;17;5;39;6;15;1;0;3;1;0;2;1;0;0;6;
09577111;Markt Absberg;240;095771110011;BRIEFWAHLBEZIRK;Briefwahl Absberg;0011;;;N;0;0;0;0;450;0;450;0;0;1;449;232;50;35;17;58;38;7;5;7;0;450;216;45;39;18;57;35;9;2;11;0;2;0;2;0;0;1;13;
09577138;Haundorf;240;09577138;GEMEINDE;Haundorf;;;;N;2199;1349;850;0;1893;1078;815;0;0;4;1889;859;208;137;57;431;90;65;23;19;6;1887;729;200;144;92;438;91;72;8;9;5;13;2;11;0;0;4;69;
09577138;Haundorf;240;095771380001;STIMMBEZIRK;Haundorf, Mehrzweckraum;0001;;;N;767;501;266;0;400;400;0;0;0;1;399;187;37;23;13;98;22;15;3;1;1;399;149;39;27;23;97;20;11;3;2;0;2;0;1;0;0;0;25;
09577138;Haundorf;240;095771380002;STIMMBEZIRK;Gräfensteinberg, Schule;0002;;;N;470;289;181;0;235;235;0;0;0;0;235;97;26;27;10;48;11;7;3;6;1;234;77;33;19;20;49;5;13;0;2;2;1;0;3;0;0;1;9;
09577138;Haundorf;240;095771380003;STIMMBEZIRK;Gräfensteinberg OT, Kindergarten;0003;;;N;455;293;162;0;227;227;0;0;0;1;226;107;25;9;4;59;11;7;4;0;2;225;95;22;10;8;58;13;7;0;1;0;4;0;0;0;0;0;7;
09577138;Haundorf;240;095771380004;STIMMBEZIRK;Obererlbach, Gemeindehaus;0004;;;N;507;266;241;0;216;216;0;0;0;0;216;108;22;6;7;64;5;1;2;1;0;216;92;18;9;11;66;4;5;1;2;0;0;1;0;0;0;3;4;
09577138;Haundorf;240;095771380011;BRIEFWAHLBEZIRK;Briefwahl Haundorf I;0011;;;N;0;0;0;0;464;0;464;0;0;0;464;204;53;45;13;96;19;21;7;6;0;464;185;40;50;15;96;31;20;2;1;1;5;1;5;0;0;0;12;
09577138;Haundorf;240;095771380012;BRIEFWAHLBEZIRK;Briefwahl Haundorf II;0012;;;N;0;0;0;0;351;0;351;0;0;2;349;156;45;27;10;66;22;14;4;5;2;349;131;48;29;15;72;18;16;2;1;2;1;0;2;0;0;0;12;
09577159;Pfofeld;240;09577159;GEMEINDE;Pfofeld;;;;N;1266;771;495;0;1077;602;475;0;0;5;1072;426;155;102;30;215;62;54;16;12;2;1075;393;148;108;28;207;52;47;9;10;5;5;2;7;2;1;0;51;
09577159;Pfofeld;240;095771590001;STIMMBEZIRK;Pfofeld, Gemeindehaus Sitzungssaal;0001;;;N;602;321;281;0;264;264;0;0;0;1;263;112;37;25;5;58;12;12;0;2;1;263;105;29;28;4;57;12;12;1;0;1;0;0;1;0;1;0;12;
09577159;Pfofeld;240;095771590002;STIMMBEZIRK;Langlau/Rehenbühl, Schule;0002;;;N;506;339;167;0;249;249;0;0;0;2;247;91;33;19;11;64;15;9;5;0;1;248;92;34;18;8;61;12;8;0;4;0;3;0;1;0;0;0;7;
09577159;Pfofeld;240;095771590003;STIMMBEZIRK;Thannhausen, Dorfgemeinschaftshaus;0003;;;N;158;111;47;0;89;89;0;0;0;0;89;35;14;6;7;17;3;5;0;2;0;89;29;15;6;9;17;2;6;0;0;0;0;0;1;1;0;0;3;
09577159;Pfofeld;240;095771590011;BRIEFWAHLBEZIRK;Briefwahl Pfofeld I;0011;;;N;0;0;0;0;236;0;236;0;0;1;235;99;43;21;3;29;19;15;3;3;0;236;88;39;27;3;29;13;8;5;2;1;1;1;2;0;0;0;17;
09577159;Pfofeld;240;095771590012;BRIEFWAHLBEZIRK;Briefwahl Pfofeld II;0012;;;N;0;0;0;0;239;0;239;0;0;1;238;89;28;31;4;47;13;13;8;5;0;239;79;31;29;4;43;13;13;3;4;3;1;1;2;1;0;0;12;
09577172;Theilenhofen;240;09577172;GEMEINDE;Theilenhofen;;;;N;942;554;388;0;860;480;380;2;0;7;853;450;91;81;26;116;42;26;8;13;5;855;367;99;81;33;131;63;38;1;5;2;5;3;6;0;0;0;21;
09577172;Theilenhofen;240;095771720001;STIMMBEZIRK;Theilenhofen, Mehrgenerationenhaus;0001;;;N;416;233;183;0;205;203;2;2;0;4;201;93;17;15;11;41;9;4;3;8;3;202;83;14;15;12;43;9;9;0;1;0;3;0;2;0;0;0;11;
09577172;Theilenhofen;240;095771720002;STIMMBEZIRK;Dornhausen, Gasthaus Haas;0002;;;N;198;119;79;0;104;104;0;0;0;0;104;53;12;9;6;14;6;1;2;1;1;103;41;13;8;10;16;6;6;1;1;0;0;0;0;0;0;0;1;
09577172;Theilenhofen;240;095771720003;STIMMBEZIRK;Gundelsheim, Gemeindehaus-Jugendraum;0003;;;N;172;105;67;0;89;89;0;0;0;0;89;41;14;15;0;13;4;2;0;0;0;89;28;17;11;1;19;4;3;0;1;0;1;2;0;0;0;0;2;
09577172;Theilenhofen;240;095771720004;STIMMBEZIRK;Wachstein, Gemeindesaal;0004;;;N;156;97;59;0;84;84;0;0;0;0;84;55;4;12;1;7;0;4;0;1;0;84;46;7;12;2;8;2;5;0;0;0;1;0;1;0;0;0;0;
09577172;Theilenhofen;240;095771720011;BRIEFWAHLBEZIRK;Briefwahl Theilenhofen;0011;;;N;0;0;0;0;378;0;378;0;0;3;375;208;44;30;8;41;23;15;3;3;1;377;169;48;35;8;45;42;15;0;2;2;0;1;3;0;0;0;7;
;;240;095775533;VERBANDSGEMEINDE;Verwaltungsgemeinschaft Altmühltal;;;;N;3940;2441;1499;0;3538;2070;1468;8;0;13;3525;1686;423;389;64;579;188;143;25;28;11;3527;1449;442;377;101;630;196;145;24;18;9;12;4;17;0;0;1;102;
09577113;Alesheim;240;09577113;GEMEINDE;Alesheim;;;;N;765;467;298;0;690;397;293;4;0;4;686;335;61;72;14;133;41;22;2;6;3;687;288;64;60;21;141;56;27;2;3;3;2;1;1;0;0;1;17;
09577113;Alesheim;240;095771130001;STIMMBEZIRK;Alesheim I;0001;;;N;471;267;204;0;222;221;1;1;0;1;221;102;16;29;3;48;13;7;1;2;1;221;86;14;23;6;49;23;12;0;1;1;0;1;1;0;0;0;4;
09577113;Alesheim;240;095771130002;STIMMBEZIRK;Alesheim II - Trommetsheim;0002;;;N;294;200;94;0;179;176;3;3;0;2;177;80;18;22;3;36;12;5;1;0;2;177;67;22;16;4;42;13;6;1;1;1;1;0;0;0;0;0;3;
09577113;Alesheim;240;095771130011;BRIEFWAHLBEZIRK;Briefwahl Alesheim;0011;;;N;0;0;0;0;289;0;289;0;0;1;288;153;27;21;8;49;16;10;0;4;0;289;135;28;21;11;50;20;9;1;1;1;1;0;0;0;0;1;10;
09577122;Dittenheim;240;09577122;GEMEINDE;Dittenheim;;;;N;1475;958;517;0;1316;818;498;1;0;3;1313;682;134;120;22;214;63;54;7;17;0;1316;578;138;123;40;243;60;61;9;7;4;4;2;13;0;0;0;34;
09577122;Dittenheim;240;095771220001;STIMMBEZIRK;Dittenheim I;0001;;;N;893;561;332;0;467;466;1;1;0;2;465;245;48;39;9;83;11;19;1;10;0;467;208;58;40;16;90;11;20;4;3;2;0;1;6;0;0;0;8;
09577122;Dittenheim;240;095771220002;STIMMBEZIRK;Dittenheim II - Sammenheim;0002;;;N;279;178;101;0;150;150;0;0;0;0;150;78;16;6;0;29;5;13;3;0;0;150;70;15;13;0;29;6;10;2;0;0;2;0;0;0;0;0;3;
09577122;Dittenheim;240;095771220003;STIMMBEZIRK;Dittenheim III - Sausenhofen;0003;;;N;129;99;30;0;94;94;0;0;0;0;94;72;4;7;0;3;5;3;0;0;0;94;67;4;6;1;5;4;5;0;0;0;0;0;0;0;0;0;2;
09577122;Dittenheim;240;095771220004;STIMMBEZIRK;Dittenheim IV - Windsfeld;0004;;;N;174;120;54;0;108;108;0;0;0;1;107;54;12;12;5;15;4;5;0;0;0;108;51;10;12;6;16;4;6;0;0;1;0;0;0;0;0;0;2;
09577122;Dittenheim;240;095771220011;BRIEFWAHLBEZIRK;Briefwahl Dittenheim;0011;;;N;0;0;0;0;497;0;497;0;0;0;497;233;54;56;8;84;38;14;3;7;0;497;182;51;52;17;103;35;20;3;4;1;2;1;7;0;0;0;19;
09577149;Markt Berolzheim;240;09577149;GEMEINDE;Markt Berolzheim;;;;N;1037;643;394;0;926;535;391;0;0;6;920;380;170;135;16;120;44;44;8;3;6;920;333;183;124;25;129;42;34;10;8;0;1;0;3;0;0;0;28;
09577149;Markt Berolzheim;240;095771490001;STIMMBEZIRK;Markt Berolzheim;0001;;;N;1037;643;394;0;535;535;0;0;0;4;531;210;96;86;11;77;25;22;2;2;4;531;191;112;73;11;83;18;17;7;2;0;0;0;2;0;0;0;15;
09577149;Markt Berolzheim;240;095771490011;BRIEFWAHLBEZIRK;Briefwahl Markt Berolzheim;0011;;;N;0;0;0;0;391;0;391;0;0;2;389;170;74;49;5;43;19;22;6;1;2;389;142;71;51;14;46;24;17;3;6;0;1;0;1;0;0;0;13;
09577150;Meinheim;240;09577150;GEMEINDE;Meinheim;;;;N;663;373;290;0;606;320;286;3;0;0;606;289;58;62;12;112;40;23;8;2;2;604;250;57;70;15;117;38;23;3;0;2;5;1;0;0;0;0;23;
09577150;Meinheim;240;095771500001;STIMMBEZIRK;Meinheim I;0001;;;N;521;259;262;0;211;210;1;1;0;0;211;90;18;18;5;55;16;6;3;0;1;210;75;18;20;5;58;14;7;0;0;0;4;1;0;0;0;0;8;
09577150;Meinheim;240;095771500002;STIMMBEZIRK;Meinheim II - Kurzenaltheim;0002;;;N;142;114;28;0;112;110;2;2;0;0;112;53;10;10;4;18;11;6;0;0;0;112;47;11;8;6;19;8;8;3;0;0;0;0;0;0;0;0;2;
09577150;Meinheim;240;095771500011;BRIEFWAHLBEZIRK;Briefwahl Meinheim;0011;;;N;0;0;0;0;283;0;283;0;0;0;283;146;30;34;3;39;13;11;5;2;1;282;128;28;42;4;40;16;8;0;0;2;1;0;0;0;0;0;13;
;;240;095775534;VERBANDSGEMEINDE;Verwaltungsgemeinschaft Ellingen;;;;N;4699;2612;2087;0;4146;2122;2024;8;0;12;4134;1965;446;531;123;686;188;142;25;28;2;4144;1733;503;406;148;733;234;143;12;35;10;13;3;17;0;1;4;149;
09577125;Stadt Ellingen;240;09577125;GEMEINDE;Stadt Ellingen;;;;N;3103;1730;1373;0;2705;1371;1334;7;0;10;2695;1241;318;325;87;470;118;98;16;22;2;2703;1116;333;269;98;490;116;93;7;27;6;7;2;14;0;1;3;121;
09577125;Stadt Ellingen;240;095771250001;STIMMBEZIRK;Ellingen - Rathaus;1;;;N;1043;609;434;0;395;392;3;3;0;0;395;146;51;48;10;107;13;18;1;1;0;395;124;50;42;15;111;11;17;0;5;0;1;0;0;0;0;1;18;
09577125;Stadt Ellingen;240;095771250002;STIMMBEZIRK;Ellingen - Schule Aula;2;;;N;1021;555;466;0;482;478;4;4;0;3;479;198;74;64;18;87;18;12;4;4;1;481;166;70;65;16;91;21;13;2;3;1;3;1;2;0;0;0;27;
09577125;Stadt Ellingen;240;095771250004;STIMMBEZIRK;Ellingen - Stopfenheim;3;;;N;687;374;313;0;336;336;0;0;0;2;334;187;27;28;7;56;15;12;1;1;0;336;170;28;24;15;57;15;8;0;0;1;1;0;2;0;0;0;15;
09577125;Stadt Ellingen;240;095771250005;STIMMBEZIRK;Ellingen - Hörlbach;4;;;N;352;192;160;0;165;165;0;0;0;1;164;79;13;16;4;44;4;3;0;1;0;165;69;14;15;4;44;8;2;3;1;1;0;0;1;0;0;0;3;
09577125;Stadt Ellingen;240;095771250011;BRIEFWAHLBEZIRK;Briefwahl Ellingen 1;11;;;N;0;0;0;0;476;0;476;0;0;0;476;243;60;52;13;63;20;19;1;5;0;476;217;64;48;14;66;22;19;0;5;2;0;0;2;0;0;2;15;
09577125;Stadt Ellingen;240;095771250012;BRIEFWAHLBEZIRK;Briefwahl Ellingen 2;12;;;N;0;0;0;0;379;0;379;0;0;1;378;173;42;59;14;45;16;16;7;6;0;379;160;53;42;13;46;18;17;2;8;0;1;1;1;0;0;0;17;
09577125;Stadt Ellingen;240;095771250013;BRIEFWAHLBEZIRK;Briefwahl Ellingen 3;13;;;N;0;0;0;0;472;0;472;0;0;3;469;215;51;58;21;68;32;18;2;4;1;471;210;54;33;21;75;21;17;0;5;1;1;0;6;0;1;0;26;
09577127;Ettenstatt;240;09577127;GEMEINDE;Ettenstatt;;;;N;699;398;301;0;631;345;286;1;0;0;631;319;50;107;11;100;28;9;7;0;0;631;286;65;52;25;110;56;18;2;1;3;4;0;0;0;0;0;9;
09577127;Ettenstatt;240;095771270001;STIMMBEZIRK;Ettenstatt;1;;;N;699;398;301;0;346;345;1;1;0;0;346;165;22;73;3;65;10;3;5;0;0;346;156;32;31;8;73;20;14;1;1;3;2;0;0;0;0;0;5;
09577127;Ettenstatt;240;095771270011;BRIEFWAHLBEZIRK;Briefwahl Ettenstatt;11;;;N;0;0;0;0;285;0;285;0;0;0;285;154;28;34;8;35;18;6;2;0;0;285;130;33;21;17;37;36;4;1;0;0;2;0;0;0;0;0;4;
09577141;Höttingen;240;09577141;GEMEINDE;Höttingen;;;;N;897;484;413;0;810;406;404;0;0;2;808;405;78;99;25;116;42;35;2;6;0;810;331;105;85;25;133;62;32;3;7;1;2;1;3;0;0;1;19;
09577141;Höttingen;240;095771410001;STIMMBEZIRK;Höttingen;1;;;N;359;197;162;0;164;164;0;0;0;1;163;95;12;11;2;29;8;6;0;0;0;164;80;13;13;3;37;10;5;1;1;0;0;0;0;0;0;0;1;
09577141;Höttingen;240;095771410002;STIMMBEZIRK;Fiegenstall;2;;;N;252;126;126;0;104;104;0;0;0;0;104;40;8;16;3;22;6;8;0;1;0;104;33;10;12;4;25;5;11;1;1;1;0;0;1;0;0;0;0;
09577141;Höttingen;240;095771410003;STIMMBEZIRK;Weiboldshausen;3;;;N;286;161;125;0;138;138;0;0;0;1;137;66;14;21;9;18;3;6;0;0;0;138;54;19;22;5;18;6;6;0;2;0;0;0;0;0;0;0;6;
09577141;Höttingen;240;095771410011;BRIEFWAHLBEZIRK;Briefwahl Höttingen;11;;;N;0;0;0;0;404;0;404;0;0;0;404;204;44;51;11;47;25;15;2;5;0;404;164;63;38;13;53;41;10;1;3;0;2;1;2;0;0;1;12;
;;240;095775535;VERBANDSGEMEINDE;Verwaltungsgemeinschaft Nennslingen;;;;N;3927;2232;1695;0;3420;1795;1625;0;0;8;3412;1783;243;309;75;650;199;101;29;23;6;3414;1547;293;261;109;683;217;124;11;23;6;12;1;15;0;0;2;110;
09577115;Bergen;240;09577115;GEMEINDE;Bergen;;;;N;897;560;337;0;790;466;324;0;0;1;789;390;48;71;20;167;58;22;4;9;2;788;354;62;48;24;167;61;32;2;5;1;3;0;9;0;0;1;19;
09577115;Bergen;240;095771150001;STIMMBEZIRK;Bergen;0101;;;N;372;243;129;0;199;199;0;0;0;1;198;80;13;20;10;52;12;6;2;3;1;198;74;17;12;7;52;15;6;0;3;0;2;0;4;0;0;1;5;
09577115;Bergen;240;095771150002;STIMMBEZIRK;Geyern;0102;;;N;100;77;23;0;67;67;0;0;0;0;67;37;4;6;1;15;3;1;0;0;0;67;36;4;4;1;15;5;2;0;0;0;0;0;0;0;0;0;0;
09577115;Bergen;240;095771150003;STIMMBEZIRK;Kaltenbuch;0103;;;N;110;65;45;0;55;55;0;0;0;0;55;36;3;3;0;9;3;1;0;0;0;55;31;2;3;1;11;2;3;0;0;0;0;0;0;0;0;0;2;
09577115;Bergen;240;095771150004;STIMMBEZIRK;Thalmannsfeld;0104;;;N;315;175;140;0;145;145;0;0;0;0;145;72;5;6;1;43;13;4;1;0;0;145;66;7;4;2;41;13;4;0;0;0;1;0;0;0;0;0;7;
09577115;Bergen;240;095771150011;BRIEFWAHLBEZIRK;Briefwahl;0111;;;N;0;0;0;0;324;0;324;0;0;0;324;165;23;36;8;48;27;10;1;6;1;323;147;32;25;13;48;26;17;2;2;1;0;0;5;0;0;0;5;
09577120;Burgsalach;240;09577120;GEMEINDE;Burgsalach;;;;N;914;543;371;0;819;460;359;0;0;4;815;446;60;66;17;147;42;20;12;5;3;816;376;78;65;26;162;40;21;2;6;3;5;0;2;0;0;1;29;
09577120;Burgsalach;240;095771200001;STIMMBEZIRK;Burgsalach;0201;;;N;555;335;220;0;274;274;0;0;0;1;273;137;25;22;4;64;9;6;3;3;2;272;111;35;18;8;69;9;5;1;3;1;1;0;2;0;0;0;9;
09577120;Burgsalach;240;095771200002;STIMMBEZIRK;Indernbuch;0202;;;N;146;82;64;0;72;72;0;0;0;0;72;21;5;11;5;15;5;4;5;1;0;72;20;7;13;3;17;3;3;0;0;0;3;0;0;0;0;1;2;
09577120;Burgsalach;240;095771200003;STIMMBEZIRK;Pfraunfeld;0203;;;N;213;126;87;0;114;114;0;0;0;2;112;77;5;3;0;20;4;3;0;0;1;113;68;4;3;5;20;3;2;0;2;1;0;0;0;0;0;0;5;
09577120;Burgsalach;240;095771200021;BRIEFWAHLBEZIRK;Briefwahl;0211;;;N;0;0;0;0;359;0;359;0;0;1;358;211;25;30;8;48;24;7;4;1;0;359;177;32;31;10;56;25;11;1;1;1;1;0;0;0;0;0;13;
09577151;Markt Nennslingen;240;09577151;GEMEINDE;Markt Nennslingen;;;;N;1166;662;504;0;962;480;482;0;0;3;959;494;70;101;17;183;48;30;8;8;0;962;413;95;88;29;198;52;29;5;6;2;2;0;2;0;0;0;41;
09577151;Markt Nennslingen;240;095771510001;STIMMBEZIRK;Nennslingen;0301;;;N;777;414;363;0;318;318;0;0;0;2;316;149;29;40;3;63;12;13;2;5;0;318;125;36;41;11;72;7;9;0;2;1;0;0;1;0;0;0;13;
09577151;Markt Nennslingen;240;095771510003;STIMMBEZIRK;Wengen;0303;;;N;164;116;48;0;59;59;0;0;0;0;59;32;1;6;2;12;4;1;1;0;0;59;25;10;2;1;11;4;0;0;0;0;1;0;0;0;0;0;5;
09577151;Markt Nennslingen;240;095771510002;STIMMBEZIRK;Biburg/ Gersdorf;0302;;;N;225;132;93;0;103;103;0;0;0;0;103;47;8;4;0;37;7;0;0;0;0;103;38;10;1;0;39;10;1;1;0;0;0;0;0;0;0;0;3;
09577151;Markt Nennslingen;240;095771510031;BRIEFWAHLBEZIRK;Briefwahl;0311;;;N;0;0;0;0;482;0;482;0;0;1;481;266;32;51;12;71;25;16;5;3;0;482;225;39;44;17;76;31;19;4;4;1;1;0;1;0;0;0;20;
09577163;Raitenbuch;240;09577163;GEMEINDE;Raitenbuch;;;;N;950;467;483;0;849;389;460;0;0;0;849;453;65;71;21;153;51;29;5;1;1;848;404;58;60;30;156;64;42;2;6;0;2;1;2;0;0;0;21;
09577163;Raitenbuch;240;095771630001;STIMMBEZIRK;Raitenbuch;0401;;;N;679;323;356;0;263;263;0;0;0;0;263;138;24;25;3;48;13;10;1;1;1;262;126;21;21;9;49;13;12;1;2;0;0;0;2;0;0;0;6;
09577163;Raitenbuch;240;095771630002;STIMMBEZIRK;Reuth am Wald/ Bechthal;0402;;;N;271;144;127;0;126;126;0;0;0;0;126;69;6;5;7;30;5;2;2;0;0;126;60;9;6;7;28;10;2;0;0;0;2;0;0;0;0;0;2;
09577163;Raitenbuch;240;095771630041;BRIEFWAHLBEZIRK;Briefwahl;0411;;;N;0;0;0;0;460;0;460;0;0;0;460;246;35;41;11;75;33;17;2;0;0;460;218;28;33;14;79;41;28;1;4;0;0;1;0;0;0;0;13;
;;240;095775536;VERBANDSGEMEINDE;Verwaltungsgemeinschaft Hahnenkamm;;;;N;3463;2134;1329;0;2931;1656;1275;4;0;6;2925;1535;232;189;57;610;146;80;59;17;5;2926;1390;222;200;87;605;153;97;6;19;2;36;5;10;1;0;1;92;
09577133;Markt Gnotzheim;240;09577133;GEMEINDE;Markt Gnotzheim;;;;N;687;482;205;0;614;418;196;0;0;1;613;353;39;35;13;121;31;9;11;1;2;612;337;40;36;15;118;28;16;1;3;2;6;1;1;0;0;0;8;
09577133;Markt Gnotzheim;240;095771330001;STIMMBEZIRK;Gnotzheim;01;;;N;687;482;205;0;418;418;0;0;0;1;417;237;25;21;7;94;16;7;9;1;2;416;226;23;21;9;94;15;13;1;2;1;5;1;0;0;0;0;5;
09577133;Markt Gnotzheim;240;095771330011;BRIEFWAHLBEZIRK;Briefwahl Gnotzheim;11;;;N;0;0;0;0;196;0;196;0;0;0;196;116;14;14;6;27;15;2;2;0;0;196;111;17;15;6;24;13;3;0;1;1;1;0;1;0;0;0;3;
09577140;Markt Heidenheim;240;09577140;GEMEINDE;Markt Heidenheim;;;;N;1855;1103;752;0;1506;787;719;1;0;3;1503;767;118;96;33;337;71;50;22;9;2;1504;671;119;95;49;337;79;58;5;10;0;15;1;4;1;0;1;59;
09577140;Markt Heidenheim;240;095771400001;STIMMBEZIRK;Heidenheim;01;;;N;1046;620;426;0;391;390;1;1;0;0;391;147;35;40;13;107;17;18;9;5;0;391;124;43;42;17;103;12;17;1;2;0;8;0;1;0;0;0;21;
09577140;Markt Heidenheim;240;095771400002;STIMMBEZIRK;Degersheim und Rohrach;02;;;N;162;105;57;0;88;88;0;0;0;0;88;51;8;8;0;17;3;1;0;0;0;88;46;8;7;1;17;5;3;0;0;0;0;0;0;0;0;0;1;
09577140;Markt Heidenheim;240;095771400003;STIMMBEZIRK;Hechlingen a.See;03;;;N;452;254;198;0;207;207;0;0;0;0;207;123;8;7;2;44;12;6;5;0;0;207;111;10;5;4;44;11;7;0;0;0;3;0;1;0;0;0;11;
09577140;Markt Heidenheim;240;095771400004;STIMMBEZIRK;Hohentrüdingen;04;;;N;195;124;71;0;102;102;0;0;0;0;102;60;4;4;1;29;2;1;1;0;0;102;59;3;3;2;28;4;1;1;0;0;1;0;0;0;0;0;0;
09577140;Markt Heidenheim;240;095771400011;BRIEFWAHLBEZIRK;Briefwahl Heidenheim;11;;;N;0;0;0;0;718;0;718;0;0;3;715;386;63;37;17;140;37;24;7;4;2;716;331;55;38;25;145;47;30;3;8;0;3;1;2;1;0;1;26;
09577179;Westheim;240;09577179;GEMEINDE;Westheim;;;;N;921;549;372;0;811;451;360;3;0;2;809;415;75;58;11;152;44;21;26;7;1;810;382;63;69;23;150;46;23;0;6;0;15;3;5;0;0;0;25;
09577179;Westheim;240;095771790001;STIMMBEZIRK;Westheim;01;;;N;431;241;190;0;201;201;0;0;0;0;201;99;15;20;3;43;8;7;5;1;0;201;83;18;19;9;44;8;8;0;2;0;3;0;0;0;0;0;7;
09577179;Westheim;240;095771790002;STIMMBEZIRK;Ostheim;02;;;N;289;193;96;0;154;154;0;0;0;1;153;75;14;13;2;37;5;6;0;1;1;153;74;10;13;3;39;3;4;0;0;0;2;1;1;0;0;0;3;
09577179;Westheim;240;095771790003;STIMMBEZIRK;Hüssingen;03;;;N;201;115;86;0;99;96;3;3;0;1;98;55;5;5;0;17;9;2;1;4;0;99;48;3;9;3;19;10;0;0;1;0;1;0;3;0;0;0;2;
09577179;Westheim;240;095771790011;BRIEFWAHLBEZIRK;Briefwahl Westheim;11;;;N;0;0;0;0;357;0;357;0;0;0;357;186;41;20;6;55;22;6;20;1;0;357;177;32;28;8;48;25;11;0;3;0;9;2;1;0;0;0;13;
