Gemeinde;Gemeindename;Wahlkreisnummer;Gebietsnummer;Gebietsart;Gebietsname;Bezirksnummer;Ausgezaehlt abweichend Gebiet;Ausgezaehlt abweichend AGS;Ausbleibend;Wahlberechtigte gesamt (A);Wahlberechtigte ohne Wahlschein (A1);Wahlberechtigte mit Wahlschein (A2);Wahlberechtigte nicht im WVZ (A3);Waehler gesamt (B);Waehler ohne Wahlschein;Waehler mit Wahlschein;Urnenwaehler mit Wahlschein in Urnenwahllokal;Briefwaehler mit Wahlschein in Urnenwahllokal;Direktstimmen ungueltige (C);Direktstimmen gueltige (D);D1;D2;D3;D4;D5;D6;D7;D11;D13;D16;D18;Listenstimmen ungueltige (E);Listenstimmen gueltige (F);F1;F2;F3;F4;F5;F6;F7;F8;F9;F10;F11;F12;F13;F14;F15;F16;F17;
;;245;245;WAHLKREIS;Roth;;;;N;227696;125128;102567;1;197152;98319;98833;264;0;947;196205;84151;25561;24181;5525;33199;8872;9951;1397;1884;654;830;585;196567;74215;26325;23881;7483;35444;7155;10628;656;1819;754;658;187;1082;110;28;264;5878;
;;245;09574000;KREIS;Landkreis Nürnberger Land;;;;N;129193;70907;58286;0;111740;55624;56116;182;0;536;111204;45239;15871;15539;3348;17814;4425;6026;900;1232;414;396;313;111427;40953;15686;15035;4290;18824;3717;6464;345;1009;374;398;108;668;58;10;159;3329;
09574112;Altdorf b.Nürnberg;245;09574112;GEMEINDE;Altdorf b.Nürnberg;;;;N;12153;6874;5279;0;10521;5441;5080;19;0;45;10476;4069;1870;1592;242;1548;320;538;108;115;34;40;23;10498;3748;1545;1620;375;1652;267;637;46;101;50;46;12;84;3;1;17;294;
09574112;Altdorf b.Nürnberg;245;095741120001;STIMMBEZIRK;Kronäcker;0001;;;N;1351;757;594;0;563;563;0;0;0;5;558;208;93;73;18;113;11;30;3;6;1;2;5;558;182;81;77;34;116;7;30;2;4;1;2;0;7;0;0;0;15;
09574112;Altdorf b.Nürnberg;245;095741120002;STIMMBEZIRK;Altstadt südlich und Prackenfels;0002;;;N;1448;714;734;0;549;549;0;0;0;3;546;175;109;86;18;104;15;28;5;3;2;1;0;549;159;78;97;28;107;10;41;2;6;2;0;0;2;0;0;1;16;
09574112;Altdorf b.Nürnberg;245;095741120003;STIMMBEZIRK;Altstadt nördlich;0003;;;N;1383;829;554;0;587;585;2;2;0;4;583;182;95;90;18;113;16;50;4;12;2;1;2;585;177;67;87;16;117;15;64;5;9;5;3;1;7;0;0;0;12;
09574112;Altdorf b.Nürnberg;245;095741120004;STIMMBEZIRK;Stadtgebiet östlich, Schleifmühle und Lenzenberg;0004;;;N;1409;779;630;0;620;616;4;4;0;1;619;198;136;76;8;131;28;31;3;4;2;2;0;620;176;106;86;21;134;10;46;1;10;0;4;0;3;0;0;2;21;
09574112;Altdorf b.Nürnberg;245;095741120005;STIMMBEZIRK;Oberpfalzviertel;0005;;;N;1223;664;559;0;528;526;2;2;0;4;524;171;127;77;7;81;18;26;9;6;0;2;3;525;156;95;90;12;86;11;33;3;3;4;4;2;10;1;0;0;15;
09574112;Altdorf b.Nürnberg;245;095741120006;STIMMBEZIRK;Am Berglein und Ziegelhütte;0006;;;N;1325;739;586;0;570;569;1;1;0;3;567;182;109;102;10;98;9;44;6;4;1;2;1;569;168;90;99;18;94;10;50;3;6;5;2;0;1;1;0;1;21;
09574112;Altdorf b.Nürnberg;245;095741120007;STIMMBEZIRK;Ludersheim;0007;;;N;367;212;155;0;171;169;2;2;0;1;170;63;32;25;6;32;4;5;2;0;0;1;3;168;58;21;26;8;36;7;5;0;1;2;1;0;0;0;0;0;3;
09574112;Altdorf b.Nürnberg;245;095741120008;STIMMBEZIRK;Pühlheim;0008;;;N;273;194;79;0;173;172;1;1;0;0;173;67;24;12;4;44;13;6;2;1;0;0;0;173;66;20;12;7;45;6;8;0;0;0;0;0;0;0;0;0;9;
09574112;Altdorf b.Nürnberg;245;095741120009;STIMMBEZIRK;Rasch;0009;;;N;695;390;305;0;346;342;4;4;0;1;345;161;46;53;3;55;8;14;4;1;0;0;0;346;147;49;47;10;58;11;15;1;3;0;0;0;1;0;0;0;4;
09574112;Altdorf b.Nürnberg;245;095741120010;STIMMBEZIRK;Rieden;0010;;;N;401;267;134;0;217;217;0;0;0;0;217;82;30;27;2;46;13;10;5;1;1;0;0;217;76;28;25;2;47;10;10;0;3;0;2;0;2;0;0;1;11;
09574112;Altdorf b.Nürnberg;245;095741120011;STIMMBEZIRK;Weinhof;0011;;;N;538;310;228;0;259;259;0;0;0;2;257;100;34;42;2;51;8;16;1;3;0;0;0;259;90;23;40;10;55;6;18;1;1;3;1;0;1;0;0;0;10;
09574112;Altdorf b.Nürnberg;245;095741120012;STIMMBEZIRK;Eismannsberg;0012;;;N;322;187;135;0;163;162;1;1;0;1;162;82;14;12;2;43;4;2;1;0;2;0;2;161;69;9;13;7;45;4;7;2;0;1;1;0;0;0;0;1;2;
09574112;Altdorf b.Nürnberg;245;095741120013;STIMMBEZIRK;Hagenhausen;0013;;;N;514;310;204;0;258;257;1;1;0;2;256;103;49;33;4;41;8;13;1;3;1;0;1;257;96;39;34;8;44;5;14;3;1;0;1;0;2;0;0;0;10;
09574112;Altdorf b.Nürnberg;245;095741120014;STIMMBEZIRK;Röthenbach;0014;;;N;904;522;382;0;456;455;1;1;0;2;454;168;59;95;14;71;9;28;2;8;0;0;0;456;147;49;105;24;76;6;29;2;2;4;2;0;2;0;0;0;8;
09574112;Altdorf b.Nürnberg;245;095741120021;BRIEFWAHLBEZIRK;Briefwahl I;0021;;;N;0;0;0;0;721;0;721;0;0;1;720;305;132;110;22;66;26;34;10;9;4;2;0;721;284;125;95;26;70;28;36;5;8;4;5;0;6;0;1;3;25;
09574112;Altdorf b.Nürnberg;245;095741120022;BRIEFWAHLBEZIRK;Briefwahl II;0022;;;N;0;0;0;0;656;0;656;0;0;3;653;262;121;105;14;80;14;38;7;5;3;4;0;656;252;107;101;13;88;13;40;0;12;7;1;1;5;0;0;0;16;
09574112;Altdorf b.Nürnberg;245;095741120023;BRIEFWAHLBEZIRK;Briefwahl III;0023;;;N;0;0;0;0;674;0;674;0;0;1;673;297;107;102;15;78;23;26;11;5;5;4;0;674;267;107;102;17;90;21;35;3;5;2;2;3;3;0;0;2;15;
09574112;Altdorf b.Nürnberg;245;095741120024;BRIEFWAHLBEZIRK;Briefwahl IV;0024;;;N;0;0;0;0;659;0;659;0;0;3;656;267;115;98;16;79;22;28;8;15;3;5;2;657;254;89;109;23;91;17;32;8;4;1;3;3;9;0;0;2;12;
09574112;Altdorf b.Nürnberg;245;095741120025;BRIEFWAHLBEZIRK;Briefwahl V;0025;;;N;0;0;0;0;514;0;514;0;0;2;512;245;86;68;13;46;18;17;6;5;2;6;1;513;218;67;78;20;59;22;19;3;5;1;4;0;4;0;0;0;13;
09574112;Altdorf b.Nürnberg;245;095741120026;BRIEFWAHLBEZIRK;Briefwahl VI;0026;;;N;0;0;0;0;618;0;618;0;0;3;615;259;100;109;15;76;13;26;9;5;2;1;1;617;244;78;102;27;76;18;37;0;3;6;3;0;3;0;0;0;20;
09574112;Altdorf b.Nürnberg;245;095741120027;BRIEFWAHLBEZIRK;Briefwahl VII;0027;;;N;0;0;0;0;691;0;691;0;0;1;690;277;144;105;16;66;25;38;6;8;1;4;1;690;262;112;113;22;76;13;43;0;8;1;2;1;10;1;0;2;24;
09574112;Altdorf b.Nürnberg;245;095741120028;BRIEFWAHLBEZIRK;Briefwahl VIII;0028;;;N;0;0;0;0;528;0;528;0;0;2;526;215;108;92;15;34;15;28;3;11;2;3;1;527;200;105;82;22;42;17;25;2;7;1;3;1;6;0;0;2;12;
09574117;Burgthann;245;09574117;GEMEINDE;Burgthann;;;;N;9017;5071;3946;0;7945;4163;3782;20;0;35;7910;3331;1161;1023;196;1324;318;337;73;97;29;21;20;7925;3028;1137;1010;294;1399;252;370;22;58;23;29;7;47;4;1;12;232;
09574117;Burgthann;245;095741170001;STIMMBEZIRK;Burgthann 1;001;;;N;955;526;429;0;424;420;4;4;0;2;422;158;53;76;8;83;12;22;6;4;0;0;1;423;149;52;76;12;85;5;24;0;0;1;3;0;4;0;0;1;11;
09574117;Burgthann;245;095741170002;STIMMBEZIRK;Burgthann 2;002;;;N;945;502;443;0;427;426;1;1;0;1;426;171;70;59;20;65;13;17;3;5;1;2;0;427;157;67;59;22;73;13;15;0;4;2;1;0;1;1;1;1;10;
09574117;Burgthann;245;095741170003;STIMMBEZIRK;Burgthann 3;003;;;N;1036;567;469;0;488;485;3;3;0;1;487;177;79;73;17;86;13;32;5;5;0;0;0;488;158;78;68;23;88;7;37;2;4;0;0;0;4;0;0;0;19;
09574117;Burgthann;245;095741170004;STIMMBEZIRK;Unterferrieden;004;;;N;947;467;480;0;391;388;3;3;0;2;389;186;42;41;7;81;10;10;4;5;0;3;1;390;165;40;37;10;96;3;12;2;5;2;2;0;4;2;0;1;9;
09574117;Burgthann;245;095741170005;STIMMBEZIRK;Schwarzenbach/Dörlbach;005;;;N;729;442;287;0;353;353;0;0;0;1;352;134;41;34;13;79;19;22;4;4;2;0;1;352;125;45;32;15;81;12;17;0;6;1;0;1;1;0;0;1;15;
09574117;Burgthann;245;095741170006;STIMMBEZIRK;Grub;006;;;N;515;327;188;0;273;268;5;5;0;0;273;101;28;22;10;81;14;12;0;4;0;1;0;273;80;27;29;16;86;9;13;0;2;0;1;0;2;0;0;0;8;
09574117;Burgthann;245;095741170007;STIMMBEZIRK;Ezelsdorf Dorfgemeinschaftshaus;007;;;N;860;508;352;0;435;435;0;0;0;4;431;158;73;47;4;97;20;22;2;3;5;0;3;432;147;55;51;11;103;15;29;2;3;0;1;0;4;0;0;2;9;
09574117;Burgthann;245;095741170008;STIMMBEZIRK;Ezelsdorf Schule;008;;;N;853;494;359;0;387;385;2;2;0;3;384;138;63;54;8;71;15;18;6;10;1;0;3;384;113;61;58;14;76;13;25;1;1;0;1;2;5;0;0;0;14;
09574117;Burgthann;245;095741170009;STIMMBEZIRK;Oberferrieden;009;;;N;940;526;414;0;446;445;1;1;0;2;444;180;61;53;12;98;20;11;1;2;6;0;2;444;155;55;55;20;103;23;20;0;1;1;0;0;1;0;0;2;8;
09574117;Burgthann;245;095741170010;STIMMBEZIRK;Mimberg Kindergarten;010;;;N;618;370;248;0;293;292;1;1;0;2;291;114;36;41;10;51;10;22;4;1;2;0;2;291;98;35;35;17;52;9;20;0;2;4;1;0;0;0;0;0;18;
09574117;Burgthann;245;095741170011;STIMMBEZIRK;Mimberg Feuerwehrhaus;011;;;N;619;342;277;0;266;266;0;0;0;3;263;114;45;34;7;46;7;5;1;3;0;1;0;266;96;49;29;9;51;9;10;0;1;0;1;0;2;0;0;1;8;
09574117;Burgthann;245;095741170021;BRIEFWAHLBEZIRK;Briefwahl 1;021;;;N;0;0;0;0;412;0;412;0;0;2;410;199;68;47;9;42;18;14;5;3;2;3;1;411;188;71;48;5;44;16;13;4;3;3;0;1;1;1;0;0;13;
09574117;Burgthann;245;095741170022;BRIEFWAHLBEZIRK;Briefwahl 2;022;;;N;0;0;0;0;424;0;424;0;0;1;423;190;67;48;7;58;13;23;4;12;0;1;1;423;175;63;49;14;62;12;28;2;4;1;2;1;6;0;0;0;4;
09574117;Burgthann;245;095741170023;BRIEFWAHLBEZIRK;Briefwahl 3;023;;;N;0;0;0;0;410;0;410;0;0;1;409;187;79;46;9;55;12;11;4;3;1;2;1;409;168;77;45;20;55;15;11;1;4;1;2;0;1;0;0;1;8;
09574117;Burgthann;245;095741170024;BRIEFWAHLBEZIRK;Briefwahl 4;024;;;N;0;0;0;0;420;0;420;0;0;2;418;194;58;50;8;66;21;12;1;4;2;2;2;418;184;58;50;12;75;16;8;2;1;0;0;0;2;0;0;0;10;
09574117;Burgthann;245;095741170025;BRIEFWAHLBEZIRK;Briefwahl 5;025;;;N;0;0;0;0;418;0;418;0;0;1;417;171;72;56;11;51;22;18;3;10;1;2;0;418;157;74;54;14;54;16;23;3;3;1;2;0;2;0;0;0;15;
09574117;Burgthann;245;095741170026;BRIEFWAHLBEZIRK;Briefwahl 6;026;;;N;0;0;0;0;417;0;417;0;0;4;413;185;53;68;14;46;18;13;7;5;1;3;1;416;159;60;64;27;48;20;14;1;3;1;4;0;2;0;0;1;12;
09574117;Burgthann;245;095741170027;BRIEFWAHLBEZIRK;Briefwahl 7;027;;;N;0;0;0;0;422;0;422;0;0;1;421;193;50;69;5;64;18;10;5;2;4;1;1;421;186;53;57;11;66;10;15;0;2;2;2;0;3;0;0;1;13;
09574117;Burgthann;245;095741170028;BRIEFWAHLBEZIRK;Briefwahl 8;028;;;N;0;0;0;0;423;0;423;0;0;0;423;158;67;61;10;54;27;32;4;9;1;0;0;423;153;69;60;12;51;18;24;1;6;2;4;2;2;0;0;0;19;
09574117;Burgthann;245;095741170029;BRIEFWAHLBEZIRK;Briefwahl 9;029;;;N;0;0;0;0;416;0;416;0;0;2;414;223;56;44;7;50;16;11;4;3;0;0;0;416;215;48;54;10;50;11;12;1;3;1;2;0;0;0;0;0;9;
09574123;Feucht;245;09574123;GEMEINDE;Feucht;;;;N;10470;5944;4526;0;9070;4694;4376;7;0;46;9024;3450;1423;1287;270;1633;197;501;75;85;78;25;16;9054;3117;1403;1197;371;1708;179;526;21;97;35;33;4;47;4;0;22;290;
09574123;Feucht;245;095741230001;STIMMBEZIRK;Stimmbezirk 01 Mittelschule Feucht;0001;;;N;831;558;273;0;409;409;0;0;0;3;406;102;68;39;14;122;5;36;7;4;7;2;0;409;95;57;38;18;122;7;36;2;7;0;2;0;2;0;0;3;20;
09574123;Feucht;245;095741230002;STIMMBEZIRK;Stimmbezirk 02 Grundschule;0002;;;N;1511;898;613;0;684;684;0;0;0;7;677;226;92;75;20;183;14;53;5;4;4;1;3;681;204;94;68;28;180;10;51;3;9;5;4;0;2;0;0;1;22;
09574123;Feucht;245;095741230003;STIMMBEZIRK;Stimmbezirk 03 FF Feucht;0003;;;N;939;609;330;0;504;503;1;1;0;2;502;158;73;62;24;133;5;39;1;5;2;0;1;503;138;68;60;30;130;7;34;0;1;1;0;1;4;0;0;0;29;
09574123;Feucht;245;095741230004;STIMMBEZIRK;Stimmbezirk 04 Reichswaldhalle kl. Saal;0004;;;N;1219;661;558;0;512;512;0;0;0;4;508;175;86;78;15;101;10;29;7;2;3;2;3;509;163;74;78;19;105;7;36;0;8;1;3;0;3;0;0;0;12;
09574123;Feucht;245;095741230005;STIMMBEZIRK;Stimmbezirk 05 Reichswaldhalle linker Saal;0005;;;N;1199;660;539;0;521;520;1;1;0;2;519;188;79;52;12;118;11;47;2;3;6;1;2;519;172;81;38;20;121;8;39;2;5;4;2;0;2;0;0;2;23;
09574123;Feucht;245;095741230006;STIMMBEZIRK;Stimmbezirk 06 Reichswaldhalle rechter Saal;0006;;;N;1242;656;586;0;517;515;2;2;0;0;517;209;76;79;11;96;10;24;3;4;4;1;0;517;191;86;65;16;104;8;20;1;3;2;1;0;3;0;0;3;14;
09574123;Feucht;245;095741230007;STIMMBEZIRK;Stimmbezirk 07 Alte AWO;0007;;;N;1284;675;609;0;549;548;1;1;0;3;546;220;80;65;15;119;13;21;1;5;6;1;1;548;197;82;61;21;125;8;23;0;7;1;0;0;1;0;0;1;21;
09574123;Feucht;245;095741230008;STIMMBEZIRK;Stimmbezirk 08 Zeidlerschloss;0008;;;N;1252;628;624;0;487;487;0;0;0;2;485;180;68;78;14;105;13;13;4;5;5;0;1;486;159;74;74;15;111;9;20;0;6;0;0;0;0;0;0;1;17;
09574123;Feucht;245;095741230009;STIMMBEZIRK;Stimmbezirk 09 Bürgerhalle Moosbach;0009;;;N;993;599;394;0;518;516;2;2;0;2;516;176;62;67;19;133;14;21;4;9;8;3;1;517;157;57;68;31;140;13;17;2;6;3;1;0;3;0;0;2;17;
09574123;Feucht;245;095741230021;BRIEFWAHLBEZIRK;Briefwahlbezirk 01 Bauhof Feucht;0021;;;N;0;0;0;0;584;0;584;0;0;2;582;231;87;89;20;90;11;38;5;4;7;0;1;583;201;83;78;23;98;16;43;4;4;4;4;1;3;0;0;3;18;
09574123;Feucht;245;095741230022;BRIEFWAHLBEZIRK;Briefwahlbezirk 02 Rathaus Sitzungssaal;0022;;;N;0;0;0;0;594;0;594;0;0;2;592;245;102;103;17;71;6;32;5;5;5;1;1;593;227;106;88;27;76;8;32;1;7;1;3;0;2;1;0;1;13;
09574123;Feucht;245;095741230023;BRIEFWAHLBEZIRK;Briefwahlbezirk 03 Mensa;0023;;;N;0;0;0;0;534;0;534;0;0;5;529;213;90;91;15;60;15;28;5;6;4;2;0;534;202;84;90;18;62;16;36;1;6;0;2;0;3;0;0;2;12;
09574123;Feucht;245;095741230024;BRIEFWAHLBEZIRK;Briefwahlbezirk 04 MS Raum 005;0024;;;N;0;0;0;0;530;0;530;0;0;3;527;218;79;93;12;66;15;24;3;10;3;4;0;530;192;79;90;17;72;14;24;1;6;4;1;1;7;2;0;2;18;
09574123;Feucht;245;095741230025;BRIEFWAHLBEZIRK;Briefwahlbezirk 05 MS Raum 006;0025;;;N;0;0;0;0;556;0;556;0;0;2;554;235;119;88;10;53;7;28;2;4;5;3;2;554;204;126;86;19;64;10;26;1;3;1;2;0;3;0;0;0;9;
09574123;Feucht;245;095741230026;BRIEFWAHLBEZIRK;Briefwahlbezirk 06 MS Raum 007;0026;;;N;0;0;0;0;589;0;589;0;0;4;585;265;94;74;14;74;21;22;10;7;1;3;0;589;231;95;77;24;80;11;28;0;9;5;3;0;4;0;0;0;22;
09574123;Feucht;245;095741230027;BRIEFWAHLBEZIRK;Briefwahlbezirk 07 MS Raum 008;0027;;;N;0;0;0;0;601;0;601;0;0;2;599;250;105;101;23;64;12;28;8;3;5;0;0;601;234;95;94;26;69;11;41;2;5;1;3;1;2;1;0;0;16;
09574123;Feucht;245;095741230028;BRIEFWAHLBEZIRK;Briefwahlbezirk 08 Feuerwehr Feucht Raum 2;0028;;;N;0;0;0;0;381;0;381;0;0;1;380;159;63;53;15;45;15;18;3;5;3;1;0;381;150;62;44;19;49;16;20;1;5;2;2;0;3;0;0;1;7;
09574132;Hersbruck;245;09574132;GEMEINDE;Hersbruck;;;;N;9496;5445;4051;0;7922;4082;3840;16;0;60;7862;3024;1131;1295;212;1176;274;537;71;98;23;21;33;7889;2705;1146;1245;290;1239;226;596;18;77;21;26;4;50;5;0;10;231;
09574132;Hersbruck;245;095741320001;STIMMBEZIRK;Stadthaus am Schloßplatz;1;;;N;1041;633;408;0;456;450;6;6;0;5;451;119;77;84;16;69;15;59;2;7;2;1;2;454;113;86;74;19;74;6;54;1;1;4;0;0;2;1;0;0;19;
09574132;Hersbruck;245;095741320002;STIMMBEZIRK;Evang. Gemeindehaus;2;;;N;1020;562;458;0;385;384;1;1;0;4;381;135;61;53;11;65;12;33;7;2;1;1;2;383;111;69;46;22;72;11;34;0;3;0;4;0;2;0;0;0;9;
09574132;Hersbruck;245;095741320003;STIMMBEZIRK;Ehem. Sparkassenfiliale Altensittenbach;3;;;N;918;567;351;0;424;420;4;4;0;4;420;146;78;52;10;86;9;33;4;2;0;0;5;419;124;65;58;9;87;12;45;1;4;1;2;0;0;0;0;0;11;
09574132;Hersbruck;245;095741320004;STIMMBEZIRK;Grundschule Altensittenbach;4;;;N;972;513;459;0;444;442;2;2;0;2;442;166;55;62;13;91;17;23;8;4;2;1;0;444;157;48;65;14;97;10;29;0;4;3;0;0;1;0;0;2;14;
09574132;Hersbruck;245;095741320005;STIMMBEZIRK;Emil-Held-Haus;5;;;N;1263;684;579;0;546;544;2;2;0;2;544;178;74;109;17;98;14;42;4;5;2;1;1;545;164;72;108;16;101;6;51;1;4;2;2;1;4;0;0;1;12;
09574132;Hersbruck;245;095741320006;STIMMBEZIRK;Katholischer Pfarrsaal;6;;;N;1144;663;481;0;464;463;1;1;0;8;456;153;50;87;12;94;15;28;9;5;1;2;4;460;129;59;77;22;107;11;37;0;3;2;3;0;2;0;0;0;8;
09574132;Hersbruck;245;095741320007;STIMMBEZIRK;Kinderkrippe Ostbahn;7;;;N;822;473;349;0;353;353;0;0;0;0;353;107;51;37;13;85;15;28;3;8;4;2;1;352;94;48;42;13;86;12;27;1;8;1;2;0;2;1;0;2;13;
09574132;Hersbruck;245;095741320008;STIMMBEZIRK;Kindertagesstätte HEB-i-kids;8;;;N;885;569;316;0;444;444;0;0;0;5;439;169;61;69;9;76;11;34;0;7;3;0;4;440;143;63;64;13;84;10;36;2;6;1;0;0;4;0;0;1;13;
09574132;Hersbruck;245;095741320009;STIMMBEZIRK;Kindertagesstätte Lebenshilfe;9;;;N;992;553;439;0;391;391;0;0;0;7;384;141;55;49;5;89;11;29;1;1;3;0;3;388;124;57;44;14;86;6;36;0;3;0;1;0;2;0;0;0;15;
09574132;Hersbruck;245;095741320010;STIMMBEZIRK;Dorfgemeinschaftshaus Ellenbach;10;;;N;439;228;211;0;191;191;0;0;0;0;191;98;13;24;13;16;8;12;1;5;0;1;0;191;93;18;25;14;19;5;8;0;2;0;1;0;1;0;0;0;5;
09574132;Hersbruck;245;095741320021;BRIEFWAHLBEZIRK;Briefwahl 1 (BürgerBüro  -Besprechungsraum);21;;;N;0;0;0;0;509;0;509;0;0;8;501;203;70;91;16;48;24;36;4;3;2;4;5;504;177;67;85;22;52;24;38;4;5;1;1;0;0;1;0;3;24;
09574132;Hersbruck;245;095741320022;BRIEFWAHLBEZIRK;Briefwahl 2 (BürgerBüro - KISS);22;;;N;0;0;0;0;555;0;555;0;0;1;554;253;79;88;12;71;20;20;2;8;0;1;0;555;238;81;85;20;68;18;15;1;5;2;0;0;5;0;0;0;17;
09574132;Hersbruck;245;095741320023;BRIEFWAHLBEZIRK;Briefwahl 3 (BürgerBüro - ehem. Post);23;;;N;0;0;0;0;523;0;523;0;0;5;518;191;78;94;17;67;24;34;8;3;0;2;1;522;170;68;91;25;73;16;45;4;5;1;2;1;1;0;0;0;20;
09574132;Hersbruck;245;095741320024;BRIEFWAHLBEZIRK;Briefwahl 4 (Stadthaus - Sitzungssaal);24;;;N;0;0;0;0;564;0;564;0;0;3;561;254;80;102;19;60;10;25;3;5;1;2;2;562;238;82;97;19;61;15;31;1;6;0;0;1;4;0;0;0;7;
09574132;Hersbruck;245;095741320025;BRIEFWAHLBEZIRK;Briefwahl 5 (Stadthaus - Foyer Sitzungssaal);25;;;N;0;0;0;0;560;0;560;0;0;1;559;235;74;101;8;45;29;48;5;13;1;0;0;560;208;75;98;16;52;27;45;2;9;0;3;1;9;0;0;1;14;
09574132;Hersbruck;245;095741320026;BRIEFWAHLBEZIRK;Briefwahl 6 (Stadthaus - Fraktionszimmer FRB);26;;;N;0;0;0;0;555;0;555;0;0;0;555;237;81;102;16;67;19;23;2;6;0;2;1;554;222;85;96;20;65;17;26;0;6;1;0;0;4;1;0;0;11;
09574132;Hersbruck;245;095741320027;BRIEFWAHLBEZIRK;Briefwahl 7 (Stadthaus - Fraktionszimmer CSU);27;;;N;0;0;0;0;558;0;558;0;0;5;553;239;94;91;5;49;21;30;8;14;1;1;2;556;200;103;90;12;55;20;39;0;3;2;5;0;7;1;0;0;19;
09574135;Kirchensittenbach;245;09574135;GEMEINDE;Kirchensittenbach;;;;N;1665;841;824;0;1464;665;799;1;0;7;1457;645;150;163;31;238;128;67;6;16;4;9;5;1459;608;143;155;40;257;116;74;5;11;1;5;1;7;2;0;0;34;
09574135;Kirchensittenbach;245;095741350001;STIMMBEZIRK;Aula;0001;;;N;1665;841;824;0;666;665;1;1;0;4;662;284;67;77;11;134;49;31;1;5;2;1;5;661;255;67;70;24;141;41;43;2;4;0;2;0;3;0;0;0;9;
09574135;Kirchensittenbach;245;095741350011;BRIEFWAHLBEZIRK;Briefwahl;0011;;;N;0;0;0;0;798;0;798;0;0;3;795;361;83;86;20;104;79;36;5;11;2;8;0;798;353;76;85;16;116;75;31;3;7;1;3;1;4;2;0;0;25;
09574138;Lauf a.d.Pegnitz;245;09574138;GEMEINDE;Lauf a.d.Pegnitz;;;;N;19491;10510;8981;0;16704;8072;8632;41;0;69;16635;6545;2340;2678;682;2390;622;981;88;204;49;56;48;16656;5953;2424;2551;779;2524;462;1051;44;124;44;45;18;111;4;4;20;498;
09574138;Lauf a.d.Pegnitz;245;095741380001;STIMMBEZIRK;Volkshochschule - Seminarraum 1;1;;;N;1533;878;655;0;581;580;1;1;0;2;579;155;89;87;19;136;18;56;2;12;3;2;2;579;141;88;75;22;134;8;67;2;4;5;0;0;7;0;0;0;26;
09574138;Lauf a.d.Pegnitz;245;095741380002;STIMMBEZIRK;Kunigundenschule - Zimmer 1.04;2;;;N;1390;647;743;0;499;497;2;2;0;4;495;175;83;90;11;82;19;26;2;6;1;0;4;495;157;85;76;10;86;10;34;1;1;1;1;1;3;0;0;0;29;
09574138;Lauf a.d.Pegnitz;245;095741380003;STIMMBEZIRK;Kunigundenschule - Zimmer 1.03;3;;;N;1663;801;862;0;653;650;3;3;0;4;649;234;109;153;24;73;11;39;4;0;0;2;2;651;221;119;136;33;76;8;37;4;3;1;2;0;2;0;0;0;9;
09574138;Lauf a.d.Pegnitz;245;095741380004;STIMMBEZIRK;Kunigundenschule - Zimmer 1.01;4;;;N;1804;833;971;0;701;695;6;6;0;3;698;249;82;132;34;126;24;32;9;6;2;2;0;701;217;91;127;46;134;16;31;1;2;2;5;0;2;0;0;2;25;
09574138;Lauf a.d.Pegnitz;245;095741380005;STIMMBEZIRK;Grundschule Rudolfshof - Zimmer 1.22;5;;;N;1889;1003;886;0;853;844;9;9;0;0;853;301;108;170;41;137;21;56;3;8;5;3;0;853;269;117;159;46;142;16;62;1;5;2;3;0;7;0;0;1;23;
09574138;Lauf a.d.Pegnitz;245;095741380006;STIMMBEZIRK;ASB Schulen - EG;6;;;N;918;558;360;0;427;425;2;2;0;3;424;129;60;70;29;68;11;46;4;5;1;1;4;423;125;58;57;27;72;11;42;0;4;0;2;1;2;0;0;2;20;
09574138;Lauf a.d.Pegnitz;245;095741380007;STIMMBEZIRK;Bertleinschule - Zimmer BE.19;7;;;N;1463;852;611;0;598;592;6;6;0;6;592;167;102;72;19;144;22;53;2;7;1;3;4;594;133;101;60;20;154;10;59;1;13;3;2;0;2;0;1;0;35;
09574138;Lauf a.d.Pegnitz;245;095741380008;STIMMBEZIRK;Bertleinschule - Zimmer BE.25;8;;;N;1449;920;529;0;621;621;0;0;0;2;619;183;101;51;25;159;29;59;2;8;1;1;3;618;165;89;53;24;164;27;57;2;7;1;1;1;6;1;1;0;19;
09574138;Lauf a.d.Pegnitz;245;095741380009;STIMMBEZIRK;Bertleinschule - Zimmer BE.13;9;;;N;1454;945;509;0;624;622;2;2;0;3;621;168;84;55;20;185;31;62;1;9;5;1;5;619;138;92;50;27;187;20;68;4;4;2;1;2;3;0;0;2;19;
09574138;Lauf a.d.Pegnitz;245;095741380010;STIMMBEZIRK;Ehemaliges Schulhaus - Günthersbühl;10;;;N;414;191;223;0;172;169;3;3;0;3;169;74;17;24;5;26;11;7;2;2;0;1;1;171;76;17;23;9;29;4;5;1;2;0;0;0;1;0;0;0;4;
09574138;Lauf a.d.Pegnitz;245;095741380011;STIMMBEZIRK;Feuerwehrgerätehaus Wetzendorf;11;;;N;292;144;148;0;116;116;0;0;0;1;115;55;15;13;6;14;5;7;0;0;0;0;1;115;53;14;12;4;19;3;6;0;0;0;1;0;0;0;0;0;3;
09574138;Lauf a.d.Pegnitz;245;095741380012;STIMMBEZIRK;Feuerwehrgerätehaus Neunhof;12;;;N;579;277;302;0;230;229;1;1;0;1;229;91;28;46;11;35;2;12;1;2;0;1;1;229;83;26;49;15;42;1;11;0;0;0;0;0;1;0;0;0;1;
09574138;Lauf a.d.Pegnitz;245;095741380013;STIMMBEZIRK;Feuerwehrgerätehaus Schönberg;13;;;N;1003;490;513;0;388;387;1;1;0;0;388;163;50;42;17;68;28;13;1;3;2;1;0;388;147;59;43;10;71;24;14;2;5;2;0;0;1;1;0;0;9;
09574138;Lauf a.d.Pegnitz;245;095741380014;STIMMBEZIRK;Ehemaliges Schulhaus Weigenhofen;14;;;N;332;193;139;0;173;173;0;0;0;1;172;76;11;29;5;21;10;15;2;3;0;0;0;173;69;14;27;6;26;9;15;1;0;0;0;0;1;0;0;0;5;
09574138;Lauf a.d.Pegnitz;245;095741380015;STIMMBEZIRK;Feuerwehrgerätehaus Simonshofen;15;;;N;548;277;271;0;220;219;1;1;0;0;220;102;25;35;8;32;5;9;2;2;0;0;0;220;93;23;36;13;35;6;12;0;0;0;0;0;0;0;0;0;2;
09574138;Lauf a.d.Pegnitz;245;095741380016;STIMMBEZIRK;Feuerwehrgerätehaus Bullach;16;;;N;316;187;129;0;151;151;0;0;0;0;151;76;21;20;10;16;2;4;1;1;0;0;1;150;69;21;16;9;20;3;7;0;1;0;0;0;1;0;0;0;3;
09574138;Lauf a.d.Pegnitz;245;095741380017;STIMMBEZIRK;Feuerwehrgerätehaus Beerbach;17;;;N;222;138;84;0;108;108;0;0;0;1;107;36;11;17;1;28;9;3;0;1;1;0;1;107;27;12;15;5;33;6;5;0;1;0;0;0;0;0;0;0;3;
09574138;Lauf a.d.Pegnitz;245;095741380018;STIMMBEZIRK;Feuerwehrgerätehaus Dehnberg-Höflas;18;;;N;218;136;82;0;122;122;0;0;0;1;121;65;12;10;6;17;6;4;1;0;0;0;1;121;61;10;12;9;16;4;3;1;1;1;0;0;0;0;0;0;3;
09574138;Lauf a.d.Pegnitz;245;095741380019;STIMMBEZIRK;Feuerwehrgerätehaus Heuchling;19;;;N;988;526;462;0;448;447;1;1;0;2;446;173;65;83;13;65;14;22;1;3;3;4;3;445;149;72;77;16;68;8;32;2;0;1;1;1;5;0;0;0;13;
09574138;Lauf a.d.Pegnitz;245;095741380020;STIMMBEZIRK;Grundschule Heuchling - Zimmer A01;20;;;N;1016;514;502;0;428;425;3;3;0;2;426;155;65;72;17;67;9;28;3;4;4;2;0;428;142;61;77;24;69;5;28;1;2;1;1;2;3;0;0;2;10;
09574138;Lauf a.d.Pegnitz;245;095741380101;BRIEFWAHLBEZIRK;Briefwahl 1 - Zimmer 2.27;101;;;N;0;0;0;0;721;0;721;0;0;2;719;364;99;98;18;84;20;22;7;6;0;1;2;719;347;98;105;19;82;16;25;2;7;2;5;1;4;0;0;0;6;
09574138;Lauf a.d.Pegnitz;245;095741380102;BRIEFWAHLBEZIRK;Briefwahl 2 - Zimmer 2.05;102;;;N;0;0;0;0;714;0;714;0;0;2;712;325;110;107;36;82;15;23;1;8;2;3;2;712;293;127;105;36;83;12;23;1;3;2;1;0;4;1;0;0;21;
09574138;Lauf a.d.Pegnitz;245;095741380103;BRIEFWAHLBEZIRK;Briefwahl 3 - Zimmer 2.02;103;;;N;0;0;0;0;707;0;707;0;0;3;704;330;102;107;21;72;26;27;2;14;1;2;2;705;290;104;114;27;81;20;27;4;9;0;2;1;8;0;0;0;18;
09574138;Lauf a.d.Pegnitz;245;095741380104;BRIEFWAHLBEZIRK;Briefwahl 4 - Zimmer 2.24;104;;;N;0;0;0;0;711;0;711;0;0;1;710;298;100;110;35;85;28;40;0;11;0;3;2;709;286;103;107;36;78;25;34;0;6;1;2;0;9;0;1;0;21;
09574138;Lauf a.d.Pegnitz;245;095741380105;BRIEFWAHLBEZIRK;Briefwahl 5 - Zimmer 2.21;105;;;N;0;0;0;0;721;0;721;0;0;3;718;321;104;122;24;69;32;34;1;10;0;1;1;720;307;119;117;18;79;23;25;0;2;0;1;0;6;0;0;0;23;
09574138;Lauf a.d.Pegnitz;245;095741380106;BRIEFWAHLBEZIRK;Briefwahl 6 - Zimmer 2.04;106;;;N;0;0;0;0;699;0;699;0;0;4;695;321;88;133;22;62;28;22;8;8;0;3;1;698;297;87;141;32;72;12;26;2;3;1;3;1;4;0;0;0;17;
09574138;Lauf a.d.Pegnitz;245;095741380107;BRIEFWAHLBEZIRK;Briefwahl 7 - Zimmer 2.13;107;;;N;0;0;0;0;715;0;715;0;0;2;713;294;105;114;28;83;32;40;4;9;3;1;1;714;292;97;108;28;86;30;40;2;7;2;1;2;4;0;1;2;12;
09574138;Lauf a.d.Pegnitz;245;095741380108;BRIEFWAHLBEZIRK;Briefwahl 8 - Zimmer 2.06;108;;;N;0;0;0;0;705;0;705;0;0;3;702;330;88;106;25;72;25;32;5;11;4;4;1;704;297;96;97;32;81;18;49;0;4;1;5;1;6;1;0;4;12;
09574138;Lauf a.d.Pegnitz;245;095741380109;BRIEFWAHLBEZIRK;Briefwahl 9 - Rathaus;109;;;N;0;0;0;0;785;0;785;0;0;6;779;265;108;144;49;77;42;60;9;19;2;4;2;783;224;110;131;59;89;29;71;2;12;3;2;4;11;0;0;0;36;
09574138;Lauf a.d.Pegnitz;245;095741380110;BRIEFWAHLBEZIRK;Briefwahl 10 - Kläranlage;110;;;N;0;0;0;0;713;0;713;0;0;1;712;300;89;122;42;69;27;39;1;12;6;5;0;713;289;90;110;39;70;24;52;4;4;5;0;0;5;0;0;2;19;
09574138;Lauf a.d.Pegnitz;245;095741380111;BRIEFWAHLBEZIRK;Briefwahl 11 - Bertleinschule Zimmer A1.1;111;;;N;0;0;0;0;708;0;708;0;0;0;708;271;99;134;40;71;26;49;6;8;2;2;0;708;232;113;123;47;76;31;44;2;6;1;1;0;2;0;0;2;28;
09574138;Lauf a.d.Pegnitz;245;095741380112;BRIEFWAHLBEZIRK;Briefwahl 12 - Bertleinschule Zimmer A1.2;112;;;N;0;0;0;0;692;0;692;0;0;3;689;299;110;110;21;65;34;40;1;6;0;3;1;691;264;111;113;31;70;23;40;1;6;4;2;0;1;0;0;1;24;
09574139;Leinburg;245;09574139;GEMEINDE;Leinburg;;;;N;5424;3200;2224;0;4869;2695;2174;8;0;23;4846;2211;560;495;141;880;227;221;29;52;18;12;15;4854;2000;553;485;184;919;191;254;16;51;10;13;3;26;3;0;5;141;
09574139;Leinburg;245;095741390001;STIMMBEZIRK;Diepersdorf 1;1;;;N;634;371;263;0;319;318;1;1;0;0;319;135;35;40;12;56;18;20;0;1;2;0;0;319;114;33;44;17;60;10;21;0;2;1;0;0;1;0;0;0;16;
09574139;Leinburg;245;095741390002;STIMMBEZIRK;Diepersdorf 2;2;;;N;644;356;288;0;296;294;2;2;0;4;292;117;35;31;10;66;13;14;0;4;2;0;3;293;104;39;29;11;68;8;18;1;3;1;1;0;3;0;0;0;7;
09574139;Leinburg;245;095741390003;STIMMBEZIRK;Diepersdorf 3;3;;;N;703;418;285;0;351;351;0;0;0;0;351;162;32;30;21;75;10;16;1;2;1;1;1;350;148;30;29;21;83;6;18;1;3;0;2;0;0;0;0;0;9;
09574139;Leinburg;245;095741390004;STIMMBEZIRK;Entenberg;4;;;N;275;168;107;0;149;149;0;0;0;0;149;70;19;10;0;37;6;6;0;0;1;0;2;147;60;19;12;3;39;5;5;0;1;0;0;0;0;0;0;3;0;
09574139;Leinburg;245;095741390005;STIMMBEZIRK;Gersdorf;5;;;N;404;270;134;0;231;231;0;0;0;1;230;108;34;22;6;37;12;9;0;0;2;0;2;229;97;36;15;7;36;13;13;2;1;0;0;0;0;0;0;1;8;
09574139;Leinburg;245;095741390006;STIMMBEZIRK;Leinburg 1;6;;;N;749;450;299;0;364;363;1;1;0;3;361;148;42;24;11;92;13;22;3;3;2;1;1;363;122;37;35;15;101;8;28;3;3;1;2;0;0;0;0;0;8;
09574139;Leinburg;245;095741390007;STIMMBEZIRK;Leinburg 2;7;;;N;683;370;313;0;296;296;0;0;0;0;296;132;30;30;7;62;8;20;2;2;1;2;0;296;121;26;28;13;65;8;19;0;4;1;0;0;2;0;0;0;9;
09574139;Leinburg;245;095741390008;STIMMBEZIRK;Oberhaidelbach;8;;;N;157;106;51;0;80;80;0;0;0;0;80;44;6;4;1;17;4;3;0;0;0;1;0;80;39;6;5;1;14;6;4;0;0;0;1;1;0;0;0;0;3;
09574139;Leinburg;245;095741390009;STIMMBEZIRK;Unterhaidelbach;9;;;N;390;237;153;0;219;218;1;1;0;0;219;96;20;21;3;48;7;18;1;3;2;0;1;218;90;20;26;2;52;3;15;0;1;0;1;0;1;0;0;0;7;
09574139;Leinburg;245;095741390010;STIMMBEZIRK;Weißenbrunn 1;10;;;N;401;248;153;0;219;218;1;1;0;2;217;105;24;20;3;41;14;9;0;1;0;0;1;218;87;29;12;7;48;14;13;0;3;1;0;0;0;0;0;0;4;
09574139;Leinburg;245;095741390011;STIMMBEZIRK;Weißenbrunn 2;11;;;N;384;206;178;0;179;177;2;2;0;0;179;71;26;28;4;20;12;10;2;3;2;1;0;179;60;28;31;6;24;8;9;1;2;1;0;0;1;0;0;0;8;
09574139;Leinburg;245;095741390021;BRIEFWAHLBEZIRK;Briefwahl 1;21;;;N;0;0;0;0;579;0;579;0;0;5;574;268;63;69;17;88;36;24;1;8;0;0;3;576;262;58;55;23;81;31;36;1;5;1;2;0;6;1;0;0;14;
09574139;Leinburg;245;095741390022;BRIEFWAHLBEZIRK;Briefwahl 2;22;;;N;0;0;0;0;599;0;599;0;0;2;597;293;87;56;22;87;21;19;2;7;0;3;1;598;273;88;56;28;93;21;13;2;4;1;0;0;2;1;0;0;16;
09574139;Leinburg;245;095741390023;BRIEFWAHLBEZIRK;Briefwahl 3;23;;;N;0;0;0;0;558;0;558;0;0;2;556;254;67;62;12;95;29;17;6;12;1;1;0;558;231;64;56;24;95;26;23;1;9;1;0;1;7;0;0;0;20;
09574139;Leinburg;245;095741390024;BRIEFWAHLBEZIRK;Briefwahl 4;24;;;N;0;0;0;0;430;0;430;0;0;4;426;208;40;48;12;59;24;14;11;6;2;2;0;430;192;40;52;6;60;24;19;4;10;1;4;1;3;1;0;1;12;
09574140;Markt Neuhaus a.d.Pegnitz;245;09574140;GEMEINDE;Markt Neuhaus a.d.Pegnitz;;;;N;2074;903;1171;0;1836;681;1155;1;0;3;1833;840;213;137;35;375;102;94;8;14;10;5;2;1834;759;202;131;47;394;108;87;9;18;8;3;3;10;0;0;3;52;
09574140;Markt Neuhaus a.d.Pegnitz;245;095741400001;STIMMBEZIRK;Stimmbezirk;0001;;;N;2074;903;1171;0;682;681;1;1;0;1;681;261;80;52;6;202;38;30;5;4;3;0;1;681;233;71;51;18;217;28;28;3;5;1;3;1;3;0;0;1;18;
09574140;Markt Neuhaus a.d.Pegnitz;245;095741400011;BRIEFWAHLBEZIRK;Briefwahlbezirk;0011;;;N;0;0;0;0;584;0;584;0;0;2;582;273;80;46;16;81;39;32;1;6;5;3;0;584;250;76;46;18;85;38;33;3;5;3;0;2;4;0;0;2;19;
09574140;Markt Neuhaus a.d.Pegnitz;245;095741400012;BRIEFWAHLBEZIRK;Briefwahlbezirk;0012;;;N;0;0;0;0;570;0;570;0;0;0;570;306;53;39;13;92;25;32;2;4;2;2;1;569;276;55;34;11;92;42;26;3;8;4;0;0;3;0;0;0;15;
09574141;Neunkirchen a.Sand;245;09574141;GEMEINDE;Neunkirchen a.Sand;;;;N;3434;1839;1595;0;3021;1483;1538;1;0;10;3011;1264;450;353;73;519;141;158;14;25;8;6;7;3014;1126;428;364;98;542;130;149;6;31;8;8;5;8;0;1;5;105;
09574141;Neunkirchen a.Sand;245;095741410001;STIMMBEZIRK;Neunkirchen 1;01;;;N;733;400;333;0;313;313;0;0;0;3;310;114;38;40;5;67;20;17;3;2;1;3;1;312;102;41;36;4;64;21;19;1;5;1;2;0;0;0;0;0;16;
09574141;Neunkirchen a.Sand;245;095741410002;STIMMBEZIRK;Neunkirchen 2;02;;;N;789;486;303;0;381;381;0;0;0;3;378;141;66;37;9;88;10;23;1;3;0;0;4;377;120;64;43;13;91;10;20;0;2;0;0;1;1;0;0;0;12;
09574141;Neunkirchen a.Sand;245;095741410003;STIMMBEZIRK;Speikern;03;;;N;921;447;474;0;364;364;0;0;0;0;364;111;65;56;6;88;13;21;1;2;1;0;0;364;95;58;56;14;93;8;20;3;2;2;0;1;0;0;0;0;12;
09574141;Neunkirchen a.Sand;245;095741410004;STIMMBEZIRK;Rollhofen;04;;;N;691;349;342;0;286;286;0;0;0;2;284;118;46;26;12;60;4;13;1;3;1;0;1;285;106;44;29;15;63;4;15;0;2;0;0;0;1;0;0;0;6;
09574141;Neunkirchen a.Sand;245;095741410005;STIMMBEZIRK;Kersbach;05;;;N;300;157;143;0;140;139;1;1;0;0;140;66;13;11;5;30;6;9;0;0;0;0;0;140;59;12;13;5;32;6;5;0;3;1;0;0;0;0;0;0;4;
09574141;Neunkirchen a.Sand;245;095741410010;BRIEFWAHLBEZIRK;Briefwahl 1;10;;;N;0;0;0;0;481;0;481;0;0;1;480;243;63;70;6;59;19;18;1;0;0;1;0;481;225;57;68;6;61;17;17;0;3;0;1;1;1;0;0;1;23;
09574141;Neunkirchen a.Sand;245;095741410011;BRIEFWAHLBEZIRK;Briefwahl 2;11;;;N;0;0;0;0;578;0;578;0;0;0;578;260;83;60;15;68;33;41;5;10;1;2;0;578;227;87;62;21;76;29;40;1;9;2;4;1;3;0;1;0;15;
09574141;Neunkirchen a.Sand;245;095741410012;BRIEFWAHLBEZIRK;Briefwahl 3;12;;;N;0;0;0;0;478;0;478;0;0;1;477;211;76;53;15;59;36;16;2;5;4;0;1;477;192;65;57;20;62;35;13;1;5;2;1;1;2;0;0;4;17;
09574146;Ottensoos;245;09574146;GEMEINDE;Ottensoos;;;;N;1573;746;827;0;1471;658;813;0;0;14;1457;635;214;193;49;185;83;68;8;10;4;8;8;1463;585;218;181;64;192;73;61;2;16;1;5;2;6;0;0;4;53;
09574146;Ottensoos;245;095741460001;STIMMBEZIRK;Mehrzweckhalle;0001;;;N;791;376;415;0;329;329;0;0;0;4;325;146;30;50;7;56;13;18;1;3;0;1;1;328;129;36;52;14;56;14;12;0;1;0;0;0;1;0;0;0;13;
09574146;Ottensoos;245;095741460002;STIMMBEZIRK;Mehrzweckhalle;0002;;;N;782;370;412;0;329;329;0;0;0;6;323;120;61;47;6;54;16;12;2;2;1;2;5;324;112;65;40;10;57;14;14;0;2;0;0;1;1;0;0;0;8;
09574146;Ottensoos;245;095741460011;BRIEFWAHLBEZIRK;Bürgerbegegnungsraum Ottensoos;0011;;;N;0;0;0;0;270;0;270;0;0;3;267;141;35;27;7;21;18;9;3;2;0;4;0;270;131;37;25;12;22;17;6;1;8;1;2;0;2;0;0;1;5;
09574146;Ottensoos;245;095741460012;BRIEFWAHLBEZIRK;Sitzungssaal Rathaus Ottensoos;0012;;;N;0;0;0;0;275;0;275;0;0;1;274;126;32;37;16;35;15;8;2;1;2;0;2;273;121;38;31;15;34;12;6;0;3;0;2;1;1;0;0;2;7;
09574146;Ottensoos;245;095741460013;BRIEFWAHLBEZIRK;Ehem. Synagoge Ottensoos;0013;;;N;0;0;0;0;268;0;268;0;0;0;268;102;56;32;13;19;21;21;0;2;1;1;0;268;92;42;33;13;23;16;23;1;2;0;1;0;1;0;0;1;20;
09574147;Pommelsbrunn;245;09574147;GEMEINDE;Pommelsbrunn;;;;N;4188;2442;1746;0;3520;1859;1661;1;0;18;3502;1389;436;439;82;689;208;175;25;32;13;14;10;3510;1245;465;417;110;730;161;194;12;23;8;13;3;13;1;0;7;108;
09574147;Pommelsbrunn;245;095741470001;STIMMBEZIRK;Stimmbezirk 1 Hohenstadt;0001;;;N;1200;707;493;0;552;551;1;1;0;3;549;208;82;69;12;122;18;24;5;6;2;1;3;549;184;82;66;19;123;19;33;2;2;0;1;2;4;0;0;0;12;
09574147;Pommelsbrunn;245;095741470002;STIMMBEZIRK;Stimmbezirk 2 Eschenbach;0002;;;N;598;342;256;0;278;278;0;0;0;1;277;103;28;42;9;49;22;22;0;1;1;0;1;277;94;29;33;15;55;12;22;0;2;0;0;0;0;0;0;1;14;
09574147;Pommelsbrunn;245;095741470003;STIMMBEZIRK;Stimmbezirk 3 Pommelsbrunn;0003;;;N;1277;733;544;0;507;507;0;0;0;1;506;159;63;62;14;147;24;26;4;3;4;0;2;505;140;64;67;12;147;18;27;0;5;2;1;1;1;0;0;5;15;
09574147;Pommelsbrunn;245;095741470004;STIMMBEZIRK;Stimmbezirk 4 Hartmannshof;0004;;;N;1113;660;453;0;523;523;0;0;0;4;519;220;49;44;10;119;39;23;4;5;3;3;1;522;199;54;41;18;129;26;27;3;6;2;1;0;2;0;0;1;13;
09574147;Pommelsbrunn;245;095741470011;BRIEFWAHLBEZIRK;Briefwahl 1;0011;;;N;0;0;0;0;555;0;555;0;0;3;552;258;85;63;11;68;28;29;2;6;0;2;0;555;231;79;66;16;78;30;31;1;2;1;2;0;1;1;0;0;16;
09574147;Pommelsbrunn;245;095741470012;BRIEFWAHLBEZIRK;Briefwahl 2;0012;;;N;0;0;0;0;551;0;551;0;0;2;549;221;77;60;17;94;43;27;4;3;1;2;2;549;199;86;50;23;102;29;32;2;2;2;3;0;1;0;0;0;18;
09574147;Pommelsbrunn;245;095741470013;BRIEFWAHLBEZIRK;Briefwahl 3;0013;;;N;0;0;0;0;554;0;554;0;0;4;550;220;52;99;9;90;34;24;6;8;2;6;1;553;198;71;94;7;96;27;22;4;4;1;5;0;4;0;0;0;20;
09574150;Reichenschwand;245;09574150;GEMEINDE;Reichenschwand;;;;N;1844;1020;824;0;1628;828;800;1;0;7;1621;681;245;176;53;272;69;86;7;18;7;7;7;1621;605;247;171;58;289;61;91;4;14;6;5;1;10;1;0;3;55;
09574150;Reichenschwand;245;095741500001;STIMMBEZIRK;Stimmbezirk 1, Gemeindlicher Bürgertreff;0001;;;N;916;512;404;0;391;391;0;0;0;2;389;148;52;30;10;85;20;34;0;6;2;2;2;389;126;49;34;12;90;14;36;0;5;3;0;0;3;0;0;2;15;
09574150;Reichenschwand;245;095741500002;STIMMBEZIRK;Stimmbezirk 2, Schule Süd;0002;;;N;928;508;420;0;438;437;1;1;0;2;436;203;62;43;17;69;12;21;2;4;3;0;2;436;184;61;44;21;71;11;23;2;1;0;1;0;4;0;0;1;12;
09574150;Reichenschwand;245;095741500011;BRIEFWAHLBEZIRK;Briefwahlbezirk 11, Sitzungssaal;0011;;;N;0;0;0;0;402;0;402;0;0;2;400;154;75;60;12;55;13;21;4;4;1;1;2;400;132;77;53;12;67;16;23;2;6;1;2;1;1;1;0;0;6;
09574150;Reichenschwand;245;095741500012;BRIEFWAHLBEZIRK;Briefwahlbezirk 12, Bürgermeetingraum;0012;;;N;0;0;0;0;397;0;397;0;0;1;396;176;56;43;14;63;24;10;1;4;1;4;1;396;163;60;40;13;61;20;9;0;2;2;2;0;2;0;0;0;22;
09574152;Röthenbach a.d.Pegnitz;245;09574152;GEMEINDE;Röthenbach a.d.Pegnitz;;;;N;8596;5232;3364;0;7133;3888;3245;16;0;45;7088;2574;1216;910;244;1179;289;522;32;80;18;24;28;7105;2320;1184;876;280;1226;221;534;14;59;24;18;4;41;8;2;9;285;
09574152;Röthenbach a.d.Pegnitz;245;095741520001;STIMMBEZIRK;Wahllokal Schule Am Forstersberg;1;;;N;871;580;291;0;377;377;0;0;0;6;371;92;55;48;14;84;15;56;1;3;1;2;3;374;86;47;44;18;84;8;53;0;3;2;1;1;3;0;0;2;22;
09574152;Röthenbach a.d.Pegnitz;245;095741520002;STIMMBEZIRK;Wahllokal Neue Mitte;2;;;N;871;576;295;0;409;403;6;6;0;4;405;117;57;35;12;121;18;38;0;5;1;1;5;404;109;41;36;11;123;11;44;3;2;1;0;0;5;0;0;0;18;
09574152;Röthenbach a.d.Pegnitz;245;095741520003;STIMMBEZIRK;Wahllokal Feuerwehrhaus Renzenhof;3;;;N;214;114;100;0;99;99;0;0;0;1;98;44;12;11;4;22;3;2;0;0;0;0;1;98;38;15;11;3;24;1;4;0;1;0;0;0;0;0;0;0;1;
09574152;Röthenbach a.d.Pegnitz;245;095741520004;STIMMBEZIRK;Wahllokal Feuerwehrhaus Haimendorf;4;;;N;383;237;146;0;202;200;2;2;0;1;201;98;19;27;7;36;4;6;1;3;0;0;1;201;86;17;25;13;38;5;9;0;4;0;0;0;1;0;0;0;3;
09574152;Röthenbach a.d.Pegnitz;245;095741520005;STIMMBEZIRK;Wahllokal Caritas Sozialstation;5;;;N;716;430;286;0;299;298;1;1;0;1;298;106;64;36;6;50;11;21;2;2;0;0;0;299;83;61;32;14;57;7;31;0;2;1;1;0;0;1;0;0;9;
09574152;Röthenbach a.d.Pegnitz;245;095741520006;STIMMBEZIRK;Wahllokal AWO-KiGa 1;6;;;N;760;474;286;0;352;352;0;0;0;3;349;115;65;42;6;66;6;43;1;2;1;2;1;351;104;61;43;9;64;3;39;2;3;1;1;0;1;1;0;1;18;
09574152;Röthenbach a.d.Pegnitz;245;095741520007;STIMMBEZIRK;Wahllokal AWO-KiGa 2;7;;;N;745;464;281;0;359;359;0;0;0;2;357;123;74;30;13;73;11;29;1;1;2;0;2;357;110;70;32;13;77;10;19;0;3;2;1;1;0;0;0;1;18;
09574152;Röthenbach a.d.Pegnitz;245;095741520008;STIMMBEZIRK;Wahllokal AWO-KiGa 3;8;;;N;765;413;352;0;333;332;1;1;0;2;331;115;62;55;7;59;7;20;1;5;0;0;1;332;99;62;55;14;61;9;26;0;0;0;0;0;1;0;0;0;5;
09574152;Röthenbach a.d.Pegnitz;245;095741520009;STIMMBEZIRK;Wahllokal Mittelschule 1;9;;;N;667;386;281;0;307;306;1;1;0;3;304;103;52;35;16;53;16;24;1;4;0;0;3;304;82;47;42;20;55;10;27;3;4;2;1;0;1;1;0;0;9;
09574152;Röthenbach a.d.Pegnitz;245;095741520010;STIMMBEZIRK;Wahllokal Seespitzschule 1;10;;;N;593;337;256;0;229;227;2;2;0;3;226;68;41;22;8;49;5;27;2;3;1;0;1;228;51;37;26;10;54;4;26;0;2;0;1;0;2;0;0;1;14;
09574152;Röthenbach a.d.Pegnitz;245;095741520011;STIMMBEZIRK;Wahllokal Seespitzschule 2;11;;;N;615;376;239;0;293;292;1;1;0;2;291;112;37;33;11;60;11;23;0;3;0;1;0;293;102;39;29;9;57;11;28;1;1;0;0;0;5;0;0;0;11;
09574152;Röthenbach a.d.Pegnitz;245;095741520012;STIMMBEZIRK;Wahllokal Mittelschule 3;12;;;N;655;386;269;0;315;314;1;1;0;1;314;92;62;49;13;61;7;24;1;1;3;1;1;314;85;56;45;15;64;4;24;0;2;3;1;1;0;0;0;1;13;
09574152;Röthenbach a.d.Pegnitz;245;095741520013;STIMMBEZIRK;Wahllokal Mittelschule 2;13;;;N;741;459;282;0;330;329;1;1;0;5;325;103;64;52;7;55;7;30;2;2;2;1;3;327;101;64;51;6;58;4;26;1;1;0;2;0;1;0;0;0;12;
09574152;Röthenbach a.d.Pegnitz;245;095741520020;BRIEFWAHLBEZIRK;Briefwahl 20 JUZ;20;;;N;0;0;0;0;413;0;413;0;0;2;411;146;73;56;16;44;28;37;1;8;0;2;0;413;130;85;53;11;50;20;35;1;3;5;0;0;4;1;0;0;15;
09574152;Röthenbach a.d.Pegnitz;245;095741520021;BRIEFWAHLBEZIRK;Briefwahl 21 Kleiner Sitzungssaal;21;;;N;0;0;0;0;407;0;407;0;0;2;405;171;67;52;20;56;15;17;1;5;0;1;2;405;160;62;49;21;61;17;16;0;2;1;1;0;4;1;0;0;10;
09574152;Röthenbach a.d.Pegnitz;245;095741520022;BRIEFWAHLBEZIRK;Briefwahl 22 Trauzimmer;22;;;N;0;0;0;0;392;0;392;0;0;4;388;138;58;52;21;53;27;24;1;8;2;4;1;391;121;56;48;24;57;21;27;0;5;2;0;1;4;1;0;1;23;
09574152;Röthenbach a.d.Pegnitz;245;095741520023;BRIEFWAHLBEZIRK;Briefwahl 23 Bauamt;23;;;N;0;0;0;0;369;0;369;0;0;0;369;122;58;71;17;34;18;33;3;8;1;4;0;369;102;63;59;16;36;12;43;2;10;2;1;0;4;0;0;0;19;
09574152;Röthenbach a.d.Pegnitz;245;095741520024;BRIEFWAHLBEZIRK;Briefwahl 24 Arbeiterwohlfahrt 1;24;;;N;0;0;0;0;403;0;403;0;0;2;401;168;73;47;15;50;18;17;3;9;0;1;2;401;163;75;46;22;48;11;15;0;0;0;0;0;3;1;1;0;16;
09574152;Röthenbach a.d.Pegnitz;245;095741520025;BRIEFWAHLBEZIRK;Briefwahl 25 Hort Am Forstersberg 1;25;;;N;0;0;0;0;423;0;423;0;0;0;423;209;74;44;4;49;18;17;5;2;1;0;1;422;191;79;42;6;53;17;9;0;1;1;4;0;1;0;1;0;17;
09574152;Röthenbach a.d.Pegnitz;245;095741520026;BRIEFWAHLBEZIRK;Briefwahl 26 Hort Am Forstersberg 2;26;;;N;0;0;0;0;414;0;414;0;0;0;414;166;82;52;17;55;17;16;3;4;1;1;0;414;165;80;51;13;56;13;14;1;5;0;2;0;0;0;0;1;13;
09574152;Röthenbach a.d.Pegnitz;245;095741520027;BRIEFWAHLBEZIRK;Briefwahl 27 Arbeiterwohlfahrt 2;27;;;N;0;0;0;0;408;0;408;0;0;1;407;166;67;61;10;49;27;18;2;2;2;3;0;408;152;67;57;12;49;23;19;0;5;1;1;0;1;1;0;1;19;
09574154;Rückersdorf;245;09574154;GEMEINDE;Rückersdorf;;;;N;3618;1675;1943;0;3269;1385;1884;5;0;10;3259;1371;389;647;153;377;99;139;30;37;6;11;5;3264;1267;429;578;190;405;64;174;6;22;7;17;3;26;4;0;2;70;
09574154;Rückersdorf;245;095741540001;STIMMBEZIRK;Urnenwahl 1;0001;;;N;884;417;467;0;361;358;3;3;0;3;358;124;56;58;13;67;11;24;2;1;1;1;0;361;100;68;51;23;69;5;20;1;4;1;2;0;1;1;0;0;15;
09574154;Rückersdorf;245;095741540002;STIMMBEZIRK;Urnenwahl 2;0002;;;N;800;362;438;0;303;303;0;0;0;1;302;129;41;52;14;49;2;13;0;2;0;0;1;302;117;48;49;19;51;1;9;0;0;1;0;0;1;0;0;0;6;
09574154;Rückersdorf;245;095741540003;STIMMBEZIRK;Urnenwahl 3;0003;;;N;837;348;489;0;296;296;0;0;0;1;295;119;22;64;23;41;12;9;1;2;0;2;0;296;106;23;56;35;47;9;13;0;2;0;0;0;1;0;0;0;4;
09574154;Rückersdorf;245;095741540004;STIMMBEZIRK;Urnenwahl 4;0004;;;N;1097;548;549;0;430;428;2;2;0;1;429;133;47;99;25;69;17;28;2;6;3;0;1;429;125;45;78;26;75;11;52;1;2;0;2;1;6;0;0;0;5;
09574154;Rückersdorf;245;095741540011;BRIEFWAHLBEZIRK;Briefwahl 1;0011;;;N;0;0;0;0;458;0;458;0;0;0;458;202;59;96;18;37;14;13;5;10;0;4;0;458;188;67;97;21;39;9;16;2;3;3;3;0;6;0;0;0;4;
09574154;Rückersdorf;245;095741540012;BRIEFWAHLBEZIRK;Briefwahl 2;0012;;;N;0;0;0;0;426;0;426;0;0;1;425;206;56;76;12;29;13;20;10;2;0;1;1;425;196;65;69;14;31;9;15;2;5;0;5;1;2;0;0;0;11;
09574154;Rückersdorf;245;095741540013;BRIEFWAHLBEZIRK;Briefwahl 3;0013;;;N;0;0;0;0;466;0;466;0;0;2;464;235;42;83;31;40;13;10;2;5;1;2;1;465;225;47;73;28;51;5;14;0;2;0;1;0;3;2;0;1;13;
09574154;Rückersdorf;245;095741540014;BRIEFWAHLBEZIRK;Briefwahl 4;0014;;;N;0;0;0;0;529;0;529;0;0;1;528;223;66;119;17;45;17;22;8;9;1;1;1;528;210;66;105;24;42;15;35;0;4;2;4;1;6;1;0;1;12;
09574155;Schnaittach;245;09574155;GEMEINDE;Schnaittach;;;;N;6495;3266;3229;0;5581;2477;3104;5;0;30;5551;2483;664;684;182;902;237;250;40;67;19;23;16;5565;2226;718;646;186;977;212;285;16;59;22;19;8;32;3;0;2;154;
09574155;Schnaittach;245;095741550001;STIMMBEZIRK;Stimmbezirk 1;1;;;N;1138;605;533;0;478;478;0;0;0;3;475;206;48;71;15;77;14;22;8;11;1;2;1;477;173;60;72;27;87;7;26;3;4;3;0;0;5;0;0;0;10;
09574155;Schnaittach;245;095741550002;STIMMBEZIRK;Stimmbezirk 2;2;;;N;1241;610;631;0;482;480;2;2;0;2;480;194;54;61;16;105;24;16;2;4;2;2;3;479;164;58;67;18;113;12;17;2;2;3;2;1;2;0;0;0;18;
09574155;Schnaittach;245;095741550003;STIMMBEZIRK;Stimmbezirk 3;3;;;N;1119;585;534;0;436;434;2;2;0;1;435;165;61;55;3;98;11;25;3;9;3;2;1;435;147;56;54;3;101;11;34;1;6;1;3;0;5;0;0;1;12;
09574155;Schnaittach;245;095741550004;STIMMBEZIRK;Stimmbezirk 4;4;;;N;1065;535;530;0;375;374;1;1;0;4;371;127;42;41;18;108;10;18;1;3;1;2;0;375;110;38;37;25;115;9;22;1;3;2;1;1;1;1;0;0;9;
09574155;Schnaittach;245;095741550005;STIMMBEZIRK;Stimmbezirk 5;5;;;N;1099;560;539;0;438;438;0;0;0;2;436;203;40;46;13;89;15;23;0;4;1;2;2;436;192;49;43;10;90;12;26;2;2;0;0;0;2;1;0;0;7;
09574155;Schnaittach;245;095741550006;STIMMBEZIRK;Stimmbezirk 6;6;;;N;833;371;462;0;273;273;0;0;0;2;271;95;22;47;7;65;13;15;3;3;1;0;2;271;85;24;41;11;57;10;17;1;4;3;0;0;1;1;0;0;16;
09574155;Schnaittach;245;095741550021;BRIEFWAHLBEZIRK;Briefwahlbezirk 21;21;;;N;0;0;0;0;481;0;481;0;0;3;478;233;60;67;21;49;17;20;4;2;2;3;1;480;212;79;58;17;55;21;16;1;5;1;1;1;1;0;0;0;12;
09574155;Schnaittach;245;095741550022;BRIEFWAHLBEZIRK;Briefwahlbezirk 22;22;;;N;0;0;0;0;501;0;501;0;0;2;499;239;52;63;15;72;25;26;3;1;0;3;2;499;222;52;58;12;81;23;27;1;6;0;2;1;0;0;0;0;14;
09574155;Schnaittach;245;095741550023;BRIEFWAHLBEZIRK;Briefwahlbezirk 23;23;;;N;0;0;0;0;546;0;546;0;0;3;543;242;95;75;16;53;23;20;7;10;1;1;1;545;207;102;75;15;64;19;22;1;9;1;6;1;4;0;0;0;19;
09574155;Schnaittach;245;095741550024;BRIEFWAHLBEZIRK;Briefwahlbezirk 24;24;;;N;0;0;0;0;490;0;490;0;0;3;487;253;61;44;19;43;33;24;3;4;3;0;0;490;233;61;42;15;51;40;28;0;0;1;1;2;2;0;0;0;14;
09574155;Schnaittach;245;095741550025;BRIEFWAHLBEZIRK;Briefwahlbezirk 25;25;;;N;0;0;0;0;538;0;538;0;0;1;537;258;62;61;20;72;25;23;2;6;2;6;2;536;233;71;46;14;88;25;32;0;6;2;1;1;2;0;0;0;15;
09574155;Schnaittach;245;095741550026;BRIEFWAHLBEZIRK;Briefwahlbezirk 26;26;;;N;0;0;0;0;543;0;543;0;0;4;539;268;67;53;19;71;27;18;4;10;2;0;1;542;248;68;53;19;75;23;18;3;12;5;2;0;7;0;0;1;8;
09574156;Schwaig b.Nürnberg;245;09574156;GEMEINDE;Schwaig b.Nürnberg;;;;N;6686;3581;3105;0;5842;2854;2988;10;0;18;5824;2493;778;906;214;754;157;368;26;92;12;24;10;5832;2256;780;898;298;815;112;335;21;48;20;11;2;41;6;0;4;185;
09574156;Schwaig b.Nürnberg;245;095741560001;STIMMBEZIRK;Stimmbezirk 1;0001;;;N;2375;1198;1177;0;955;948;7;7;0;6;949;382;123;135;32;161;26;70;4;10;2;4;4;951;337;119;131;52;160;19;71;6;9;2;2;1;5;1;0;0;36;
09574156;Schwaig b.Nürnberg;245;095741560002;STIMMBEZIRK;Stimmbezirk 2;0002;;;N;1976;1186;790;0;962;962;0;0;0;3;959;363;141;144;28;159;25;79;3;12;2;3;5;957;316;138;153;40;174;19;68;1;5;3;1;0;4;0;0;1;34;
09574156;Schwaig b.Nürnberg;245;095741560003;STIMMBEZIRK;Stimmbezirk 3;0003;;;N;2335;1197;1138;0;947;944;3;3;0;1;946;358;131;164;35;155;23;62;4;9;1;4;1;946;316;137;150;44;176;12;63;4;9;1;1;1;5;0;0;0;27;
09574156;Schwaig b.Nürnberg;245;095741560011;BRIEFWAHLBEZIRK;Briefwahlbezirk 11 Rathaus;0011;;;N;0;0;0;0;612;0;612;0;0;2;610;248;72;122;31;61;23;36;3;11;1;2;0;612;225;77;114;36;71;20;32;1;4;6;2;0;2;2;0;0;20;
09574156;Schwaig b.Nürnberg;245;095741560012;BRIEFWAHLBEZIRK;Briefwahlbezirk 12 Rathaus;0012;;;N;0;0;0;0;599;0;599;0;0;1;598;293;77;76;27;64;17;25;1;14;0;4;0;599;276;69;78;29;63;14;25;3;7;4;1;0;8;1;0;1;20;
09574156;Schwaig b.Nürnberg;245;095741560013;BRIEFWAHLBEZIRK;Briefwahlbezirk 13 Südschule;0013;;;N;0;0;0;0;589;0;589;0;0;1;588;310;74;85;13;46;11;30;3;12;4;0;0;589;288;84;81;20;51;10;22;0;5;0;1;0;8;0;0;2;17;
09574156;Schwaig b.Nürnberg;245;095741560014;BRIEFWAHLBEZIRK;Briefwahlbezirk 14 Südschule;0014;;;N;0;0;0;0;591;0;591;0;0;3;588;262;72;96;23;59;21;41;4;6;1;3;0;591;238;77;104;37;64;12;28;3;1;2;1;0;2;2;0;0;20;
09574156;Schwaig b.Nürnberg;245;095741560015;BRIEFWAHLBEZIRK;Briefwahlbezirk 15 Südschule;0015;;;N;0;0;0;0;587;0;587;0;0;1;586;277;88;84;25;49;11;25;4;18;1;4;0;587;260;79;87;40;56;6;26;3;8;2;2;0;7;0;0;0;11;
09574157;Schwarzenbruck;245;09574157;GEMEINDE;Schwarzenbruck;;;;N;6055;3387;2668;0;5226;2675;2551;7;0;20;5206;2048;792;711;140;881;159;258;99;59;33;26;12;5214;1880;766;717;186;928;129;262;25;64;25;24;6;37;3;1;17;144;
09574157;Schwarzenbruck;245;095741570001;STIMMBEZIRK;0001 Ochenbruck;0001;;;N;504;274;230;0;214;214;0;0;0;2;212;82;25;15;8;52;5;12;3;5;4;1;2;212;73;25;14;12;53;2;13;2;2;3;2;0;3;0;0;0;8;
09574157;Schwarzenbruck;245;095741570002;STIMMBEZIRK;0002 Ochenbruck;0002;;;N;531;266;265;0;213;213;0;0;0;1;212;59;44;32;6;47;3;8;3;7;0;3;1;212;53;47;24;7;44;5;10;0;7;1;1;0;6;0;0;0;7;
09574157;Schwarzenbruck;245;095741570003;STIMMBEZIRK;0003 Schwarzenbruck;0003;;;N;555;296;259;0;209;209;0;0;0;1;208;78;28;35;7;38;4;11;3;0;2;2;1;208;72;23;36;8;39;1;15;0;1;3;1;1;0;0;0;0;8;
09574157;Schwarzenbruck;245;095741570004;STIMMBEZIRK;0004 Schwarzenbruck;0004;;;N;518;306;212;0;221;221;0;0;0;3;218;65;38;38;3;46;9;12;2;2;1;2;1;220;60;39;36;8;44;10;14;2;2;0;0;0;0;0;0;0;5;
09574157;Schwarzenbruck;245;095741570005;STIMMBEZIRK;0005 Schwarzenbruck;0005;;;N;525;282;243;0;249;247;2;2;0;0;249;91;43;35;7;42;7;18;2;2;0;2;1;248;81;39;41;11;44;3;19;1;1;0;0;0;3;0;0;0;5;
09574157;Schwarzenbruck;245;095741570006;STIMMBEZIRK;0006 Schwarzenbruck/Gsteinach;0006;;;N;496;235;261;0;190;188;2;2;0;0;190;78;30;20;8;35;3;12;3;0;1;0;0;190;70;30;19;11;37;2;12;0;2;0;0;0;0;0;0;1;6;
09574157;Schwarzenbruck;245;095741570007;STIMMBEZIRK;0007 Gsteinach;0007;;;N;540;324;216;0;270;269;1;1;0;2;268;102;36;35;10;64;6;10;3;1;1;0;2;268;94;28;39;13;63;5;11;0;4;3;1;0;1;0;0;0;6;
09574157;Schwarzenbruck;245;095741570008;STIMMBEZIRK;0008 Rummelsberg;0008;;;N;499;328;171;0;188;187;1;1;0;4;184;40;39;34;4;35;1;18;10;2;0;1;2;186;40;36;41;1;37;1;13;2;2;0;3;0;2;0;0;0;8;
09574157;Schwarzenbruck;245;095741570009;STIMMBEZIRK;0009 Altenthann;0009;;;N;548;294;254;0;257;257;0;0;0;0;257;114;33;26;5;54;11;11;1;0;2;0;0;257;97;29;27;10;57;10;13;2;3;0;0;0;0;0;0;1;8;
09574157;Schwarzenbruck;245;095741570010;STIMMBEZIRK;0010 Lindelburg;0010;;;N;450;256;194;0;220;220;0;0;0;1;219;80;24;28;8;61;2;9;3;4;0;0;0;220;74;24;27;6;67;2;11;0;0;1;2;1;1;0;0;1;3;
09574157;Schwarzenbruck;245;095741570011;STIMMBEZIRK;0011 Lindelburg;0011;;;N;491;278;213;0;236;235;1;1;0;0;236;101;30;23;4;52;3;6;9;4;0;4;0;236;90;30;27;5;60;3;4;0;4;0;3;0;0;0;0;0;10;
09574157;Schwarzenbruck;245;095741570012;STIMMBEZIRK;0012 Pfeifferhütte;0012;;;N;398;248;150;0;215;215;0;0;0;2;213;91;20;22;6;49;5;12;2;1;5;0;0;215;79;18;20;9;53;6;15;1;1;0;0;0;3;0;0;0;10;
09574157;Schwarzenbruck;245;095741570021;BRIEFWAHLBEZIRK;0021 Briefwahl I;0021;;;N;0;0;0;0;411;0;411;0;0;0;411;160;64;57;16;52;20;24;7;6;3;2;0;411;147;64;55;18;58;14;26;4;7;0;4;1;2;1;1;0;9;
09574157;Schwarzenbruck;245;095741570022;BRIEFWAHLBEZIRK;0022 Briefwahl II;0022;;;N;0;0;0;0;410;0;410;0;0;1;409;175;56;50;10;59;17;21;15;3;2;1;0;410;160;57;48;22;62;14;15;3;4;5;1;2;2;2;0;0;13;
09574157;Schwarzenbruck;245;095741570023;BRIEFWAHLBEZIRK;0023 Briefwahl III;0023;;;N;0;0;0;0;416;0;416;0;0;1;415;160;77;60;7;58;12;18;11;9;1;2;0;416;154;73;65;5;57;7;23;0;7;3;1;1;3;0;0;0;17;
09574157;Schwarzenbruck;245;095741570024;BRIEFWAHLBEZIRK;0024 Briefwahl IV;0024;;;N;0;0;0;0;482;0;482;0;0;0;482;226;85;70;11;39;14;16;7;6;5;3;0;482;209;82;69;13;51;13;13;3;6;3;1;0;6;0;0;13;0;
09574157;Schwarzenbruck;245;095741570025;BRIEFWAHLBEZIRK;0025 Briefwahl V;0025;;;N;0;0;0;0;416;0;416;0;0;1;415;176;51;67;10;55;18;23;8;2;3;2;1;415;162;56;64;12;59;15;22;3;6;3;3;0;0;0;0;0;10;
09574157;Schwarzenbruck;245;095741570026;BRIEFWAHLBEZIRK;0026 Briefwahl VI;0026;;;N;0;0;0;0;409;0;409;0;0;1;408;170;69;64;10;43;19;17;7;5;3;1;1;408;165;66;65;15;43;16;13;2;5;0;1;0;5;0;0;1;11;
09574158;Simmelsdorf;245;09574158;GEMEINDE;Simmelsdorf;;;;N;2604;1370;1234;0;2279;1081;1198;2;0;15;2264;1029;235;281;67;387;101;95;17;27;8;17;8;2271;934;249;265;69;421;101;98;12;30;11;11;4;15;2;0;1;48;
09574158;Simmelsdorf;245;095741580001;STIMMBEZIRK;Hüttenbach;001;;;N;802;440;362;0;334;334;0;0;0;2;332;131;38;53;11;61;15;9;2;9;1;2;1;333;115;40;57;11;73;11;13;1;3;2;2;0;2;0;0;0;3;
09574158;Simmelsdorf;245;095741580002;STIMMBEZIRK;Simmelsdorf;002;;;N;548;264;284;0;208;207;1;1;0;3;205;87;18;24;2;55;5;9;2;0;1;2;0;208;80;21;21;7;60;1;10;1;1;0;3;0;1;1;0;0;1;
09574158;Simmelsdorf;245;095741580003;STIMMBEZIRK;Diepoltsdorf;003;;;N;328;180;148;0;138;138;0;0;0;1;137;56;13;16;4;30;9;8;0;0;1;0;1;137;49;9;16;2;33;10;9;0;2;0;0;0;0;0;0;0;7;
09574158;Simmelsdorf;245;095741580004;STIMMBEZIRK;Großengsee-Ittling;004;;;N;512;271;241;0;219;218;1;1;0;2;217;96;10;23;6;48;15;10;1;1;2;5;1;218;79;19;20;5;54;16;13;3;2;0;0;0;0;1;0;0;6;
09574158;Simmelsdorf;245;095741580005;STIMMBEZIRK;Oberndorf;005;;;N;414;215;199;0;184;184;0;0;0;0;184;73;15;30;6;35;7;9;4;5;0;0;0;184;69;14;27;8;37;4;9;1;2;2;3;1;4;0;0;0;3;
09574158;Simmelsdorf;245;095741580011;BRIEFWAHLBEZIRK;Briefwahlbezirk 1;011;;;N;0;0;0;0;605;0;605;0;0;5;600;292;82;71;22;74;19;20;3;7;3;7;2;603;271;88;64;16;81;19;15;3;10;6;1;3;6;0;0;1;19;
09574158;Simmelsdorf;245;095741580012;BRIEFWAHLBEZIRK;Briefwahlbezirk 2;012;;;N;0;0;0;0;591;0;591;0;0;2;589;294;59;64;16;84;31;30;5;5;0;1;3;588;271;58;60;20;83;40;29;3;10;1;2;0;2;0;0;0;9;
09574164;Winkelhaid;245;09574164;GEMEINDE;Winkelhaid;;;;N;3311;1747;1564;0;2886;1378;1508;3;0;10;2876;1182;416;356;76;500;109;158;38;27;11;3;5;2881;1053;387;352;110;528;91;164;7;25;16;25;6;17;1;0;8;91;
09574164;Winkelhaid;245;095741640001;STIMMBEZIRK;Rathaus Winkelhaid - ehem. Sparkasse;0001;;;N;1017;539;478;0;440;439;1;1;0;0;440;173;71;43;12;96;11;26;6;2;0;0;0;440;155;59;45;18;102;10;25;1;1;3;6;3;2;0;0;0;10;
09574164;Winkelhaid;245;095741640002;STIMMBEZIRK;Evangelische Kirche Winkelhaid (Kellereingang);0002;;;N;1066;524;542;0;390;389;1;1;0;2;388;153;41;51;12;84;13;25;7;1;1;0;1;389;144;38;52;13;87;6;24;1;2;4;5;0;0;0;0;0;13;
09574164;Winkelhaid;245;095741640003;STIMMBEZIRK;Schule Penzenhofen;0003;;;N;940;491;449;0;378;377;1;1;0;1;377;142;44;50;9;92;10;20;3;4;2;1;0;378;111;38;50;22;95;11;23;1;2;1;3;2;3;0;0;2;14;
09574164;Winkelhaid;245;095741640004;STIMMBEZIRK;Feuerwehrhaus Ungelstetten;0004;;;N;288;193;95;0;173;173;0;0;0;0;173;73;16;13;5;47;7;7;2;3;0;0;0;173;65;15;13;9;48;6;7;0;3;0;0;0;2;0;0;0;5;
09574164;Winkelhaid;245;095741640011;BRIEFWAHLBEZIRK;Rathaus Sitzungssaal;0011;;;N;0;0;0;0;387;0;387;0;0;2;385;192;51;44;3;46;27;11;3;4;3;1;2;385;177;59;40;8;46;22;12;0;2;0;2;0;3;1;0;3;10;
09574164;Winkelhaid;245;095741640012;BRIEFWAHLBEZIRK;Rathaus Mehrzwecksaal;0012;;;N;0;0;0;0;201;0;201;0;0;0;201;91;26;30;7;18;3;12;5;7;2;0;0;201;77;34;25;6;22;4;16;0;2;1;2;0;1;0;0;2;9;
09574164;Winkelhaid;245;095741640013;BRIEFWAHLBEZIRK;Rathaus VHS - Seminarraum 1;0013;;;N;0;0;0;0;199;0;199;0;0;1;198;57;46;28;11;26;10;16;2;0;1;1;1;198;53;42;24;13;26;9;15;1;1;3;2;0;0;0;0;1;8;
09574164;Winkelhaid;245;095741640014;BRIEFWAHLBEZIRK;Rathaus VHS - Seminarraum 2;0014;;;N;0;0;0;0;267;0;267;0;0;0;267;110;45;44;3;27;12;19;4;2;1;0;1;266;96;36;40;4;32;13;24;1;5;2;2;1;3;0;0;0;7;
09574164;Winkelhaid;245;095741640015;BRIEFWAHLBEZIRK;Rathaus Mediathek - Eingang links;0015;;;N;0;0;0;0;229;0;229;0;0;2;227;101;38;25;9;36;4;8;3;3;0;0;0;229;88;29;33;11;40;4;7;0;2;2;1;0;2;0;0;0;10;
09574164;Winkelhaid;245;095741640016;BRIEFWAHLBEZIRK;Rathaus Mediathek - Eingang rechts;0016;;;N;0;0;0;0;222;0;222;0;0;2;220;90;38;28;5;28;12;14;3;1;1;0;0;222;87;37;30;6;30;6;11;2;5;0;2;0;1;0;0;0;5;
;;245;095745527;VERBANDSGEMEINDE;Verwaltungsgemeinschaft Velden;;;;N;3709;1989;1720;0;3080;1443;1637;3;0;17;3063;1216;412;349;77;608;151;163;29;20;12;26;13;3067;1063;428;334;89;621;176;187;11;28;13;10;4;14;2;0;2;85;
09574129;Hartenstein;245;09574129;GEMEINDE;Hartenstein;;;;N;1074;602;472;0;858;411;447;0;0;5;853;359;100;65;31;197;60;27;6;1;2;5;3;855;329;104;58;31;205;63;29;4;7;1;1;0;3;1;0;0;19;
09574129;Hartenstein;245;095741290001;STIMMBEZIRK;Kulturhalle Hartenstein;0001;;;N;1074;602;472;0;411;411;0;0;0;3;408;168;43;30;16;106;28;14;1;0;1;1;1;410;152;46;26;15;112;27;14;4;2;1;0;0;1;1;0;0;9;
09574129;Hartenstein;245;095741290011;BRIEFWAHLBEZIRK;Briefwahl Hartenstein;0011;;;N;0;0;0;0;447;0;447;0;0;2;445;191;57;35;15;91;32;13;5;1;1;4;2;445;177;58;32;16;93;36;15;0;5;0;1;0;2;0;0;0;10;
09574160;Velden;245;09574160;GEMEINDE;Velden;;;;N;1371;694;677;0;1207;551;656;3;0;7;1200;478;186;166;28;197;42;67;12;10;6;8;6;1201;401;201;161;37;202;55;78;5;9;6;5;2;6;1;0;1;31;
09574160;Velden;245;095741600001;STIMMBEZIRK;Musikhalle Velden;0001;;;N;1371;694;677;0;554;551;3;3;0;5;549;234;85;53;12;107;15;33;3;3;3;1;6;548;198;95;54;12;110;19;39;3;1;0;1;2;3;0;0;0;11;
09574160;Velden;245;095741600011;BRIEFWAHLBEZIRK;Briefwahl Velden;0011;;;N;0;0;0;0;653;0;653;0;0;2;651;244;101;113;16;90;27;34;9;7;3;7;0;653;203;106;107;25;92;36;39;2;8;6;4;0;3;1;0;1;20;
09574161;Vorra;245;09574161;GEMEINDE;Vorra;;;;N;1264;693;571;0;1015;481;534;0;0;5;1010;379;126;118;18;214;49;69;11;9;4;13;4;1011;333;123;115;21;214;58;80;2;12;6;4;2;5;0;0;1;35;
09574161;Vorra;245;095741610001;STIMMBEZIRK;Aula Turnhalle Vorra;0001;;;N;1264;693;571;0;481;481;0;0;0;3;478;158;56;70;7;111;22;35;3;6;4;6;1;480;131;57;68;10;113;24;44;2;4;1;1;0;2;0;0;1;22;
09574161;Vorra;245;095741610011;BRIEFWAHLBEZIRK;Briefwahl Vorra;0011;;;N;0;0;0;0;534;0;534;0;0;2;532;221;70;48;11;103;27;34;8;3;0;7;3;531;202;66;47;11;101;34;36;0;8;5;3;2;3;0;0;0;13;
;;245;095745528;VERBANDSGEMEINDE;Verwaltungsgemeinschaft Happurg;;;;N;3761;1957;1804;0;3323;1576;1747;8;0;22;3301;1399;374;412;67;546;240;164;50;30;8;11;13;3310;1290;409;404;89;562;196;171;20;27;15;23;3;12;2;0;3;84;
09574111;Alfeld;245;09574111;GEMEINDE;Alfeld;;;;N;876;442;434;0;787;370;417;2;0;5;782;366;58;69;19;155;66;31;10;2;2;4;3;784;331;68;72;23;159;53;37;11;3;1;6;1;1;0;0;1;17;
09574111;Alfeld;245;095741110001;STIMMBEZIRK;Alfeld;0001;;;N;876;442;434;0;372;370;2;2;0;3;369;170;27;23;8;75;39;19;5;0;1;2;3;369;148;34;25;11;83;26;19;8;1;1;4;1;0;0;0;0;8;
09574111;Alfeld;245;095741110011;BRIEFWAHLBEZIRK;Briefwahl Alfeld I;0011;;;N;0;0;0;0;415;0;415;0;0;2;413;196;31;46;11;80;27;12;5;2;1;2;0;415;183;34;47;12;76;27;18;3;2;0;2;0;1;0;0;1;9;
09574128;Happurg;245;09574128;GEMEINDE;Happurg;;;;N;2885;1515;1370;0;2536;1206;1330;6;0;17;2519;1033;316;343;48;391;174;133;40;28;6;7;10;2526;959;341;332;66;403;143;134;9;24;14;17;2;11;2;0;2;67;
09574128;Happurg;245;095741280001;STIMMBEZIRK;Happurg I;0001;;;N;705;384;321;0;300;299;1;1;0;3;297;117;42;41;4;52;9;24;3;3;2;0;3;297;100;41;42;9;49;5;24;2;4;4;2;0;0;0;0;0;15;
09574128;Happurg;245;095741280002;STIMMBEZIRK;Happurg II;0002;;;N;696;365;331;0;272;269;3;3;0;7;265;94;42;22;5;60;13;22;1;5;1;0;2;270;90;33;28;6;60;16;23;0;1;0;1;0;0;0;0;1;11;
09574128;Happurg;245;095741280003;STIMMBEZIRK;Kainsbach;0003;;;N;518;272;246;0;240;240;0;0;0;2;238;104;12;39;2;49;20;8;2;0;0;2;1;239;92;18;37;6;54;17;10;0;1;0;0;0;1;0;0;0;3;
09574128;Happurg;245;095741280004;STIMMBEZIRK;Thalheim;0004;;;N;275;135;140;0;112;111;1;1;0;0;112;42;11;6;2;36;13;1;1;0;0;0;0;112;42;11;5;3;37;8;1;0;0;0;1;1;0;0;0;0;3;
09574128;Happurg;245;095741280005;STIMMBEZIRK;Förrenbach;0005;;;N;691;359;332;0;288;287;1;1;0;1;287;120;34;40;7;38;27;13;8;0;0;0;1;287;110;35;40;9;43;25;12;3;4;0;1;0;0;0;0;1;4;
09574128;Happurg;245;095741280011;BRIEFWAHLBEZIRK;Briefwahl Happurg I;0011;;;N;0;0;0;0;438;0;438;0;0;1;437;187;64;64;12;49;30;12;10;8;0;1;0;438;172;73;63;9;54;24;14;2;3;2;4;0;5;0;0;0;13;
09574128;Happurg;245;095741280012;BRIEFWAHLBEZIRK;Briefwahl Happurg II;0012;;;N;0;0;0;0;444;0;444;0;0;3;441;198;52;65;10;53;26;24;4;6;3;0;2;442;180;61;64;13;53;25;25;1;8;1;4;0;3;1;0;0;3;
09574128;Happurg;245;095741280013;BRIEFWAHLBEZIRK;Briefwahl Happurg III;0013;;;N;0;0;0;0;442;0;442;0;0;0;442;171;59;66;6;54;36;29;11;6;0;4;1;441;173;69;53;11;53;23;25;1;3;7;4;1;2;1;0;0;15;
;;245;095745529;VERBANDSGEMEINDE;Verwaltungsgemeinschaft Henfenfeld;;;;N;3529;1868;1661;0;3150;1546;1604;7;0;12;3138;1360;402;452;62;451;194;146;27;27;10;7;9;3141;1185;425;438;83;496;189;164;8;26;6;9;5;14;0;0;3;90;
09574120;Engelthal;245;09574120;GEMEINDE;Engelthal;;;;N;914;456;458;0;839;389;450;2;0;3;836;386;116;129;13;98;47;30;6;7;3;1;1;838;323;134;126;18;106;47;39;3;6;1;7;1;3;0;0;1;23;
09574120;Engelthal;245;095741200001;STIMMBEZIRK;Bauhof Engelthal;1;;;N;455;202;253;0;167;167;0;0;0;1;166;82;17;15;0;35;9;6;0;2;0;0;0;167;71;14;20;1;36;8;10;0;2;1;1;0;0;0;0;0;3;
09574120;Engelthal;245;095741200002;STIMMBEZIRK;Feuerwehrhaus Engelthal;2;;;N;459;254;205;0;224;222;2;2;0;1;223;84;30;43;6;30;19;5;4;0;2;0;0;224;67;34;44;6;34;17;8;0;1;0;4;1;0;0;0;0;8;
09574120;Engelthal;245;095741200011;BRIEFWAHLBEZIRK;Sitzungssaal Mühlstraße;11;;;N;0;0;0;0;448;0;448;0;0;1;447;220;69;71;7;33;19;19;2;5;1;1;1;447;185;86;62;11;36;22;21;3;3;0;2;0;3;0;0;1;12;
09574131;Henfenfeld;245;09574131;GEMEINDE;Henfenfeld;;;;N;1354;741;613;0;1187;597;590;1;0;8;1179;456;193;178;27;193;46;57;9;16;0;4;8;1179;400;183;181;43;207;42;74;2;14;0;0;3;8;0;0;0;22;
09574131;Henfenfeld;245;095741310001;STIMMBEZIRK;Grundschule Henfenfeld - Aula;1;;;N;659;339;320;0;266;265;1;1;0;2;264;89;30;35;7;69;10;11;2;10;0;1;1;265;80;33;33;13;70;11;10;2;3;0;0;0;3;0;0;0;7;
09574131;Henfenfeld;245;095741310002;STIMMBEZIRK;AWO-Begegnungsstätte;2;;;N;695;402;293;0;332;332;0;0;0;1;331;111;57;45;6;73;13;17;3;4;0;2;4;328;87;50;53;13;77;11;23;0;1;0;0;1;5;0;0;0;7;
09574131;Henfenfeld;245;095741310011;BRIEFWAHLBEZIRK;Grundschule Henfenfeld - Klassenraum 1;11;;;N;0;0;0;0;286;0;286;0;0;3;283;117;58;51;6;25;7;14;2;2;0;1;2;284;104;57;51;7;29;5;21;0;5;0;0;1;0;0;0;0;4;
09574131;Henfenfeld;245;095741310012;BRIEFWAHLBEZIRK;Grundschule Henfenfeld - Klassenraum 2;12;;;N;0;0;0;0;303;0;303;0;0;2;301;139;48;47;8;26;16;15;2;0;0;0;1;302;129;43;44;10;31;15;20;0;5;0;0;1;0;0;0;0;4;
09574145;Offenhausen;245;09574145;GEMEINDE;Offenhausen;;;;N;1261;671;590;0;1124;560;564;4;0;1;1123;518;93;145;22;160;101;59;12;4;7;2;0;1124;462;108;131;22;183;100;51;3;6;5;2;1;3;0;0;2;45;
09574145;Offenhausen;245;095741450001;STIMMBEZIRK;Grundschule Offenhausen - Aula;1;;;N;618;347;271;0;297;294;3;3;0;1;296;133;27;30;7;57;14;24;2;1;1;0;0;297;127;32;26;6;62;8;19;1;0;2;1;0;0;0;0;0;13;
09574145;Offenhausen;245;095741450002;STIMMBEZIRK;Feuerwehrhaus Offenhausen - Schulungsraum;2;;;N;643;324;319;0;267;266;1;1;0;0;267;128;14;35;5;45;21;15;3;0;1;0;0;267;103;19;35;9;54;22;12;0;1;1;1;1;1;0;0;0;8;
09574145;Offenhausen;245;095741450011;BRIEFWAHLBEZIRK;Grundschule Offenhausen - Klassenraum 1;11;;;N;0;0;0;0;270;0;270;0;0;0;270;132;24;35;8;25;29;8;3;1;3;2;0;270;122;26;34;4;30;29;7;1;2;0;0;0;0;0;0;1;14;
09574145;Offenhausen;245;095741450012;BRIEFWAHLBEZIRK;Grundschule Offenhausen - Klassenraum 2;12;;;N;0;0;0;0;290;0;290;0;0;0;290;125;28;45;2;33;37;12;4;2;2;0;0;290;110;31;36;3;37;41;13;1;3;2;0;0;2;0;0;1;10;
;;245;09576000;KREIS;Landkreis Roth;;;;N;98503;54221;44281;1;85412;42695;42717;82;0;411;85001;38912;9690;8642;2177;15385;4447;3925;497;652;240;434;272;85140;33262;10639;8846;3193;16620;3438;4164;311;810;380;260;79;414;52;18;105;2549;
09576111;Abenberg;245;09576111;GEMEINDE;Abenberg;;;;N;4282;1995;2287;0;3801;1590;2211;0;0;14;3787;1850;387;283;92;820;134;160;9;23;8;21;7;3794;1566;445;303;125;892;144;162;10;37;6;6;0;8;3;0;4;83;
09576111;Abenberg;245;095761110001;STIMMBEZIRK;Stimmbezirk 01;0001;;;N;831;399;432;0;344;344;0;0;0;1;343;157;23;20;8;112;11;9;0;1;0;2;1;343;135;26;25;12;109;13;11;0;3;2;0;0;0;0;0;0;7;
09576111;Abenberg;245;095761110002;STIMMBEZIRK;Stimmbezirk 02;0002;;;N;779;330;449;0;256;256;0;0;0;0;256;88;26;31;6;84;11;5;0;4;1;0;1;255;77;27;31;8;89;9;7;1;2;0;0;0;2;0;0;1;1;
09576111;Abenberg;245;095761110003;STIMMBEZIRK;Stimmbezirk 03;0003;;;N;844;398;446;0;278;278;0;0;0;3;275;115;21;21;5;81;11;12;1;2;0;6;0;278;102;31;18;12;87;11;12;2;1;0;0;0;1;0;0;0;1;
09576111;Abenberg;245;095761110004;STIMMBEZIRK;Stimmbezirk 04;0004;;;N;843;355;488;0;291;291;0;0;0;0;291;127;21;25;5;77;6;23;0;5;0;2;0;291;107;22;22;11;82;6;25;1;5;1;1;0;1;0;0;0;7;
09576111;Abenberg;245;095761110005;STIMMBEZIRK;Stimmbezirk 05;0005;;;N;985;513;472;0;421;421;0;0;0;0;421;169;49;28;17;110;10;28;2;4;2;2;0;421;154;49;26;19;118;7;32;0;5;0;0;0;3;0;0;1;7;
09576111;Abenberg;245;095761110011;BRIEFWAHLBEZIRK;Briefwahlbezirk 11;0011;;;N;0;0;0;0;437;0;437;0;0;2;435;205;46;43;13;77;18;21;3;3;3;3;2;435;155;53;57;14;92;23;17;2;5;0;1;0;1;0;0;1;14;
09576111;Abenberg;245;095761110012;BRIEFWAHLBEZIRK;Briefwahlbezirk 12;0012;;;N;0;0;0;0;436;0;436;0;0;0;436;235;54;33;11;66;20;13;1;2;1;0;0;436;203;55;47;11;81;20;10;0;2;1;0;0;0;0;0;0;6;
09576111;Abenberg;245;095761110013;BRIEFWAHLBEZIRK;Briefwahlbezirk 13;0013;;;N;0;0;0;0;435;0;435;0;0;4;431;267;56;17;8;55;12;13;0;0;0;3;1;434;223;73;20;8;64;18;13;2;2;0;2;0;0;0;0;0;9;
09576111;Abenberg;245;095761110014;BRIEFWAHLBEZIRK;Briefwahlbezirk 14;0014;;;N;0;0;0;0;431;0;431;0;0;1;430;234;36;33;12;78;17;16;0;1;1;2;0;431;203;45;27;16;84;16;13;2;5;1;0;0;0;1;0;0;18;
09576111;Abenberg;245;095761110015;BRIEFWAHLBEZIRK;Briefwahlbezirk 15;0015;;;N;0;0;0;0;472;0;472;0;0;3;469;253;55;32;7;80;18;20;2;1;0;1;2;470;207;64;30;14;86;21;22;0;7;1;2;0;0;2;0;1;13;
09576113;Allersberg;245;09576113;GEMEINDE;Allersberg;;;;N;6405;3469;2935;1;5492;2674;2818;7;0;23;5469;2524;582;527;156;997;291;283;25;34;22;28;18;5474;2178;599;530;228;1072;284;299;16;71;27;11;8;23;4;1;9;114;
09576113;Allersberg;245;095761130001;STIMMBEZIRK;Stimmbezirk 1;1;;;N;976;505;471;0;374;371;3;3;0;2;372;126;34;39;15;92;28;27;1;3;1;6;2;372;112;28;39;22;98;20;28;4;10;2;0;0;0;0;0;2;7;
09576113;Allersberg;245;095761130002;STIMMBEZIRK;Stimmbezirk 2;2;;;N;829;432;397;0;341;341;0;0;0;2;339;121;44;48;3;81;18;19;0;4;0;1;1;340;116;48;43;6;85;11;18;1;2;2;0;0;3;0;0;0;5;
09576113;Allersberg;245;095761130003;STIMMBEZIRK;Stimmbezirk 3;3;;;N;793;417;376;0;308;308;0;0;0;1;307;95;44;43;8;78;17;17;1;3;0;1;1;307;81;42;36;15;85;16;23;0;1;0;1;1;4;0;0;0;2;
09576113;Allersberg;245;095761130004;STIMMBEZIRK;Stimmbezirk 4;4;;;N;719;413;305;1;283;282;1;1;0;0;283;96;33;35;17;65;8;22;2;3;2;0;2;281;84;27;27;16;72;4;29;1;7;3;1;0;3;2;0;1;4;
09576113;Allersberg;245;095761130005;STIMMBEZIRK;Stimmbezirk 5;5;;;N;1049;548;501;0;421;421;0;0;0;1;420;178;48;36;13;86;24;30;0;2;1;2;2;419;147;41;42;23;98;16;32;1;6;3;0;0;2;0;0;0;8;
09576113;Allersberg;245;095761130006;STIMMBEZIRK;Stimmbezirk 6;6;;;N;740;426;314;0;342;342;0;0;0;1;341;136;34;28;8;80;17;29;4;2;2;1;2;340;119;38;28;8;90;15;25;0;4;1;1;0;2;1;0;1;7;
09576113;Allersberg;245;095761130007;STIMMBEZIRK;Stimmbezirk 7;7;;;N;531;293;238;0;249;249;0;0;0;1;248;121;25;15;4;53;13;12;1;2;2;0;0;249;101;28;24;8;56;8;12;1;3;0;0;0;2;0;0;0;6;
09576113;Allersberg;245;095761130008;STIMMBEZIRK;Stimmbezirk 8;8;;;N;768;435;333;0;363;360;3;3;0;4;359;192;27;31;9;71;5;22;1;0;1;0;2;361;170;23;34;12;71;11;25;0;1;2;0;0;0;0;0;0;12;
09576113;Allersberg;245;095761130021;BRIEFWAHLBEZIRK;Briefwahlbezirk 21;21;;;N;0;0;0;0;448;0;448;0;0;0;448;229;41;34;14;72;30;15;5;4;3;1;0;448;186;52;35;21;83;33;15;2;4;2;1;5;2;1;0;1;5;
09576113;Allersberg;245;095761130022;BRIEFWAHLBEZIRK;Briefwahlbezirk 22;22;;;N;0;0;0;0;619;0;619;0;0;3;616;316;69;59;12;93;37;18;4;3;3;2;2;617;282;74;58;19;96;39;20;2;8;3;2;0;1;0;0;3;10;
09576113;Allersberg;245;095761130023;BRIEFWAHLBEZIRK;Briefwahlbezirk 23;23;;;N;0;0;0;0;645;0;645;0;0;5;640;332;70;76;13;76;27;32;2;3;3;6;2;643;292;71;80;22;77;36;29;0;8;2;4;1;0;0;1;0;20;
09576113;Allersberg;245;095761130024;BRIEFWAHLBEZIRK;Briefwahlbezirk 24;24;;;N;0;0;0;0;622;0;622;0;0;1;621;326;68;53;23;85;38;19;2;3;1;3;0;622;263;82;52;28;89;50;23;2;10;4;0;1;1;0;0;0;17;
09576113;Allersberg;245;095761130025;BRIEFWAHLBEZIRK;Briefwahlbezirk 25;25;;;N;0;0;0;0;477;0;477;0;0;2;475;256;45;30;17;65;29;21;2;2;3;5;2;475;225;45;32;28;72;25;20;2;7;3;1;0;3;0;0;1;11;
09576117;Büchenbach;245;09576117;GEMEINDE;Büchenbach;;;;N;4237;2451;1786;0;3745;2021;1724;4;0;16;3729;1637;418;416;84;737;142;188;25;52;13;17;11;3734;1361;485;405;139;771;146;184;13;26;19;15;3;27;1;0;3;136;
09576117;Büchenbach;245;095761170001;STIMMBEZIRK;Schulhaus Büchenbach Aula-Eingang 2 / Zi. Nr. 106;0001;;;N;774;436;338;0;368;368;0;0;0;1;367;147;33;53;9;85;13;24;0;1;0;2;1;367;125;38;46;11;86;12;29;0;3;1;0;0;1;0;0;0;15;
09576117;Büchenbach;245;095761170002;STIMMBEZIRK;Schulhaus Büchenbach Aula-Eingang 2 / Zi. Nr. 202;0002;;;N;732;424;308;0;332;329;3;3;0;4;328;139;29;24;8;96;9;20;0;1;2;0;4;328;107;29;28;22;101;9;19;1;1;0;0;0;0;0;0;0;11;
09576117;Büchenbach;245;095761170003;STIMMBEZIRK;Bürgersaal Rathaus Büchenbach;0003;;;N;785;435;350;0;357;357;0;0;0;4;353;146;41;26;10;91;10;21;3;2;2;1;1;356;120;53;23;19;92;12;22;1;2;1;1;1;0;0;0;0;9;
09576117;Büchenbach;245;095761170004;STIMMBEZIRK;Feuerwehrhaus Büchenbach;0004;;;N;798;480;318;0;376;376;0;0;0;4;372;142;53;38;14;84;11;25;1;3;1;0;3;373;117;54;42;18;85;9;20;1;1;3;2;1;2;0;0;0;18;
09576117;Büchenbach;245;095761170005;STIMMBEZIRK;Dorfgemeinschaftshaus Aurau;0005;;;N;376;211;165;0;191;191;0;0;0;0;191;86;18;14;1;52;11;0;1;4;1;3;0;191;67;17;19;3;56;11;3;1;1;1;0;0;1;0;0;0;11;
09576117;Büchenbach;245;095761170006;STIMMBEZIRK;Feuerwehrhaus Götzenreuth;0006;;;N;385;244;141;0;208;207;1;1;0;0;208;95;18;16;3;45;9;12;2;7;1;0;1;207;81;17;20;6;44;12;11;1;0;3;1;0;3;0;0;1;7;
09576117;Büchenbach;245;095761170007;STIMMBEZIRK;Schulhaus Tennenlohe;0007;;;N;387;221;166;0;193;193;0;0;0;0;193;77;7;28;2;49;10;11;2;4;0;3;0;193;64;10;26;4;52;9;10;2;2;0;1;0;6;0;0;1;6;
09576117;Büchenbach;245;095761170011;BRIEFWAHLBEZIRK;Sitzungssaal Rathaus Büchenbach;0011;;;N;0;0;0;0;569;0;569;0;0;2;567;279;70;59;17;90;14;24;3;7;2;2;1;568;226;91;59;24;94;18;17;3;7;4;3;1;1;1;0;1;18;
09576117;Büchenbach;245;095761170012;BRIEFWAHLBEZIRK;Haus am See, Kaninchenzuchtverein;0012;;;N;0;0;0;0;568;0;568;0;0;0;568;258;95;89;9;61;20;23;5;8;0;0;0;568;237;109;74;10;64;22;27;0;4;2;3;0;4;0;0;0;12;
09576117;Büchenbach;245;095761170013;BRIEFWAHLBEZIRK;Schützenhaus am Weiher;0013;;;N;0;0;0;0;583;0;583;0;0;1;582;268;54;69;11;84;35;28;8;15;4;6;0;583;217;67;68;22;97;32;26;3;5;4;4;0;9;0;0;0;29;
09576121;Georgensgmünd;245;09576121;GEMEINDE;Georgensgmünd;;;;N;5415;2812;2603;0;4700;2208;2492;4;0;19;4681;2019;548;570;128;853;232;227;25;38;21;20;9;4691;1600;613;601;183;935;220;238;20;46;26;16;6;29;2;1;7;148;
09576121;Georgensgmünd;245;095761210001;STIMMBEZIRK;Dr.-Mehler-Halle 1 - links;1;;;N;1224;658;566;0;501;501;0;0;0;2;499;168;61;66;14;127;18;35;4;2;4;0;0;501;132;71;74;9;139;18;38;2;2;1;2;0;1;1;0;0;11;
09576121;Georgensgmünd;245;095761210002;STIMMBEZIRK;Dr.-Mehler-Halle 2 - rechts;2;;;N;1150;547;603;0;438;437;1;1;0;2;436;182;62;54;11;92;15;16;2;2;0;0;3;435;156;56;63;14;97;6;18;2;4;3;2;1;3;0;0;0;10;
09576121;Georgensgmünd;245;095761210003;STIMMBEZIRK;Aula 1 - links;3;;;N;1141;588;553;0;464;464;0;0;0;1;463;160;58;45;11;128;16;34;3;3;3;2;0;464;135;56;51;13;126;13;29;2;8;5;1;1;4;0;1;1;18;
09576121;Georgensgmünd;245;095761210004;STIMMBEZIRK;Aula 2 - rechts;4;;;N;1239;645;594;0;488;485;3;3;0;0;488;207;45;106;18;64;25;16;0;3;1;3;1;487;157;51;108;20;68;32;19;1;7;3;0;0;2;0;0;0;19;
09576121;Georgensgmünd;245;095761210005;STIMMBEZIRK;Rittersbach;5;;;N;345;192;153;0;159;159;0;0;0;0;159;89;19;11;4;23;3;6;0;1;1;2;0;159;63;32;10;7;27;9;6;0;0;2;0;0;0;0;0;2;1;
09576121;Georgensgmünd;245;095761210006;STIMMBEZIRK;Mäbenberg;6;;;N;316;182;134;0;162;162;0;0;0;1;161;70;3;15;7;49;12;4;1;0;0;0;1;161;54;8;12;5;54;12;10;0;0;1;0;0;0;0;0;0;5;
09576121;Georgensgmünd;245;095761210011;BRIEFWAHLBEZIRK;FFW-Saal;11;;;N;0;0;0;0;552;0;552;0;0;3;549;241;79;60;8;92;34;26;3;0;3;3;0;552;206;87;64;17;97;24;26;2;7;0;2;0;1;0;0;2;17;
09576121;Georgensgmünd;245;095761210012;BRIEFWAHLBEZIRK;FFW-Jugendraum;12;;;N;0;0;0;0;722;0;722;0;0;4;718;326;80;103;14;113;39;29;2;10;1;1;2;720;242;99;102;30;137;35;27;3;5;3;2;2;7;0;0;0;26;
09576121;Georgensgmünd;245;095761210013;BRIEFWAHLBEZIRK;Bauhof;13;;;N;0;0;0;0;684;0;684;0;0;5;679;347;67;51;31;89;43;31;4;8;6;2;2;682;277;74;58;37;114;45;29;6;6;6;3;1;7;1;0;1;17;
09576121;Georgensgmünd;245;095761210014;BRIEFWAHLBEZIRK;Krone - Hopfenstube;14;;;N;0;0;0;0;530;0;530;0;0;1;529;229;74;59;10;76;27;30;6;9;2;7;0;530;178;79;59;31;76;26;36;2;7;2;4;1;4;0;0;1;24;
09576122;Greding;245;09576122;GEMEINDE;Greding;;;;N;5440;2568;2872;0;4904;2100;2804;3;0;7;4897;2364;288;267;95;775;952;89;22;29;4;12;9;4895;2434;380;334;149;903;330;141;16;23;10;27;5;22;2;1;5;113;
09576122;Greding;245;095761220001;STIMMBEZIRK;Archäologie Museum;1;;;N;958;448;510;0;339;339;0;0;0;0;339;139;26;22;5;68;66;7;2;2;1;1;0;339;153;29;33;10;72;17;12;0;2;1;3;1;1;0;0;1;4;
09576122;Greding;245;095761220002;STIMMBEZIRK;Kindergarten;2;;;N;758;352;406;0;285;285;0;0;0;2;283;121;20;13;6;53;60;5;1;1;1;2;2;283;130;31;13;13;60;11;11;1;0;0;1;1;1;0;0;1;9;
09576122;Greding;245;095761220003;STIMMBEZIRK;Grund- und Mittelschule I;3;;;N;641;296;345;0;237;237;0;0;0;0;237;75;29;16;7;63;43;2;0;1;0;1;2;235;81;29;16;7;72;14;9;0;0;0;1;0;1;0;0;0;5;
09576122;Greding;245;095761220004;STIMMBEZIRK;Grund- und Mittelschule II;4;;;N;940;492;448;0;406;406;0;0;0;0;406;171;33;26;11;91;59;12;0;3;0;0;0;406;172;43;30;15;100;14;16;1;1;0;1;0;2;0;0;0;11;
09576122;Greding;245;095761220005;STIMMBEZIRK;Obermässing;5;;;N;1068;524;544;0;417;417;0;0;0;2;415;201;19;19;12;107;44;6;2;3;1;1;3;414;188;21;25;15;120;16;9;0;4;2;2;0;1;1;1;1;8;
09576122;Greding;245;095761220006;STIMMBEZIRK;Röckenhofen;6;;;N;491;261;230;0;247;247;0;0;0;0;247;154;9;11;1;38;28;5;0;0;0;1;0;247;147;19;15;3;43;7;5;2;2;0;0;0;0;0;0;0;4;
09576122;Greding;245;095761220007;STIMMBEZIRK;Euerwang;7;;;N;584;195;389;0;172;169;3;3;0;0;172;103;3;2;2;37;22;1;1;0;1;0;0;172;97;3;4;5;41;13;1;0;0;0;2;1;0;0;0;0;5;
09576122;Greding;245;095761220021;BRIEFWAHLBEZIRK;Briefwahlbezirk 1;21;;;N;0;0;0;0;397;0;397;0;0;1;396;219;14;21;7;43;87;3;2;0;0;0;0;397;247;29;20;7;57;20;6;0;2;0;1;0;2;0;0;0;6;
09576122;Greding;245;095761220022;BRIEFWAHLBEZIRK;Briefwahlbezirk 2;22;;;N;0;0;0;0;374;0;374;0;0;1;373;179;26;24;9;38;75;14;3;3;0;2;0;374;162;28;42;12;57;32;22;4;0;0;2;0;2;1;0;0;10;
09576122;Greding;245;095761220023;BRIEFWAHLBEZIRK;Briefwahlbezirk 3;23;;;N;0;0;0;0;397;0;397;0;0;0;397;184;27;24;5;47;99;10;1;0;0;0;1;396;185;28;31;18;59;38;17;1;3;1;0;0;3;0;0;1;11;
09576122;Greding;245;095761220024;BRIEFWAHLBEZIRK;Briefwahlbezirk 4;24;;;N;0;0;0;0;391;0;391;0;0;0;391;203;18;16;8;44;89;6;2;4;0;1;0;391;212;33;18;10;55;37;6;2;4;2;5;0;2;0;0;1;4;
09576122;Greding;245;095761220025;BRIEFWAHLBEZIRK;Briefwahlbezirk 5;25;;;N;0;0;0;0;446;0;446;0;0;0;446;226;25;31;5;49;94;6;4;6;0;0;0;446;233;31;40;7;63;30;13;2;1;1;4;1;4;0;0;0;16;
09576122;Greding;245;095761220026;BRIEFWAHLBEZIRK;Briefwahlbezirk 6;26;;;N;0;0;0;0;397;0;397;0;0;0;397;202;12;17;10;51;90;6;3;5;0;1;0;397;228;18;27;11;49;41;4;2;1;0;4;0;3;0;0;0;9;
09576122;Greding;245;095761220027;BRIEFWAHLBEZIRK;Briefwahlbezirk 7;27;;;N;0;0;0;0;399;0;399;0;0;1;398;187;27;25;7;46;96;6;1;1;0;2;1;398;199;38;20;16;55;40;10;1;3;3;1;1;0;0;0;0;11;
09576126;Heideck;245;09576126;GEMEINDE;Heideck;;;;N;3678;1776;1902;0;3250;1420;1830;3;0;21;3229;1749;243;224;94;516;223;132;9;18;5;16;14;3236;1521;276;239;150;593;170;147;6;24;14;11;5;13;2;1;4;60;
09576126;Heideck;245;095761260001;STIMMBEZIRK;Heideck 1;1;;;N;995;505;490;0;333;333;0;0;0;3;330;147;27;29;4;88;14;16;0;4;0;1;3;330;119;33;31;15;96;4;18;0;1;2;0;1;2;0;0;0;8;
09576126;Heideck;245;095761260002;STIMMBEZIRK;Heideck 2;2;;;N;1038;401;637;0;331;331;0;0;0;5;326;159;31;27;10;66;17;15;0;0;0;1;2;329;157;31;31;11;72;7;10;1;0;1;0;0;1;0;1;0;6;
09576126;Heideck;245;095761260003;STIMMBEZIRK;Schloßberg;3;;;N;174;106;68;0;103;103;0;0;0;0;103;64;6;2;4;13;9;3;0;0;0;2;0;103;58;5;1;8;19;6;6;0;0;0;0;0;0;0;0;0;0;
09576126;Heideck;245;095761260004;STIMMBEZIRK;Seiboldsmühle;4;;;N;688;330;358;0;286;284;2;2;0;4;282;120;27;18;11;57;20;21;4;3;1;0;3;283;106;34;19;16;61;14;21;1;2;1;2;1;0;1;0;0;4;
09576126;Heideck;245;095761260006;STIMMBEZIRK;Liebenstadt;6;;;N;361;204;157;0;167;167;0;0;0;1;166;101;7;9;5;29;9;6;0;0;0;0;1;166;85;9;12;10;33;7;6;0;1;0;0;0;0;0;0;0;3;
09576126;Heideck;245;095761260007;STIMMBEZIRK;Laibstadt;7;;;N;422;230;192;0;203;202;1;1;0;1;202;138;8;11;2;28;9;6;0;0;0;0;1;202;121;9;16;4;31;8;9;0;1;0;0;0;0;1;0;1;1;
09576126;Heideck;245;095761260011;BRIEFWAHLBEZIRK;Briefwahlbezirk 1;11;;;N;0;0;0;0;463;0;463;0;0;2;461;249;36;43;16;58;35;14;1;5;0;4;1;462;208;34;38;22;75;32;23;0;8;3;3;3;5;0;0;0;8;
09576126;Heideck;245;095761260012;BRIEFWAHLBEZIRK;Briefwahlbezirk 2;12;;;N;0;0;0;0;459;0;459;0;0;1;458;255;35;30;12;65;37;18;1;1;2;2;1;458;219;41;41;18;70;28;16;2;3;3;2;0;1;0;0;1;13;
09576126;Heideck;245;095761260013;BRIEFWAHLBEZIRK;Briefwahlbezirk 3;13;;;N;0;0;0;0;455;0;455;0;0;2;453;249;37;29;14;68;33;18;2;0;2;1;1;454;222;47;26;27;68;28;20;2;5;1;0;0;0;0;0;2;6;
09576126;Heideck;245;095761260014;BRIEFWAHLBEZIRK;Briefwahlbezirk 4;14;;;N;0;0;0;0;450;0;450;0;0;2;448;267;29;26;16;44;40;15;1;5;0;5;1;449;226;33;24;19;68;36;18;0;3;3;4;0;4;0;0;0;11;
09576127;Hilpoltstein;245;09576127;GEMEINDE;Hilpoltstein;;;;N;10644;5805;4839;0;9108;4444;4664;17;0;50;9058;4256;962;1137;230;1323;476;448;55;58;17;96;39;9069;3734;1056;1147;360;1403;382;463;32;89;39;24;11;44;10;1;11;263;
09576127;Hilpoltstein;245;095761270001;STIMMBEZIRK;Hilpoltstein 1;01;;;N;1505;891;614;0;582;578;4;4;0;7;575;219;56;99;28;98;21;40;4;2;0;8;7;575;197;70;94;38;89;14;40;0;6;1;4;0;1;2;0;0;19;
09576127;Hilpoltstein;245;095761270002;STIMMBEZIRK;Hilpoltstein 2;02;;;N;1698;851;847;0;648;644;4;4;0;6;642;233;92;81;19;157;24;25;3;3;2;3;3;645;204;94;78;17;162;23;36;4;3;1;0;0;3;0;0;0;20;
09576127;Hilpoltstein;245;095761270003;STIMMBEZIRK;Hilpoltstein 3;03;;;N;1767;911;856;0;711;708;3;3;0;3;708;242;91;106;11;158;26;53;7;6;2;6;3;708;203;89;102;25;169;21;59;1;10;5;0;0;3;1;0;0;20;
09576127;Hilpoltstein;245;095761270004;STIMMBEZIRK;Hilpoltstein 4;04;;;N;1625;824;801;0;602;599;3;3;0;3;599;208;64;89;12;132;22;51;3;4;2;12;2;600;179;68;98;19;142;10;49;1;3;3;3;1;2;2;0;2;18;
09576127;Hilpoltstein;245;095761270007;STIMMBEZIRK;Heuberg;07;;;N;311;191;120;0;169;169;0;0;0;1;168;74;22;16;2;28;15;6;1;2;0;2;1;168;74;18;18;6;34;7;5;1;1;1;1;0;0;0;0;0;2;
09576127;Hilpoltstein;245;095761270008;STIMMBEZIRK;Hofstetten;08;;;N;745;453;292;0;381;381;0;0;0;4;377;174;48;52;13;58;8;14;1;3;1;5;3;378;152;44;55;21;59;7;24;2;2;0;0;0;3;0;0;0;9;
09576127;Hilpoltstein;245;095761270009;STIMMBEZIRK;Jahrsdorf;09;;;N;478;255;223;0;232;232;0;0;0;1;231;138;21;16;7;28;13;5;2;1;0;0;1;231;121;21;22;11;30;8;10;0;1;0;2;1;1;0;0;0;3;
09576127;Hilpoltstein;245;095761270010;STIMMBEZIRK;Meckenhausen 1;10;;;N;1326;673;653;0;548;547;1;1;0;2;546;301;40;47;10;99;24;19;1;0;0;5;3;545;267;44;49;15;115;19;20;1;1;2;0;0;0;0;0;0;12;
09576127;Hilpoltstein;245;095761270012;STIMMBEZIRK;Mörlach;12;;;N;186;133;53;0;112;112;0;0;0;2;110;58;11;9;0;15;6;8;1;0;0;2;1;111;48;7;8;5;20;7;8;0;1;0;1;0;2;0;0;0;4;
09576127;Hilpoltstein;245;095761270013;STIMMBEZIRK;Unterrödel;13;;;N;217;137;80;0;119;118;1;1;0;0;119;55;12;4;5;26;8;6;0;3;0;0;0;119;49;14;3;5;27;5;6;0;0;0;0;0;3;0;0;0;7;
09576127;Hilpoltstein;245;095761270014;STIMMBEZIRK;Weinsfeld;14;;;N;387;208;179;0;184;183;1;1;0;0;184;99;14;23;3;33;6;5;0;0;0;1;0;184;90;16;25;4;32;6;5;1;3;0;0;0;1;0;0;0;1;
09576127;Hilpoltstein;245;095761270015;STIMMBEZIRK;Zell;15;;;N;399;278;121;0;173;173;0;0;0;1;172;81;15;7;6;34;14;9;2;3;1;0;1;172;75;18;8;7;38;6;11;0;2;0;2;0;1;0;0;0;4;
09576127;Hilpoltstein;245;095761270021;BRIEFWAHLBEZIRK;Briefwahl 1;21;;;N;0;0;0;0;470;0;470;0;0;3;467;236;56;54;12;45;30;19;5;3;0;7;3;467;216;59;59;16;45;25;16;1;5;5;1;0;1;0;0;0;18;
09576127;Hilpoltstein;245;095761270022;BRIEFWAHLBEZIRK;Briefwahl 2;22;;;N;0;0;0;0;467;0;467;0;0;0;467;243;44;63;7;50;29;20;1;5;1;4;1;466;203;56;63;20;51;25;23;2;7;3;0;0;1;0;0;0;12;
09576127;Hilpoltstein;245;095761270023;BRIEFWAHLBEZIRK;Briefwahl 3;23;;;N;0;0;0;0;459;0;459;0;0;2;457;217;52;62;12;48;33;23;1;4;1;4;1;458;194;57;70;15;45;24;21;3;9;3;0;1;4;0;0;1;11;
09576127;Hilpoltstein;245;095761270024;BRIEFWAHLBEZIRK;Briefwahl 4;24;;;N;0;0;0;0;463;0;463;0;0;4;459;238;55;58;15;37;30;18;2;2;0;4;2;461;205;65;59;21;49;25;8;0;4;4;1;1;2;0;0;0;17;
09576127;Hilpoltstein;245;095761270025;BRIEFWAHLBEZIRK;Briefwahl 5;25;;;N;0;0;0;0;463;0;463;0;0;2;461;236;55;69;6;45;21;20;3;3;0;3;1;462;201;64;58;23;47;23;24;3;5;2;0;1;2;0;0;0;9;
09576127;Hilpoltstein;245;095761270026;BRIEFWAHLBEZIRK;Briefwahl 6;26;;;N;0;0;0;0;465;0;465;0;0;1;464;226;44;60;12;55;28;25;3;2;2;7;0;465;190;56;61;23;56;18;27;3;6;1;1;0;3;1;0;3;16;
09576127;Hilpoltstein;245;095761270027;BRIEFWAHLBEZIRK;Briefwahl 7;27;;;N;0;0;0;0;463;0;463;0;0;1;462;226;49;57;15;43;37;23;6;3;1;2;0;463;201;57;50;21;43;27;23;3;5;3;4;0;3;2;0;1;20;
09576127;Hilpoltstein;245;095761270028;BRIEFWAHLBEZIRK;Briefwahl 8;28;;;N;0;0;0;0;464;0;464;0;0;1;463;265;28;54;17;41;27;15;4;6;2;4;1;463;241;29;55;17;43;35;18;3;4;1;1;1;4;0;0;1;10;
09576127;Hilpoltstein;245;095761270029;BRIEFWAHLBEZIRK;Briefwahl 9;29;;;N;0;0;0;0;468;0;468;0;0;2;466;242;44;67;8;49;25;17;2;1;0;11;1;467;210;53;63;19;61;22;15;1;7;3;2;0;2;1;0;0;8;
09576127;Hilpoltstein;245;095761270030;BRIEFWAHLBEZIRK;Briefwahl 10;30;;;N;0;0;0;0;465;0;465;0;0;4;461;245;49;44;10;44;29;27;3;2;2;6;4;461;214;57;49;12;46;25;15;2;4;1;1;5;2;1;1;3;23;
09576128;Kammerstein;245;09576128;GEMEINDE;Kammerstein;;;;N;2344;1202;1142;0;2114;1005;1109;0;0;8;2106;967;204;204;62;415;144;67;12;18;7;6;4;2110;860;229;201;81;437;113;74;8;14;11;6;1;11;4;0;2;58;
09576128;Kammerstein;245;095761280001;STIMMBEZIRK;Kammerstein;0001;;;N;1158;563;595;0;471;471;0;0;0;4;467;200;41;46;12;109;32;14;2;4;4;3;1;470;185;48;46;17;108;20;12;5;1;3;1;0;2;0;0;1;21;
09576128;Kammerstein;245;095761280002;STIMMBEZIRK;Barthelmesaurach;0002;;;N;836;429;407;0;352;352;0;0;0;1;351;138;38;36;10;89;19;15;3;2;1;0;2;350;123;39;34;12;90;9;17;1;3;2;2;0;2;0;0;0;16;
09576128;Kammerstein;245;095761280003;STIMMBEZIRK;Volkersgau;0003;;;N;350;210;140;0;182;182;0;0;0;0;182;80;18;18;5;38;17;4;0;1;0;1;0;182;60;21;21;9;42;18;4;0;1;2;0;0;1;0;0;0;3;
09576128;Kammerstein;245;095761280011;BRIEFWAHLBEZIRK;Briefwahl;0011;;;N;0;0;0;0;1109;0;1109;0;0;3;1106;549;107;104;35;179;76;34;7;11;2;2;1;1108;492;121;100;43;197;66;41;2;9;4;3;1;6;4;0;1;18;
09576132;Schwanstetten;245;09576132;GEMEINDE;Schwanstetten;;;;N;5687;3007;2680;0;5051;2449;2602;4;0;21;5030;2206;705;563;134;973;142;197;36;35;17;22;9;5042;1875;737;578;174;1010;148;213;18;58;20;19;5;19;0;4;7;157;
09576132;Schwanstetten;245;095761320001;STIMMBEZIRK;Kulturscheune;0001;;;N;1414;800;614;0;657;657;0;0;0;1;656;272;84;51;21;162;16;36;4;4;2;4;1;656;222;87;59;29;164;18;36;1;5;5;2;1;5;0;0;2;20;
09576132;Schwanstetten;245;095761320002;STIMMBEZIRK;Gemeindehalle 1;0002;;;N;1409;722;687;0;600;600;0;0;0;5;595;211;93;61;9;170;14;16;3;5;5;8;3;597;178;89;67;21;170;16;20;3;6;1;1;1;2;0;1;0;21;
09576132;Schwanstetten;245;095761320003;STIMMBEZIRK;Gemeindehalle 2;0003;;;N;1424;757;667;0;615;613;2;2;0;3;612;206;96;83;26;148;17;25;1;6;0;4;1;614;179;94;82;25;149;14;31;3;8;1;0;0;2;0;0;0;26;
09576132;Schwanstetten;245;095761320004;STIMMBEZIRK;Evangelisches Gemeindehaus;0004;;;N;1440;728;712;0;581;579;2;2;0;5;576;238;64;62;11;149;16;28;1;2;3;2;2;579;192;73;66;19;159;14;28;3;5;1;0;1;0;0;0;0;18;
09576132;Schwanstetten;245;095761320011;BRIEFWAHLBEZIRK;Schule Musikraum;0011;;;N;0;0;0;0;510;0;510;0;0;2;508;257;78;55;4;63;13;20;12;6;0;0;1;509;224;78;58;8;66;17;24;0;10;1;7;1;2;0;0;0;13;
09576132;Schwanstetten;245;095761320012;BRIEFWAHLBEZIRK;Schule Mehrzweckraum;0012;;;N;0;0;0;0;514;0;514;0;0;0;514;248;69;66;17;80;12;14;6;2;0;0;0;514;216;77;61;17;81;14;17;1;12;3;4;0;1;0;0;0;10;
09576132;Schwanstetten;245;095761320013;BRIEFWAHLBEZIRK;Gemeindehalle 3;0013;;;N;0;0;0;0;519;0;519;0;0;1;518;239;85;67;13;71;15;20;5;3;0;0;0;519;209;100;64;17;75;9;16;2;2;5;4;0;2;0;0;0;14;
09576132;Schwanstetten;245;095761320014;BRIEFWAHLBEZIRK;Bürgertreff;0014;;;N;0;0;0;0;511;0;511;0;0;1;510;275;74;54;14;52;18;15;1;1;4;2;0;511;243;68;55;15;61;21;18;2;6;2;1;0;0;0;1;3;15;
09576132;Schwanstetten;245;095761320015;BRIEFWAHLBEZIRK;Sitzungssaal;0015;;;N;0;0;0;0;544;0;544;0;0;3;541;260;62;64;19;78;21;23;3;6;3;2;1;543;212;71;66;23;85;25;23;3;4;1;0;1;5;0;2;2;20;
09576137;Rednitzhembach;245;09576137;GEMEINDE;Rednitzhembach;;;;N;5510;2803;2707;0;4902;2271;2631;2;0;16;4886;2108;609;576;138;905;180;251;44;36;14;25;10;4892;1793;648;574;198;973;152;253;26;42;25;24;2;26;3;2;6;145;
09576137;Rednitzhembach;245;095761370001;STIMMBEZIRK;Stimmbezirk 1;1;;;N;1866;893;973;0;711;711;0;0;0;3;708;278;87;95;24;154;22;34;7;2;2;3;1;710;234;94;88;31;154;20;37;5;4;4;2;1;6;0;1;0;29;
09576137;Rednitzhembach;245;095761370002;STIMMBEZIRK;Stimmbezirk 2;2;;;N;1738;911;827;0;728;726;2;2;0;1;727;275;93;76;23;191;15;42;4;3;2;3;1;727;230;92;67;32;198;16;46;5;10;2;2;0;1;0;1;1;24;
09576137;Rednitzhembach;245;095761370003;STIMMBEZIRK;Stimmbezirk 3;3;;;N;1906;999;907;0;834;834;0;0;0;3;831;310;105;96;20;202;29;49;4;11;3;2;2;832;263;100;98;34;209;22;53;1;6;3;5;0;6;2;0;3;27;
09576137;Rednitzhembach;245;095761370011;BRIEFWAHLBEZIRK;Briefwahlbezirk 11;11;;;N;0;0;0;0;361;0;361;0;0;1;360;166;30;33;13;58;19;31;4;1;3;2;1;360;135;31;37;21;62;16;23;4;5;2;1;0;2;0;0;0;21;
09576137;Rednitzhembach;245;095761370012;BRIEFWAHLBEZIRK;Briefwahlbezirk 12;12;;;N;0;0;0;0;295;0;295;0;0;1;294;151;31;38;5;39;10;12;4;3;0;1;1;294;129;32;41;9;47;11;12;2;2;0;2;0;2;0;0;0;5;
09576137;Rednitzhembach;245;095761370013;BRIEFWAHLBEZIRK;Briefwahlbezirk 13;13;;;N;0;0;0;0;296;0;296;0;0;0;296;132;54;33;5;38;16;12;4;1;0;1;0;296;113;61;37;9;43;8;13;0;2;2;3;0;3;0;0;0;2;
09576137;Rednitzhembach;245;095761370014;BRIEFWAHLBEZIRK;Briefwahlbezirk 14;14;;;N;0;0;0;0;288;0;288;0;0;0;288;128;37;40;12;38;12;11;5;3;0;2;0;288;119;43;39;6;44;7;11;3;2;3;1;1;1;0;0;1;7;
09576137;Rednitzhembach;245;095761370015;BRIEFWAHLBEZIRK;Briefwahlbezirk 15;15;;;N;0;0;0;0;263;0;263;0;0;1;262;119;35;27;9;49;7;9;2;4;0;1;1;262;100;50;27;13;50;5;7;0;1;3;1;0;1;1;0;0;3;
09576137;Rednitzhembach;245;095761370016;BRIEFWAHLBEZIRK;Briefwahlbezirk 16;16;;;N;0;0;0;0;272;0;272;0;0;2;270;133;30;33;7;27;13;17;4;1;2;3;0;272;111;29;36;13;31;15;17;1;5;1;2;0;1;0;0;1;9;
09576137;Rednitzhembach;245;095761370017;BRIEFWAHLBEZIRK;Briefwahlbezirk 17;17;;;N;0;0;0;0;287;0;287;0;0;2;285;148;29;41;6;31;11;16;2;0;0;1;3;284;130;33;38;12;38;11;11;0;1;1;1;0;2;0;0;0;6;
09576137;Rednitzhembach;245;095761370018;BRIEFWAHLBEZIRK;Briefwahlbezirk 18;18;;;N;0;0;0;0;284;0;284;0;0;0;284;143;35;28;6;47;13;9;0;1;0;2;0;284;118;38;32;9;58;12;8;1;2;0;1;0;0;0;0;0;5;
09576137;Rednitzhembach;245;095761370019;BRIEFWAHLBEZIRK;Briefwahlbezirk 19;19;;;N;0;0;0;0;283;0;283;0;0;2;281;125;43;36;8;31;13;9;4;6;2;4;0;283;111;45;34;9;39;9;15;4;2;4;3;0;1;0;0;0;7;
09576141;Röttenbach;245;09576141;GEMEINDE;Röttenbach;;;;N;2441;1411;1030;0;2128;1129;999;2;0;4;2124;987;236;170;53;438;121;74;12;15;4;14;4;2124;839;265;184;57;469;98;98;10;16;11;5;0;11;0;1;4;56;
09576141;Röttenbach;245;095761410001;STIMMBEZIRK;Stimmbezirk 1  (Rö Nord mit Niedermauk);1;;;N;838;484;354;0;375;374;1;1;0;1;374;169;45;16;8;115;6;9;1;1;1;3;2;373;136;45;23;13;123;3;14;0;4;0;0;0;1;0;0;1;10;
09576141;Röttenbach;245;095761410002;STIMMBEZIRK;Stimmbezirk 2  (Rö Süd);2;;;N;854;489;365;0;397;396;1;1;0;1;396;184;39;26;12;95;24;13;2;0;0;1;0;397;159;51;28;14;98;19;16;0;1;1;1;0;1;0;0;0;8;
09576141;Röttenbach;245;095761410003;STIMMBEZIRK;Stimmbezirk 3 (Mü mit Ober-/Unterbreitenlohe);3;;;N;749;438;311;0;359;359;0;0;0;0;359;139;42;36;11;83;24;15;2;3;2;2;1;358;123;44;38;13;84;14;23;0;3;0;1;0;3;0;0;1;11;
09576141;Röttenbach;245;095761410011;BRIEFWAHLBEZIRK;Briefwahlbezirk 11;11;;;N;0;0;0;0;347;0;347;0;0;1;346;185;40;26;10;41;22;13;0;4;0;5;0;347;145;46;31;7;51;22;16;6;1;5;0;0;0;0;1;0;16;
09576141;Röttenbach;245;095761410012;BRIEFWAHLBEZIRK;Briefwahlbezirk 12;12;;;N;0;0;0;0;328;0;328;0;0;0;328;152;34;33;8;51;22;15;5;5;1;2;0;328;135;42;33;5;56;19;16;1;4;4;3;0;4;0;0;1;5;
09576141;Röttenbach;245;095761410013;BRIEFWAHLBEZIRK;Briefwahlbezirk 13;13;;;N;0;0;0;0;322;0;322;0;0;1;321;158;36;33;4;53;23;9;2;2;0;1;1;321;141;37;31;5;57;21;13;3;3;1;0;0;2;0;0;1;6;
09576142;Rohr;245;09576142;GEMEINDE;Rohr;;;;N;2943;1613;1330;0;2641;1352;1289;5;0;9;2632;1303;282;221;59;491;104;114;22;23;7;6;7;2634;1123;295;249;85;504;101;108;15;38;17;7;7;17;1;0;2;65;
09576142;Rohr;245;095761420001;STIMMBEZIRK;Gemeindehaus Rohr - Saal;0001;;;N;991;511;480;0;404;404;0;0;0;2;402;167;52;41;12;83;14;21;4;5;2;1;1;403;155;53;46;12;86;7;22;6;4;1;3;0;5;0;0;1;2;
09576142;Rohr;245;095761420002;STIMMBEZIRK;Haus für Kinder Regelsbach;0002;;;N;985;613;372;0;539;536;3;3;0;4;535;248;72;36;17;124;11;19;3;3;1;1;3;536;210;65;36;29;129;13;21;0;9;2;2;4;0;1;0;0;15;
09576142;Rohr;245;095761420003;STIMMBEZIRK;Gemeindehaus Gustenfelden;0003;;;N;967;489;478;0;414;412;2;2;0;0;414;205;32;25;12;114;14;6;0;3;3;0;0;414;174;44;29;12;116;9;7;1;4;5;0;1;2;0;0;1;9;
09576142;Rohr;245;095761420011;BRIEFWAHLBEZIRK;Gemeindehaus Rohr - Raum "Arche";0011;;;N;0;0;0;0;467;0;467;0;0;1;466;263;45;48;6;55;13;19;6;8;1;2;0;467;229;57;47;11;53;23;14;0;10;4;2;1;6;0;0;0;10;
09576142;Rohr;245;095761420012;BRIEFWAHLBEZIRK;Gemeindehaus Rohr Raum "Konvent";0012;;;N;0;0;0;0;353;0;353;0;0;0;353;164;38;41;8;55;15;24;7;0;0;1;0;353;145;31;50;9;55;14;23;6;7;1;0;0;1;0;0;0;11;
09576142;Rohr;245;095761420013;BRIEFWAHLBEZIRK;Feuerwehrhaus Rohr - Schulungsraum;0013;;;N;0;0;0;0;464;0;464;0;0;2;462;256;43;30;4;60;37;25;2;4;0;1;3;461;210;45;41;12;65;35;21;2;4;4;0;1;3;0;0;0;18;
09576143;Roth;245;09576143;GEMEINDE;Roth;;;;N;18825;11575;7250;0;15555;8650;6905;20;0;103;15452;6779;2062;1499;372;2982;503;916;74;128;49;88;60;15495;5358;2262;1585;551;3264;420;988;70;163;77;31;11;72;11;3;24;605;
09576143;Roth;245;095761430001;STIMMBEZIRK;Seckendorff-Schloß / VHS, EG;0001;;;N;897;547;350;0;385;385;0;0;0;1;384;133;53;37;10;96;7;33;2;8;2;3;2;383;103;59;36;19;97;5;35;6;6;2;0;0;2;0;0;1;12;
09576143;Roth;245;095761430002;STIMMBEZIRK;Anton-Seitz-Mittelschule, EG, Zimmer 111;0002;;;N;1298;800;498;0;609;605;4;4;0;10;599;242;92;53;27;119;19;30;4;3;6;4;3;606;207;86;64;31;127;11;33;1;6;3;0;2;2;1;2;2;28;
09576143;Roth;245;095761430003;STIMMBEZIRK;Anton-Seitz-Mittelschule, EG, Zimmer 112;0003;;;N;1228;797;431;0;583;582;1;1;0;5;578;250;95;52;12;108;15;36;3;3;2;2;3;580;199;94;60;20;119;13;35;1;5;3;0;0;4;0;0;0;27;
09576143;Roth;245;095761430004;STIMMBEZIRK;Grundschule Gartenstraße, Aula;0004;;;N;874;532;342;0;330;328;2;2;0;2;328;148;43;36;9;65;8;15;1;1;0;2;2;328;115;47;39;19;70;6;15;4;1;0;0;0;0;1;0;0;11;
09576143;Roth;245;095761430005;STIMMBEZIRK;Gymnasium, EG links, Zimmer 126;0005;;;N;1138;675;463;0;533;533;0;0;0;6;527;220;65;40;11;134;13;30;4;4;0;6;4;529;163;71;47;20;148;9;32;1;5;2;3;0;3;0;0;0;25;
09576143;Roth;245;095761430006;STIMMBEZIRK;Gymnasium, EG links, Zimmer 127;0006;;;N;1195;710;485;0;512;510;2;2;0;4;508;183;72;51;8;123;20;40;3;5;2;1;1;511;141;78;47;12;133;17;51;1;7;1;0;0;1;1;0;1;20;
09576143;Roth;245;095761430007;STIMMBEZIRK;Grundschule Kupferplatte, EG, Zimmer 5.1;0007;;;N;1517;999;518;0;706;704;2;2;0;4;702;212;80;63;17;241;16;52;3;12;3;3;1;705;153;88;60;22;251;9;66;2;8;2;2;2;9;0;0;1;30;
09576143;Roth;245;095761430008;STIMMBEZIRK;Grundschule Kupferplatte, EG, Zimmer 5.2;0008;;;N;1381;892;489;0;629;629;0;0;0;5;624;222;79;41;15;195;15;51;2;1;1;2;3;626;174;72;42;25;208;11;45;2;7;3;0;0;0;0;0;1;36;
09576143;Roth;245;095761430009;STIMMBEZIRK;Bürgertreff im Zeughausstüberl, EG;0009;;;N;888;502;386;0;305;305;0;0;0;2;303;110;42;24;15;72;8;28;1;1;1;1;2;303;86;53;24;15;73;6;27;0;1;4;1;0;0;0;0;1;12;
09576143;Roth;245;095761430010;STIMMBEZIRK;Städtischer Bauhof, OG links, Aufenthaltsraum;0010;;;N;509;327;182;0;194;194;0;0;0;0;194;68;26;19;9;40;3;21;3;4;0;1;3;191;45;24;20;8;45;6;19;0;3;5;0;0;0;1;0;0;15;
09576143;Roth;245;095761430011;STIMMBEZIRK;Evangelischer Kindergarten Regenbogen;0011;;;N;837;577;260;0;453;453;0;0;0;2;451;179;81;49;8;95;10;24;0;2;2;1;1;452;129;84;55;14;102;10;33;2;2;3;0;0;0;0;0;1;17;
09576143;Roth;245;095761430012;STIMMBEZIRK;AWO-Kindergarten Lummerland Kiliansdorf;0012;;;N;520;321;199;0;259;259;0;0;0;3;256;104;32;24;4;63;9;16;0;1;0;3;2;257;85;35;22;13;66;4;13;0;0;3;0;0;1;1;0;0;14;
09576143;Roth;245;095761430013;STIMMBEZIRK;Evangelisches Gemeindehaus Rothaurach;0013;;;N;1310;709;601;0;554;552;2;2;0;2;552;229;68;48;13;146;10;25;5;4;1;3;1;553;168;74;49;21;165;14;30;2;6;2;2;0;2;0;0;1;17;
09576143;Roth;245;095761430014;STIMMBEZIRK;Mehrzweckhalle Pfaffenhofen, Foyer;0014;;;N;917;558;359;0;446;446;0;0;0;6;440;209;56;27;10;98;15;16;2;0;7;0;3;443;167;58;26;13;116;11;19;3;4;3;1;0;0;0;0;2;20;
09576143;Roth;245;095761430015;STIMMBEZIRK;Feuerwehrhaus Pruppach, Schulungsraum, OG;0015;;;N;467;288;179;0;236;235;1;1;0;0;236;108;24;13;6;65;10;7;1;2;0;0;1;235;87;26;17;7;73;7;8;1;0;2;1;0;2;1;0;0;3;
09576143;Roth;245;095761430016;STIMMBEZIRK;Schlosserei Modi Obersteinbach;0016;;;N;322;182;140;0;147;145;2;2;0;0;147;71;5;12;6;33;4;11;0;3;0;2;0;147;65;7;12;5;34;2;12;3;0;1;0;0;0;0;0;0;6;
09576143;Roth;245;095761430017;STIMMBEZIRK;Feuerwehrhaus Bernlohe, Schulungsraum, EG;0017;;;N;499;331;168;0;272;272;0;0;0;5;267;110;18;34;7;68;7;15;2;2;0;4;4;268;81;25;34;10;76;7;16;2;3;0;0;0;4;0;0;0;10;
09576143;Roth;245;095761430018;STIMMBEZIRK;Feuerwehrhaus Harrlach, Schulungsraum, EG;0018;;;N;116;92;24;0;83;83;0;0;0;0;83;43;5;5;3;21;2;2;1;1;0;0;0;83;42;7;4;1;19;0;6;1;0;0;0;1;0;0;0;0;2;
09576143;Roth;245;095761430019;STIMMBEZIRK;Feuerwehrhaus Heubühl, Schulungsraum, OG;0019;;;N;309;200;109;0;174;174;0;0;0;2;172;97;12;19;2;26;4;7;2;1;1;1;0;174;79;17;17;5;34;4;8;4;2;0;1;0;0;0;0;0;3;
09576143;Roth;245;095761430020;STIMMBEZIRK;Grundschule Eckersmühlen, Neubau, Zimmer G1;0020;;;N;1057;612;445;0;483;481;2;2;0;3;480;170;73;34;10;142;16;26;5;1;1;2;1;482;132;74;31;11;144;15;28;1;4;1;6;0;1;0;0;2;32;
09576143;Roth;245;095761430021;STIMMBEZIRK;Grundschule Eckersmühlen, Neubau, Mehrzweckraum;0021;;;N;1226;678;548;0;579;578;1;1;0;1;578;237;83;62;16;104;26;42;0;5;0;3;0;579;184;89;62;19;119;15;58;2;6;4;0;1;5;0;0;1;14;
09576143;Roth;245;095761430022;STIMMBEZIRK;Gemeinschaftshaus Wallesau, EG, Saal - Neue Mitte;0022;;;N;114;91;23;0;80;80;0;0;0;0;80;38;5;3;2;21;4;7;0;0;0;0;0;80;30;6;3;4;21;5;7;1;2;0;0;0;1;0;0;0;0;
09576143;Roth;245;095761430023;STIMMBEZIRK;Feuerwehrhaus Unterheckenhofen, Schulungsraum, OG;0023;;;N;206;155;51;0;118;117;1;1;0;2;116;59;14;9;0;25;2;6;0;1;0;0;2;116;44;20;10;2;24;3;5;0;2;1;2;0;0;0;0;0;3;
09576143;Roth;245;095761430031;BRIEFWAHLBEZIRK;Briefwahlbezirk - Schloss Ratibor;0031;;;N;0;0;0;0;499;0;499;0;0;2;497;231;84;51;10;63;19;23;2;6;3;5;4;495;191;83;58;15;74;14;28;1;1;5;0;0;2;1;0;1;21;
09576143;Roth;245;095761430032;BRIEFWAHLBEZIRK;Briefwahlbezirk - Schloss Ratibor;0032;;;N;0;0;0;0;495;0;495;0;0;1;494;240;65;63;9;57;23;27;2;5;0;3;1;494;184;75;58;20;71;20;30;3;6;3;1;2;3;1;0;2;15;
09576143;Roth;245;095761430033;BRIEFWAHLBEZIRK;Briefwahlbezirk - Schloss Ratibor;0033;;;N;0;0;0;0;496;0;496;0;0;5;491;268;69;36;2;58;24;30;1;1;0;2;2;494;206;79;41;17;69;22;25;4;10;0;0;0;1;0;0;0;20;
09576143;Roth;245;095761430034;BRIEFWAHLBEZIRK;Briefwahlbezirk - Schloss Ratibor;0034;;;N;0;0;0;0;499;0;499;0;0;2;497;252;63;49;11;66;21;26;0;5;1;3;0;499;196;78;55;16;77;24;25;0;5;3;0;0;2;1;0;1;16;
09576143;Roth;245;095761430035;BRIEFWAHLBEZIRK;Briefwahlbezirk - Schloss Ratibor;0035;;;N;0;0;0;0;491;0;491;0;0;1;490;222;65;61;12;66;27;28;1;2;2;4;0;491;185;74;59;12;80;18;30;5;5;1;1;0;4;0;0;0;17;
09576143;Roth;245;095761430036;BRIEFWAHLBEZIRK;Briefwahlbezirk - Schloss Ratibor;0036;;;N;0;0;0;0;491;0;491;0;0;2;489;240;75;54;12;66;15;17;4;4;1;1;0;491;193;86;53;23;75;13;21;2;4;1;3;0;3;0;1;0;13;
09576143;Roth;245;095761430037;BRIEFWAHLBEZIRK;Briefwahlbezirk - Schloss Ratibor;0037;;;N;0;0;0;0;481;0;481;0;0;2;479;229;56;56;13;63;13;32;5;8;0;4;4;477;196;68;66;14;67;13;25;2;3;4;3;0;3;0;0;0;13;
09576143;Roth;245;095761430038;BRIEFWAHLBEZIRK;Briefwahlbezirk - Schloss Ratibor;0038;;;N;0;0;0;0;490;0;490;0;0;4;486;232;70;57;9;63;14;32;2;3;2;2;0;490;193;78;51;15;72;11;35;3;3;2;1;2;2;0;0;1;21;
09576143;Roth;245;095761430039;BRIEFWAHLBEZIRK;Briefwahlbezirk - Rathaus;0039;;;N;0;0;0;0;480;0;480;0;0;3;477;218;69;52;12;70;20;24;3;4;2;3;0;480;171;80;58;18;76;18;25;3;7;4;0;0;3;0;0;1;16;
09576143;Roth;245;095761430040;BRIEFWAHLBEZIRK;Briefwahlbezirk - Rathaus;0040;;;N;0;0;0;0;503;0;503;0;0;2;501;252;68;53;9;64;19;23;4;4;2;3;2;501;210;72;65;18;66;11;29;2;6;3;1;1;1;1;0;3;12;
09576143;Roth;245;095761430041;BRIEFWAHLBEZIRK;Briefwahlbezirk - Rathaus;0041;;;N;0;0;0;0;495;0;495;0;0;2;493;236;68;63;11;65;17;21;1;6;2;3;1;494;191;78;70;14;71;20;23;0;7;1;0;0;2;0;0;0;17;
09576143;Roth;245;095761430042;BRIEFWAHLBEZIRK;Briefwahlbezirk - Stadtbauamt;0042;;;N;0;0;0;0;493;0;493;0;0;3;490;259;56;48;12;62;18;24;1;5;3;2;3;490;201;71;49;17;67;20;24;2;12;3;2;0;1;0;0;1;20;
09576143;Roth;245;095761430043;BRIEFWAHLBEZIRK;Briefwahlbezirk - Seckendorff-Schloß / VHS;0043;;;N;0;0;0;0;481;0;481;0;0;4;477;218;70;49;12;64;18;32;2;6;1;5;3;478;165;80;63;15;74;13;26;2;9;2;0;0;5;0;0;0;24;
09576143;Roth;245;095761430044;BRIEFWAHLBEZIRK;Briefwahlbezirk - Seckendorff-Schloß / VHS;0044;;;N;0;0;0;0;491;0;491;0;0;5;486;240;61;52;18;55;12;37;2;4;1;4;1;490;197;66;58;21;61;13;41;1;5;0;0;0;3;1;0;0;23;
09576147;Spalt;245;09576147;GEMEINDE;Spalt;;;;N;4055;2249;1806;0;3569;1806;1763;1;0;26;3543;1774;330;336;70;671;185;121;15;23;9;9;21;3548;1493;357;332;105;734;220;137;16;35;14;6;3;17;2;0;2;75;
09576147;Spalt;245;095761470001;STIMMBEZIRK;Spalt;1;;;N;732;382;350;0;300;300;0;0;0;3;297;112;29;37;8;80;15;12;0;4;0;0;2;298;84;33;35;11;84;15;11;6;1;5;0;0;2;1;0;0;10;
09576147;Spalt;245;095761470002;STIMMBEZIRK;Spalt;2;;;N;644;340;304;0;275;275;0;0;0;4;271;115;26;26;4;68;16;10;3;1;1;1;0;275;104;29;26;10;70;15;14;0;2;1;0;0;1;0;0;0;3;
09576147;Spalt;245;095761470003;STIMMBEZIRK;Spalt;3;;;N;661;330;331;0;261;261;0;0;0;1;260;121;29;21;5;65;3;9;2;2;1;2;2;259;96;26;27;11;72;8;8;0;2;1;2;1;2;0;0;1;2;
09576147;Spalt;245;095761470004;STIMMBEZIRK;Spalt - Großweingarten;4;;;N;623;369;254;0;314;313;1;1;0;3;311;178;30;32;3;38;20;5;3;2;0;0;3;311;152;33;34;5;46;18;13;0;2;0;1;0;2;0;0;0;5;
09576147;Spalt;245;095761470005;STIMMBEZIRK;Spalt - Ortsteile;5;;;N;658;364;294;0;255;255;0;0;0;1;254;112;30;24;5;63;12;7;0;0;0;1;2;253;90;26;28;11;67;15;10;0;3;0;0;0;0;0;0;0;3;
09576147;Spalt;245;095761470006;STIMMBEZIRK;Spalt - Enderndorf am See;6;;;N;274;164;110;0;135;135;0;0;0;0;135;73;6;0;8;32;10;4;0;1;1;0;0;135;61;8;2;8;33;11;2;1;2;0;0;0;0;0;0;0;7;
09576147;Spalt;245;095761470007;STIMMBEZIRK;Spalt - Wernfels;7;;;N;463;300;163;0;267;267;0;0;0;4;263;132;20;22;5;58;7;12;1;3;3;0;3;264;121;25;20;6;64;10;6;4;0;0;0;0;1;1;0;0;6;
09576147;Spalt;245;095761470011;BRIEFWAHLBEZIRK;Briefwahlbezirk 11;11;;;N;0;0;0;0;295;0;295;0;0;1;294;156;32;29;4;55;9;8;0;0;0;1;1;294;124;39;26;9;61;15;7;0;2;2;0;0;1;0;0;1;7;
09576147;Spalt;245;095761470012;BRIEFWAHLBEZIRK;Briefwahlbezirk 12;12;;;N;0;0;0;0;290;0;290;0;0;3;287;147;21;30;3;57;18;6;1;0;2;2;4;286;125;30;24;3;59;18;10;1;4;0;1;0;0;0;0;0;11;
09576147;Spalt;245;095761470013;BRIEFWAHLBEZIRK;Briefwahlbezirk 13;13;;;N;0;0;0;0;292;0;292;0;0;1;291;149;24;34;7;32;25;14;1;5;0;0;1;291;116;24;36;9;39;32;16;1;7;2;0;2;4;0;0;0;3;
09576147;Spalt;245;095761470014;BRIEFWAHLBEZIRK;Briefwahlbezirk 14;14;;;N;0;0;0;0;300;0;300;0;0;1;299;163;28;25;8;50;16;5;1;2;1;0;0;300;141;32;20;12;54;18;14;1;1;3;0;0;2;0;0;0;2;
09576147;Spalt;245;095761470015;BRIEFWAHLBEZIRK;Briefwahlbezirk 15;15;;;N;0;0;0;0;298;0;298;0;0;3;295;177;29;19;5;41;9;12;1;1;0;1;3;295;162;28;19;5;46;17;8;0;6;0;0;0;0;0;0;0;4;
09576147;Spalt;245;095761470016;BRIEFWAHLBEZIRK;Briefwahlbezirk 16;16;;;N;0;0;0;0;287;0;287;0;0;1;286;139;26;37;5;32;25;17;2;2;0;1;0;287;117;24;35;5;39;28;18;2;3;0;2;0;2;0;0;0;12;
09576148;Thalmässing;245;09576148;GEMEINDE;Thalmässing;;;;N;4140;2199;1941;0;3656;1774;1882;4;0;16;3640;1699;302;303;71;729;341;118;33;19;10;15;15;3641;1460;377;300;126;800;266;134;7;18;16;17;4;10;2;1;3;100;
09576148;Thalmässing;245;095761480001;STIMMBEZIRK;Stimmbezirk 1 Thalmässing Oberdorf und Berg;1;;;N;1061;461;600;0;382;382;0;0;0;0;382;164;30;35;10;82;38;14;4;3;1;1;2;380;134;41;36;16;98;23;17;0;3;0;5;0;0;0;0;1;6;
09576148;Thalmässing;245;095761480002;STIMMBEZIRK;Stimmbezirk 2 Unterdorf mit Landeck;2;;;N;1136;582;554;0;439;439;0;0;0;2;437;196;42;32;12;105;29;17;1;1;1;1;3;436;169;47;32;22;106;20;22;2;1;4;0;1;0;0;0;1;9;
09576148;Thalmässing;245;095761480003;STIMMBEZIRK;Stimmbezirk 3 Alfershausen Kolbenhof Rabenreuth Tiefenbach Stetten;3;;;N;431;250;181;0;207;207;0;0;0;1;206;104;12;8;3;47;15;9;4;1;2;1;1;206;91;12;11;9;57;10;6;0;2;0;3;0;0;0;0;0;5;
09576148;Thalmässing;245;095761480004;STIMMBEZIRK;Stimmbezirk 4 Eysölden Stauf Steindl;4;;;N;792;491;301;0;413;409;4;4;0;2;411;200;34;34;4;93;21;15;6;1;2;1;2;411;175;38;35;10;99;16;19;2;0;1;0;2;0;1;0;0;13;
09576148;Thalmässing;245;095761480005;STIMMBEZIRK;Stimmbezirk 5 Offenbau Lohen Graßhöfe Dixenhausen Schwimbach Kammühle;5;;;N;548;298;250;0;235;235;0;0;0;1;234;111;14;9;4;71;16;8;1;0;0;0;1;234;89;21;11;6;78;9;10;1;1;3;0;1;0;0;0;0;4;
09576148;Thalmässing;245;095761480006;STIMMBEZIRK;Stimmbezirk 6 Pyras;6;;;N;172;117;55;0;102;102;0;0;0;0;102;50;6;11;0;30;3;0;0;1;1;0;0;102;45;6;12;0;34;3;0;0;0;0;0;0;0;0;0;0;2;
09576148;Thalmässing;245;095761480011;BRIEFWAHLBEZIRK;Briefwahl 11;11;;;N;0;0;0;0;754;0;754;0;0;4;750;365;53;66;18;115;86;28;6;8;1;4;2;752;316;67;65;25;129;83;23;1;4;2;1;0;8;0;1;1;26;
09576148;Thalmässing;245;095761480012;BRIEFWAHLBEZIRK;Briefwahl 12;12;;;N;0;0;0;0;593;0;593;0;0;6;587;259;59;73;12;90;65;18;6;0;0;5;4;589;221;84;69;22;102;43;21;0;4;4;1;0;0;1;0;0;17;
09576148;Thalmässing;245;095761480014;BRIEFWAHLBEZIRK;Briefwahl 14;14;;;N;0;0;0;0;531;0;531;0;0;0;531;250;52;35;8;96;68;9;5;4;2;2;0;531;220;61;29;16;97;59;16;1;3;2;7;0;2;0;0;0;18;
09576151;Wendelstein;245;09576151;GEMEINDE;Wendelstein;;;;N;12457;7286;5171;0;10796;5802;4994;6;0;58;10738;4690;1532;1346;339;1760;277;540;79;103;33;39;35;10761;4067;1615;1284;482;1860;244;525;28;110;48;35;8;65;5;2;12;371;
09576151;Wendelstein;245;095761510001;STIMMBEZIRK;MS Wendelstein;0001;;;N;1954;1059;895;0;786;784;2;2;0;3;783;268;111;116;24;173;20;50;7;9;3;2;4;782;228;112;101;22;192;14;54;4;8;4;4;0;4;0;0;1;34;
09576151;Wendelstein;245;095761510002;STIMMBEZIRK;MS Wendelstein;0002;;;N;2113;1181;932;0;916;916;0;0;0;1;915;349;151;129;37;172;18;45;3;8;3;0;2;914;301;159;123;40;173;13;52;0;5;3;1;1;7;0;0;0;36;
09576151;Wendelstein;245;095761510003;STIMMBEZIRK;MS Wendelstein;0003;;;N;1906;1067;839;0;870;870;0;0;0;7;863;352;117;103;24;191;21;41;2;6;4;2;6;864;298;113;108;47;189;18;46;1;7;7;1;0;5;3;0;1;20;
09576151;Wendelstein;245;095761510004;STIMMBEZIRK;Waldhalle Großschwarzenlohe;0004;;;N;2617;1654;963;0;1333;1333;0;0;0;5;1328;527;197;130;49;282;29;77;12;11;3;11;2;1331;460;189;128;68;290;22;70;4;14;8;9;1;10;0;0;2;56;
09576151;Wendelstein;245;095761510005;STIMMBEZIRK;GS Kleinschwarzenlohe;0005;;;N;1886;1148;738;0;926;925;1;1;0;9;917;423;105;81;19;201;22;50;3;8;4;1;4;922;358;114;69;43;218;14;45;4;10;3;0;1;4;1;0;1;37;
09576151;Wendelstein;245;095761510006;STIMMBEZIRK;GS Röthenbach;0006;;;N;1981;1177;804;0;977;974;3;3;0;8;969;393;117;135;40;184;20;50;12;7;4;7;4;973;339;128;123;54;188;17;53;2;15;3;5;1;3;0;1;1;40;
09576151;Wendelstein;245;095761510021;BRIEFWAHLBEZIRK;BW MS Wendelstein;0021;;;N;0;0;0;0;433;0;433;0;0;2;431;186;64;60;19;55;8;19;4;9;6;1;3;430;170;74;62;17;55;5;16;3;7;2;1;1;3;0;0;3;11;
09576151;Wendelstein;245;095761510022;BRIEFWAHLBEZIRK;BW MS Wendelstein;0022;;;N;0;0;0;0;428;0;428;0;0;2;426;184;65;72;13;41;19;25;3;2;1;1;1;427;164;66;64;16;44;17;22;2;4;3;1;0;1;0;0;1;22;
09576151;Wendelstein;245;095761510023;BRIEFWAHLBEZIRK;BW MS Wendelstein;0023;;;N;0;0;0;0;452;0;452;0;0;2;450;214;92;67;9;35;11;10;4;4;1;3;0;452;191;103;60;13;45;11;6;1;5;0;3;0;4;0;0;1;9;
09576151;Wendelstein;245;095761510024;BRIEFWAHLBEZIRK;BW MS Wendelstein;0024;;;N;0;0;0;0;446;0;446;0;0;3;443;195;77;69;14;52;5;25;3;2;0;1;4;442;170;84;71;13;50;6;27;1;6;1;1;0;3;0;0;1;8;
09576151;Wendelstein;245;095761510025;BRIEFWAHLBEZIRK;BW Mensa Wendelstein;0025;;;N;0;0;0;0;397;0;397;0;0;4;393;221;64;40;5;34;6;17;1;4;1;0;2;395;198;65;44;17;38;7;12;0;1;1;1;0;3;0;0;0;8;
09576151;Wendelstein;245;095761510026;BRIEFWAHLBEZIRK;BW Zeichensaal Wendelstein;0026;;;N;0;0;0;0;403;0;403;0;0;2;401;208;57;45;12;48;15;11;0;3;0;2;0;403;174;65;41;22;49;18;9;2;6;1;0;1;1;0;0;0;14;
09576151;Wendelstein;245;095761510027;BRIEFWAHLBEZIRK;BW GS Großschwarzenlohe;0027;;;N;0;0;0;0;472;0;472;0;0;3;469;216;61;51;16;61;22;26;7;6;0;3;2;470;185;69;46;19;73;19;24;1;5;2;1;0;5;0;1;0;20;
09576151;Wendelstein;245;095761510028;BRIEFWAHLBEZIRK;BW GS Großschwarzenlohe;0028;;;N;0;0;0;0;467;0;467;0;0;1;466;228;46;76;17;56;9;28;2;1;0;3;0;467;207;53;69;18;60;12;30;0;3;2;0;0;2;1;0;0;10;
09576151;Wendelstein;245;095761510029;BRIEFWAHLBEZIRK;BW Rangauhalle Kleinschwarzenlohe;0029;;;N;0;0;0;0;354;0;354;0;0;0;354;184;55;32;4;44;15;11;6;2;0;1;0;354;160;53;32;19;52;11;6;1;5;1;3;1;0;0;0;0;10;
09576151;Wendelstein;245;095761510030;BRIEFWAHLBEZIRK;BW Rangauhalle Kleinschwarzenlohe;0030;;;N;0;0;0;0;352;0;352;0;0;3;349;160;53;32;11;54;13;20;3;3;0;0;1;351;130;49;40;15;59;16;20;0;2;4;1;1;2;0;0;0;12;
09576151;Wendelstein;245;095761510031;BRIEFWAHLBEZIRK;BW Schwarzachhalle Röthenbach;0031;;;N;0;0;0;0;391;0;391;0;0;1;390;192;48;55;11;39;12;18;4;9;1;1;0;391;170;56;46;20;45;10;19;2;3;3;1;0;6;0;0;0;10;
09576151;Wendelstein;245;095761510032;BRIEFWAHLBEZIRK;BW Schwarzachhalle Röthenbach;0032;;;N;0;0;0;0;393;0;393;0;0;2;391;190;52;53;15;38;12;17;3;9;2;0;0;393;164;63;57;19;40;14;14;0;4;0;2;0;2;0;0;0;14;
