Bezirk;Wahlkreis;Stadtteil;Erfassungsgebietsnummer;Erfassungsgebietsart;Ausgezaehlt abweichend Gebiet;Ausgezaehlt abweichend AGS;Ausbleibend;Wahlberechtigte gesamt (A);Wahlberechtigte ohne Wahlschein (A1);Wahlberechtigte mit Wahlschein (A2);Wahlberechtigte nicht im WVZ (A3);Waehler gesamt (B);Waehler mit Wahlschein (B1);Waehler ohne Wahlschein (B2);Stimmzettel gesamt (B3);Stimmzettel ungueltig (C1);Stimmzettel gueltig (C2);Stimmen gueltige (D);D1;D1_1;D1_2;D1_3;D1_4;D1_5;D1_6;D1_7;D1_8;D1_9;D1_10;D2;D2_1;D2_2;D2_3;D2_4;D2_5;D2_6;D2_7;D2_8;D2_9;D2_10;D3;D3_1;D3_2;D3_3;D3_4;D3_5;D3_6;D3_7;D3_8;D3_9;D3_10;D4;D4_1;D4_2;D4_3;D4_4;D4_5;D4_6;D4_7;D4_8;D4_9;D4_10;D5;D5_1;D5_2;D5_3;D5_4;D5_5;D5_6;D5_7;D5_8;D5_9;D5_10;D6;D6_1;D6_2;D6_3;D6_4;D7;D7_1;D7_2;D7_3;D8;D8_1;D8_2;D9;D9_1;D10;D10_1;D11;D11_1;
Bezirk Hamburg-Mitte;Wahlkreis 1 - Hamburg-Mitte;Hamburg-Altstadt/Neuwerk;10101;STIMMBEZIRK;;;N;633;399;234;0;200;5;195;200;2;198;975;242;57;69;26;6;13;13;21;11;18;8;208;44;20;27;7;16;8;12;59;10;5;36;11;11;7;5;0;0;1;1;;;31;8;6;10;5;2;;;;;;4;0;0;0;1;1;0;0;1;0;1;236;99;73;32;32;142;96;46;;76;34;42;;;;;;;
Bezirk Hamburg-Mitte;Wahlkreis 1 - Hamburg-Mitte;Hamburg-Altstadt/Neuwerk;10201;STIMMBEZIRK;;;N;1092;653;439;0;361;7;354;361;3;358;1778;383;135;126;23;25;8;15;10;13;9;19;342;119;29;43;12;14;21;24;67;6;7;128;32;24;8;3;4;44;11;2;;;96;31;4;42;7;12;;;;;;11;3;5;1;1;1;0;0;0;0;0;275;103;71;65;36;385;252;133;;158;66;92;;;;;;;
Bezirk Hamburg-Mitte;Wahlkreis 1 - Hamburg-Mitte;Hamburg-Altstadt/Neuwerk;14201;STIMMBEZIRK;;;N;15;2;13;0;0;0;0;0;0;0;0;0;0;0;0;0;0;0;0;0;0;0;0;0;0;0;0;0;0;0;0;0;0;0;0;0;0;0;0;0;0;0;;;0;0;0;0;0;0;;;;;;0;0;0;0;0;0;0;0;0;0;0;0;0;0;0;0;0;0;0;;0;0;0;;;;;;;
Bezirk Hamburg-Mitte;Wahlkreis 1 - Hamburg-Mitte;Hamburg-Altstadt/Neuwerk;15001;STIMMBEZIRK;;;N;14;14;0;0;0;0;0;0;0;0;0;0;0;0;0;0;0;0;0;0;0;0;0;0;0;0;0;0;0;0;0;0;0;0;0;0;0;0;0;0;0;0;;;0;0;0;0;0;0;;;;;;0;0;0;0;0;0;0;0;0;0;0;0;0;0;0;0;0;0;0;;0;0;0;;;;;;;
Bezirk Hamburg-Mitte;Wahlkreis 1 - Hamburg-Mitte;Hamburg-Altstadt/Neuwerk;1019901;BRIEFWAHLBEZIRK;;;N;0;0;0;0;632;632;0;632;4;628;3129;677;163;202;42;72;46;31;37;33;24;27;698;191;48;81;31;28;57;51;166;34;11;267;32;69;28;14;6;91;24;3;;;170;64;14;37;16;39;;;;;;41;7;17;3;7;0;0;0;0;7;0;484;111;186;120;67;655;405;250;;137;51;86;;;;;;;
Bezirk Hamburg-Mitte;Wahlkreis 1 - Hamburg-Mitte;HafenCity;10301;STIMMBEZIRK;;;N;838;530;308;0;317;4;313;317;3;314;1565;295;94;79;14;19;12;17;20;16;7;17;514;241;33;65;7;11;10;118;13;13;3;101;3;18;1;1;1;74;3;0;;;55;20;5;13;12;5;;;;;;2;0;0;0;2;0;0;0;0;0;0;116;52;29;23;12;396;263;133;;86;28;58;;;;;;;
Bezirk Hamburg-Mitte;Wahlkreis 1 - Hamburg-Mitte;HafenCity;10302;STIMMBEZIRK;;;N;1414;868;546;0;599;16;583;598;4;594;2956;725;250;241;36;60;16;21;16;22;26;37;891;361;85;58;12;13;22;232;61;31;16;200;35;47;13;2;1;98;2;2;;;126;31;16;32;27;20;;;;;;14;5;3;1;2;0;0;0;0;3;0;175;57;72;18;28;626;378;248;;199;62;137;;;;;;;
Bezirk Hamburg-Mitte;Wahlkreis 1 - Hamburg-Mitte;HafenCity;10401;STIMMBEZIRK;;;N;842;552;290;0;417;7;410;417;3;414;2060;440;147;158;14;24;14;23;19;8;16;17;449;124;29;32;6;14;19;179;27;10;9;129;11;40;12;8;0;57;0;1;;;108;62;11;18;10;7;;;;;;6;1;0;2;2;1;0;0;0;0;0;273;150;84;27;12;537;342;195;;118;52;66;;;;;;;
Bezirk Hamburg-Mitte;Wahlkreis 1 - Hamburg-Mitte;HafenCity;10402;STIMMBEZIRK;;;N;1341;990;351;0;541;14;527;541;7;534;2648;661;232;216;38;42;37;19;15;17;16;29;404;176;16;31;4;10;20;128;12;2;5;124;24;58;8;2;1;28;2;1;;;85;22;7;36;6;14;;;;;;20;6;2;1;2;6;1;0;0;0;2;465;150;151;95;69;779;522;257;;110;36;74;;;;;;;
Bezirk Hamburg-Mitte;Wahlkreis 1 - Hamburg-Mitte;HafenCity;10403;STIMMBEZIRK;;;N;996;727;269;0;446;2;444;446;4;442;2188;622;170;242;30;49;21;16;25;16;16;37;359;129;30;45;5;7;24;93;14;11;1;67;12;15;3;10;2;21;3;1;;;64;24;8;8;12;12;;;;;;17;3;1;0;4;1;5;0;0;2;1;361;135;120;58;48;554;313;241;;144;61;83;;;;;;;
Bezirk Hamburg-Mitte;Wahlkreis 1 - Hamburg-Mitte;HafenCity;1039901;BRIEFWAHLBEZIRK;;;N;0;0;0;0;489;489;0;489;4;485;2420;548;188;141;31;56;35;14;30;23;16;14;625;250;42;41;23;21;17;172;32;17;10;172;29;59;5;0;2;71;3;3;;;156;74;12;31;14;25;;;;;;23;5;10;0;8;0;0;0;0;0;0;154;63;48;35;8;581;309;272;;161;49;112;;;;;;;
Bezirk Hamburg-Mitte;Wahlkreis 1 - Hamburg-Mitte;HafenCity;1039902;BRIEFWAHLBEZIRK;;;N;0;0;0;0;554;554;0;551;1;550;2733;638;201;162;25;50;21;44;37;21;29;48;733;305;48;58;30;22;15;186;33;24;12;246;61;53;23;7;0;94;6;2;;;159;87;11;29;17;15;;;;;;8;2;0;0;0;5;0;0;0;1;0;228;100;58;45;25;628;340;288;;93;56;37;;;;;;;
Bezirk Hamburg-Mitte;Wahlkreis 1 - Hamburg-Mitte;HafenCity;1039903;BRIEFWAHLBEZIRK;;;N;0;0;0;0;555;555;0;555;1;554;2767;641;235;191;23;43;23;36;21;20;20;29;672;256;64;70;16;14;37;158;36;12;9;207;21;84;16;5;2;76;2;1;;;200;73;18;48;22;39;;;;;;14;1;2;5;0;1;0;1;1;2;1;301;92;105;62;42;626;370;256;;106;22;84;;;;;;;
Bezirk Hamburg-Mitte;Wahlkreis 1 - Hamburg-Mitte;Neustadt;10501;STIMMBEZIRK;;;N;956;626;330;0;412;9;403;410;6;404;2006;582;126;294;22;22;19;28;25;12;23;11;213;75;36;32;6;19;6;18;5;13;3;45;14;6;6;1;2;8;7;1;;;111;42;6;35;10;18;;;;;;11;1;3;0;2;0;0;0;0;0;5;490;148;196;107;39;419;295;124;;135;84;51;;;;;;;
Bezirk Hamburg-Mitte;Wahlkreis 1 - Hamburg-Mitte;Neustadt;10502;STIMMBEZIRK;;;N;760;477;283;0;291;3;288;291;3;288;1435;300;85;123;7;18;1;7;27;10;11;11;189;55;38;32;3;15;12;5;5;20;4;55;30;7;1;2;0;8;6;1;;;45;13;2;21;3;6;;;;;;5;3;1;0;1;0;0;0;0;0;0;408;91;183;94;40;387;228;159;;46;31;15;;;;;;;
Bezirk Hamburg-Mitte;Wahlkreis 1 - Hamburg-Mitte;Neustadt;10504;STIMMBEZIRK;;;N;883;528;355;0;355;0;355;335;2;333;1643;443;122;202;12;21;14;11;32;7;11;11;216;90;24;43;2;4;10;13;11;13;6;22;8;2;7;1;0;1;0;3;;;52;17;5;16;6;8;;;;;;16;4;0;5;1;3;0;0;0;3;0;387;142;131;81;33;407;269;138;;100;57;43;;;;;;;
Bezirk Hamburg-Mitte;Wahlkreis 1 - Hamburg-Mitte;Neustadt;10601;STIMMBEZIRK;;;N;835;532;303;0;275;1;274;275;2;273;1344;289;43;150;13;14;8;1;28;5;7;20;106;37;6;28;3;2;3;5;10;11;1;40;20;7;0;5;0;8;0;0;;;94;27;13;27;13;14;;;;;;10;3;1;1;4;1;0;0;0;0;0;345;102;127;72;44;414;250;164;;46;21;25;;;;;;;
Bezirk Hamburg-Mitte;Wahlkreis 1 - Hamburg-Mitte;Neustadt;10602;STIMMBEZIRK;;;N;1223;815;408;0;523;5;518;523;3;520;2588;740;156;393;26;38;20;15;39;11;15;27;412;143;54;102;13;8;11;20;31;14;16;77;23;15;9;4;4;21;0;1;;;111;27;8;38;17;21;;;;;;15;7;0;1;6;0;0;0;0;1;0;378;86;148;88;56;690;414;276;;165;87;78;;;;;;;
Bezirk Hamburg-Mitte;Wahlkreis 1 - Hamburg-Mitte;Neustadt;10603;STIMMBEZIRK;;;N;1147;812;335;0;461;5;456;461;12;449;2222;716;126;357;40;45;13;17;42;22;32;22;381;164;26;92;27;9;10;10;14;25;4;52;20;12;3;2;0;6;4;5;;;71;41;6;19;3;2;;;;;;23;15;2;4;0;0;0;1;0;0;1;460;108;172;130;50;315;155;160;;204;122;82;;;;;;;
Bezirk Hamburg-Mitte;Wahlkreis 1 - Hamburg-Mitte;Neustadt;10701;STIMMBEZIRK;;;N;1152;742;410;0;508;3;505;508;7;501;2499;653;101;386;28;33;24;13;24;17;17;10;292;118;10;87;5;15;10;15;17;10;5;28;12;5;3;3;1;4;0;0;;;90;43;10;19;6;12;;;;;;49;30;2;2;1;0;1;1;11;0;1;689;227;219;180;63;574;343;231;;124;72;52;;;;;;;
Bezirk Hamburg-Mitte;Wahlkreis 1 - Hamburg-Mitte;Neustadt;10702;STIMMBEZIRK;;;N;1139;801;338;0;461;8;453;461;10;451;2221;512;142;208;17;33;15;15;22;8;24;28;375;168;53;69;15;11;14;20;10;13;2;52;14;12;4;2;4;10;1;5;;;84;31;12;20;8;13;;;;;;54;31;3;1;7;5;0;1;5;0;1;433;133;162;95;43;511;280;231;;200;101;99;;;;;;;
Bezirk Hamburg-Mitte;Wahlkreis 1 - Hamburg-Mitte;Neustadt;10801;STIMMBEZIRK;;;N;748;436;312;0;268;0;268;268;0;268;1323;302;89;118;9;23;11;17;7;3;7;18;252;95;41;50;6;7;16;11;14;6;6;87;12;15;16;5;9;23;7;0;;;109;54;4;30;9;12;;;;;;9;1;5;0;1;0;1;0;0;1;0;278;105;90;47;36;244;187;57;;42;35;7;;;;;;;
Bezirk Hamburg-Mitte;Wahlkreis 1 - Hamburg-Mitte;Neustadt;1059901;BRIEFWAHLBEZIRK;;;N;0;0;0;0;648;648;0;638;4;634;3166;848;164;438;35;37;27;24;46;25;34;18;528;179;71;134;35;9;25;22;25;26;2;127;39;24;14;12;3;21;8;6;;;193;79;15;49;17;33;;;;;;36;13;1;0;0;10;5;3;1;1;2;452;109;190;113;40;822;486;336;;160;86;74;;;;;;;
Bezirk Hamburg-Mitte;Wahlkreis 1 - Hamburg-Mitte;Neustadt;1059902;BRIEFWAHLBEZIRK;;;N;0;0;0;0;416;416;0;416;2;414;2064;605;82;314;23;46;28;19;46;20;17;10;298;83;36;70;15;14;28;17;15;16;4;68;24;21;7;9;0;6;1;0;;;105;44;7;24;6;24;;;;;;33;7;9;9;3;1;1;2;1;0;0;298;76;140;65;17;582;316;266;;75;47;28;;;;;;;
Bezirk Hamburg-Mitte;Wahlkreis 1 - Hamburg-Mitte;Neustadt;1059903;BRIEFWAHLBEZIRK;;;N;0;0;0;0;462;462;0;462;1;461;2294;548;94;251;33;61;21;6;33;24;15;10;420;128;51;92;29;18;24;20;26;25;7;115;34;34;11;3;2;27;3;1;;;147;43;26;35;21;22;;;;;;26;5;8;0;4;0;3;0;0;6;0;359;121;146;69;23;550;369;181;;129;26;103;;;;;;;
Bezirk Hamburg-Mitte;Wahlkreis 1 - Hamburg-Mitte;Neustadt;1059904;BRIEFWAHLBEZIRK;;;N;0;0;0;0;467;467;0;467;3;464;2318;504;79;238;23;44;19;9;26;29;19;18;300;114;24;80;6;15;21;6;10;15;9;124;30;32;6;8;1;31;10;6;;;214;88;21;61;12;32;;;;;;8;1;7;0;0;0;0;0;0;0;0;477;131;183;114;49;593;394;199;;98;38;60;;;;;;;
Bezirk Hamburg-Mitte;Wahlkreis 1 - Hamburg-Mitte;Neustadt;1059905;BRIEFWAHLBEZIRK;;;N;0;0;0;0;470;470;0;470;5;465;2314;431;128;173;13;35;15;18;9;7;12;21;374;126;49;81;16;16;25;14;13;27;7;91;19;36;11;4;3;11;6;1;;;174;63;20;46;16;29;;;;;;25;4;1;1;3;13;2;0;0;0;1;481;120;202;84;75;609;380;229;;129;74;55;;;;;;;
Bezirk Hamburg-Mitte;Wahlkreis 1 - Hamburg-Mitte;Neustadt;1059906;BRIEFWAHLBEZIRK;;;N;0;0;0;0;414;414;0;412;4;408;2040;487;102;243;12;19;9;26;10;27;20;19;226;81;19;53;9;14;10;14;12;6;8;58;12;19;2;3;5;13;3;1;;;166;64;20;47;14;21;;;;;;24;9;3;0;7;1;0;0;1;2;1;494;128;190;122;54;532;331;201;;53;30;23;;;;;;;
Bezirk Hamburg-Mitte;Wahlkreis 1 - Hamburg-Mitte;St. Pauli;10901;STIMMBEZIRK;;;N;800;579;221;0;365;9;356;365;5;360;1771;293;61;76;22;34;12;11;36;6;9;26;47;18;3;4;2;2;8;1;8;1;0;5;0;0;0;0;0;5;0;0;;;107;62;0;33;4;8;;;;;;53;30;11;5;2;4;0;1;0;0;0;788;256;311;144;77;430;269;161;;48;36;12;;;;;;;
Bezirk Hamburg-Mitte;Wahlkreis 1 - Hamburg-Mitte;St. Pauli;10902;STIMMBEZIRK;;;N;935;592;343;0;382;8;374;381;3;378;1883;267;61;44;13;16;12;16;60;11;26;8;78;43;6;5;4;1;7;6;1;5;0;23;2;6;6;1;1;5;2;0;;;52;19;5;15;5;8;;;;;;24;4;6;1;10;0;0;2;0;1;0;845;225;382;167;71;526;333;193;;68;39;29;;;;;;;
Bezirk Hamburg-Mitte;Wahlkreis 1 - Hamburg-Mitte;St. Pauli;10903;STIMMBEZIRK;;;N;976;645;331;0;402;7;395;402;7;395;1961;302;81;37;14;38;15;12;44;11;43;7;102;36;17;11;2;8;0;1;6;17;4;16;7;4;1;0;0;0;3;1;;;57;13;6;21;10;7;;;;;;40;21;5;0;13;0;1;0;0;0;0;912;238;355;222;97;482;277;205;;50;33;17;;;;;;;
Bezirk Hamburg-Mitte;Wahlkreis 1 - Hamburg-Mitte;St. Pauli;11001;STIMMBEZIRK;;;N;1257;873;384;0;486;3;483;486;7;479;2375;476;121;124;15;46;8;14;70;16;47;15;139;48;4;16;6;16;8;11;14;15;1;33;9;3;4;1;2;11;2;1;;;124;49;12;39;9;15;;;;;;35;13;3;3;12;1;0;1;0;1;1;946;260;396;200;90;511;314;197;;111;68;43;;;;;;;
Bezirk Hamburg-Mitte;Wahlkreis 1 - Hamburg-Mitte;St. Pauli;11002;STIMMBEZIRK;;;N;1086;756;330;0;464;7;457;464;4;460;2276;388;96;76;20;37;16;15;44;12;39;33;147;60;10;9;11;5;10;6;18;11;7;24;8;6;2;1;2;2;0;3;;;95;31;9;37;6;12;;;;;;29;10;6;2;7;1;1;2;0;0;0;975;278;406;202;89;516;291;225;;102;49;53;;;;;;;
Bezirk Hamburg-Mitte;Wahlkreis 1 - Hamburg-Mitte;St. Pauli;11003;STIMMBEZIRK;;;N;1247;862;385;0;527;15;512;526;3;523;2579;516;92;109;25;28;18;11;129;15;51;38;157;58;10;6;10;6;11;12;6;31;7;11;5;1;2;0;0;0;1;2;;;102;40;6;43;5;8;;;;;;53;20;7;3;8;6;0;0;3;0;6;1008;256;434;220;98;617;375;242;;115;57;58;;;;;;;
Bezirk Hamburg-Mitte;Wahlkreis 1 - Hamburg-Mitte;St. Pauli;11004;STIMMBEZIRK;;;N;1143;767;376;0;483;8;475;483;8;475;2364;350;76;65;15;26;23;13;65;17;41;9;91;28;14;3;11;4;6;5;7;13;0;24;6;4;0;0;0;12;1;1;;;90;34;7;39;5;5;;;;;;46;16;2;0;16;5;0;1;5;1;0;1061;252;450;269;90;632;336;296;;70;41;29;;;;;;;
Bezirk Hamburg-Mitte;Wahlkreis 1 - Hamburg-Mitte;St. Pauli;11101;STIMMBEZIRK;;;N;803;524;279;0;319;6;313;319;3;316;1568;275;53;73;7;25;6;13;71;5;18;4;83;16;16;4;11;1;7;3;6;19;0;30;10;9;3;1;2;3;2;0;;;60;34;3;13;4;6;;;;;;26;8;7;1;9;0;0;0;0;0;1;675;154;276;179;66;367;247;120;;52;23;29;;;;;;;
Bezirk Hamburg-Mitte;Wahlkreis 1 - Hamburg-Mitte;St. Pauli;11102;STIMMBEZIRK;;;N;881;580;301;0;352;10;342;351;2;349;1743;241;29;84;5;18;8;10;53;3;22;9;49;16;3;1;2;3;9;1;0;11;3;6;5;0;0;1;0;0;0;0;;;52;22;5;19;3;3;;;;;;39;11;1;1;19;1;3;0;0;1;2;910;203;423;198;86;386;234;152;;60;47;13;;;;;;;
Bezirk Hamburg-Mitte;Wahlkreis 1 - Hamburg-Mitte;St. Pauli;11103;STIMMBEZIRK;;;N;1191;785;406;0;414;10;404;414;6;408;2014;258;59;29;6;18;12;2;74;11;38;9;62;22;8;8;2;1;7;0;0;13;1;18;11;0;0;0;0;1;1;5;;;90;38;5;32;5;10;;;;;;164;92;4;4;50;8;5;0;0;0;1;972;264;412;203;93;406;287;119;;44;27;17;;;;;;;
Bezirk Hamburg-Mitte;Wahlkreis 1 - Hamburg-Mitte;St. Pauli;11104;STIMMBEZIRK;;;N;861;521;340;0;364;6;358;364;3;361;1802;277;49;51;8;23;4;13;67;7;46;9;87;37;3;5;1;7;0;1;0;33;0;7;4;1;0;1;0;1;0;0;;;80;29;6;25;6;14;;;;;;49;18;9;2;8;3;7;0;0;0;2;762;227;294;167;74;498;334;164;;42;30;12;;;;;;;
Bezirk Hamburg-Mitte;Wahlkreis 1 - Hamburg-Mitte;St. Pauli;11201;STIMMBEZIRK;;;N;926;645;281;0;320;7;313;319;2;317;1585;196;48;43;8;9;11;3;45;4;18;7;72;26;5;3;0;3;7;0;5;23;0;39;9;8;12;0;1;6;3;0;;;80;21;7;26;16;10;;;;;;48;13;6;2;25;0;0;0;0;2;0;850;231;325;213;81;223;140;83;;77;60;17;;;;;;;
Bezirk Hamburg-Mitte;Wahlkreis 1 - Hamburg-Mitte;St. Pauli;11202;STIMMBEZIRK;;;N;930;589;341;0;398;8;390;398;6;392;1934;491;96;139;12;23;9;20;116;7;52;17;189;78;19;13;10;3;15;10;6;32;3;10;1;5;2;0;0;0;1;1;;;105;29;3;61;2;10;;;;;;24;8;1;1;3;7;1;1;0;1;1;498;124;231;110;33;518;308;210;;99;61;38;;;;;;;
Bezirk Hamburg-Mitte;Wahlkreis 1 - Hamburg-Mitte;St. Pauli;11203;STIMMBEZIRK;;;N;934;612;322;0;394;5;389;394;5;389;1939;210;44;34;15;14;8;14;45;6;20;10;96;40;7;4;5;2;13;4;7;13;1;28;9;2;1;3;5;6;1;1;;;70;22;1;33;3;11;;;;;;89;57;2;1;26;0;0;0;1;2;0;988;281;427;209;71;391;246;145;;67;38;29;;;;;;;
Bezirk Hamburg-Mitte;Wahlkreis 1 - Hamburg-Mitte;St. Pauli;11204;STIMMBEZIRK;;;N;798;558;240;0;267;3;264;266;0;266;1325;230;54;43;12;18;14;7;47;4;15;16;112;34;9;8;5;3;21;3;10;19;0;20;18;2;0;0;0;0;0;0;;;31;6;6;13;3;3;;;;;;37;18;1;1;10;1;5;0;1;0;0;500;141;218;104;37;307;178;129;;88;47;41;;;;;;;
Bezirk Hamburg-Mitte;Wahlkreis 1 - Hamburg-Mitte;St. Pauli;1099901;BRIEFWAHLBEZIRK;;;N;0;0;0;0;461;461;0;456;0;456;2267;558;115;78;23;31;27;13;171;11;68;21;168;70;16;11;19;1;10;0;10;30;1;33;6;2;3;2;0;17;1;2;;;143;44;12;55;15;17;;;;;;54;18;4;3;20;2;0;7;0;0;0;624;136;273;150;65;631;302;329;;56;24;32;;;;;;;
Bezirk Hamburg-Mitte;Wahlkreis 1 - Hamburg-Mitte;St. Pauli;1099902;BRIEFWAHLBEZIRK;;;N;0;0;0;0;448;448;0;448;2;446;2223;442;84;86;19;21;15;14;120;15;54;14;174;79;12;12;11;9;6;4;4;31;6;38;13;7;3;2;2;7;2;2;;;137;38;15;57;12;15;;;;;;34;7;3;0;11;1;2;6;1;3;0;738;168;324;179;67;564;306;258;;96;46;50;;;;;;;
Bezirk Hamburg-Mitte;Wahlkreis 1 - Hamburg-Mitte;St. Pauli;1099903;BRIEFWAHLBEZIRK;;;N;0;0;0;0;450;450;0;449;3;446;2226;361;77;73;12;20;18;12;79;14;41;15;156;50;22;14;9;1;1;10;3;46;0;44;7;11;5;4;2;11;2;2;;;190;89;8;59;15;19;;;;;;47;22;9;3;7;0;0;1;1;2;2;752;152;367;175;58;614;328;286;;62;42;20;;;;;;;
Bezirk Hamburg-Mitte;Wahlkreis 1 - Hamburg-Mitte;St. Pauli;1099904;BRIEFWAHLBEZIRK;;;N;0;0;0;0;461;461;0;461;5;456;2278;399;95;84;17;17;8;4;80;16;59;19;105;28;20;5;5;4;15;8;2;10;8;22;15;3;0;0;0;4;0;0;;;166;60;12;66;18;10;;;;;;39;13;2;7;14;0;0;0;2;1;0;891;215;422;168;86;601;406;195;;55;20;35;;;;;;;
Bezirk Hamburg-Mitte;Wahlkreis 1 - Hamburg-Mitte;St. Pauli;1099905;BRIEFWAHLBEZIRK;;;N;0;0;0;0;455;455;0;453;3;450;2225;367;85;65;11;21;6;14;97;7;40;21;121;48;6;10;7;3;4;7;8;25;3;32;10;11;2;0;1;6;2;0;;;213;81;12;78;18;24;;;;;;36;13;0;2;10;0;1;2;2;5;1;852;228;377;171;76;543;353;190;;61;21;40;;;;;;;
Bezirk Hamburg-Mitte;Wahlkreis 1 - Hamburg-Mitte;St. Pauli;1099906;BRIEFWAHLBEZIRK;;;N;0;0;0;0;457;457;0;457;1;456;2280;347;86;87;12;21;15;4;63;14;27;18;119;29;5;14;2;2;10;3;9;40;5;45;8;11;7;6;6;4;2;1;;;200;78;13;68;18;23;;;;;;32;7;0;0;16;0;1;2;1;5;0;940;234;405;213;88;530;366;164;;67;43;24;;;;;;;
Bezirk Hamburg-Mitte;Wahlkreis 1 - Hamburg-Mitte;St. Pauli;1099907;BRIEFWAHLBEZIRK;;;N;0;0;0;0;480;480;0;480;1;479;2393;444;114;99;19;22;28;17;80;11;44;10;135;58;15;9;5;3;12;3;1;29;0;41;16;1;7;0;0;14;3;0;;;171;59;14;60;18;20;;;;;;51;19;3;0;27;0;0;1;0;0;1;953;231;411;205;106;534;373;161;;64;37;27;;;;;;;
Bezirk Hamburg-Mitte;Wahlkreis 1 - Hamburg-Mitte;St. Pauli;1099908;BRIEFWAHLBEZIRK;;;N;0;0;0;0;458;458;0;457;2;455;2270;339;72;61;14;35;6;9;86;14;25;17;163;44;15;8;3;9;9;15;15;40;5;39;26;10;2;0;0;1;0;0;;;107;26;8;52;8;13;;;;;;47;20;8;4;11;3;0;1;0;0;0;972;236;443;211;82;543;310;233;;60;31;29;;;;;;;
Bezirk Hamburg-Mitte;Wahlkreis 1 - Hamburg-Mitte;St. Pauli;1099909;BRIEFWAHLBEZIRK;;;N;0;0;0;0;378;378;0;376;6;370;1846;198;32;47;8;19;10;10;30;4;33;5;77;30;9;13;4;0;1;3;0;17;0;36;10;10;1;1;3;4;5;2;;;97;33;3;40;8;13;;;;;;27;6;6;0;7;0;0;0;5;3;0;873;175;395;195;108;498;298;200;;40;13;27;;;;;;;
Bezirk Hamburg-Mitte;Wahlkreis 1 - Hamburg-Mitte;St. Pauli;1099910;BRIEFWAHLBEZIRK;;;N;0;0;0;0;432;432;0;432;3;429;2143;329;92;63;13;10;9;11;63;14;47;7;151;48;13;6;10;4;9;9;11;36;5;32;4;9;1;0;6;7;4;1;;;128;38;8;52;15;15;;;;;;25;9;7;0;7;0;0;0;1;1;0;803;179;378;170;76;581;354;227;;94;57;37;;;;;;;
Bezirk Hamburg-Mitte;Wahlkreis 1 - Hamburg-Mitte;St. Georg;11301;STIMMBEZIRK;;;N;1083;595;488;0;402;9;393;402;1;401;2003;401;93;89;96;25;11;5;18;53;4;7;297;151;14;5;8;14;68;16;8;9;4;74;18;18;9;6;6;7;6;4;;;79;33;0;14;6;26;;;;;;13;3;4;0;1;0;0;0;0;3;2;389;138;98;65;88;674;340;334;;76;21;55;;;;;;;
Bezirk Hamburg-Mitte;Wahlkreis 1 - Hamburg-Mitte;St. Georg;11302;STIMMBEZIRK;;;N;1238;777;461;0;431;2;429;431;7;424;2111;474;98;79;123;40;17;13;14;50;15;25;294;132;17;21;8;17;63;11;18;5;2;27;10;1;3;5;0;5;2;1;;;92;45;7;17;5;18;;;;;;16;2;2;0;2;5;0;0;2;3;0;579;191;156;97;135;535;227;308;;94;56;38;;;;;;;
Bezirk Hamburg-Mitte;Wahlkreis 1 - Hamburg-Mitte;St. Georg;11303;STIMMBEZIRK;;;N;1186;787;399;0;475;6;469;475;6;469;2342;556;141;78;143;36;17;16;22;74;6;23;296;103;47;20;7;15;73;8;12;6;5;47;5;3;5;1;5;4;12;12;;;99;26;3;26;11;33;;;;;;9;5;2;1;0;0;0;1;0;0;0;660;204;194;115;147;596;253;343;;79;45;34;;;;;;;
Bezirk Hamburg-Mitte;Wahlkreis 1 - Hamburg-Mitte;St. Georg;11401;STIMMBEZIRK;;;N;1020;561;459;0;364;13;351;364;6;358;1742;369;102;73;63;24;11;3;13;58;5;17;314;144;33;44;5;7;33;7;29;1;11;68;14;7;17;3;7;1;12;7;;;78;29;6;14;6;23;;;;;;12;1;3;1;7;0;0;0;0;0;0;258;67;74;64;53;601;341;260;;42;20;22;;;;;;;
Bezirk Hamburg-Mitte;Wahlkreis 1 - Hamburg-Mitte;St. Georg;11402;STIMMBEZIRK;;;N;942;569;373;0;389;8;381;389;2;387;1935;345;121;74;55;27;17;6;1;34;4;6;235;134;22;13;10;3;43;4;4;2;0;33;7;1;1;7;0;12;3;2;;;113;49;7;22;13;22;;;;;;22;6;8;5;1;1;0;0;0;0;1;508;166;135;81;126;613;307;306;;66;43;23;;;;;;;
Bezirk Hamburg-Mitte;Wahlkreis 1 - Hamburg-Mitte;St. Georg;11403;STIMMBEZIRK;;;N;1203;759;444;0;373;7;366;372;0;372;1851;354;97;58;58;37;15;2;11;38;25;13;160;51;24;23;9;9;26;2;7;9;0;36;3;6;0;2;5;10;1;9;;;92;20;11;11;11;39;;;;;;1;1;0;0;0;0;0;0;0;0;0;586;167;179;96;144;553;306;247;;69;32;37;;;;;;;
Bezirk Hamburg-Mitte;Wahlkreis 1 - Hamburg-Mitte;St. Georg;11404;STIMMBEZIRK;;;N;1043;645;398;0;405;10;395;405;3;402;1991;361;73;56;93;35;13;8;9;45;5;24;314;82;39;28;8;14;95;18;21;5;4;29;3;8;1;4;0;6;3;4;;;67;13;5;9;18;22;;;;;;5;2;0;1;0;1;0;0;0;0;1;541;183;130;88;140;564;288;276;;110;57;53;;;;;;;
Bezirk Hamburg-Mitte;Wahlkreis 1 - Hamburg-Mitte;St. Georg;1139901;BRIEFWAHLBEZIRK;;;N;0;0;0;0;461;461;0;461;3;458;2289;560;123;89;138;37;15;12;13;94;27;12;401;197;31;28;4;18;84;4;20;11;4;78;24;13;3;9;2;23;3;1;;;130;55;6;19;4;46;;;;;;15;1;8;0;0;0;0;0;0;6;0;334;124;87;57;66;711;284;427;;60;33;27;;;;;;;
Bezirk Hamburg-Mitte;Wahlkreis 1 - Hamburg-Mitte;St. Georg;1139902;BRIEFWAHLBEZIRK;;;N;0;0;0;0;457;457;0;457;5;452;2259;668;107;109;175;43;9;13;12;152;26;22;381;151;25;39;22;13;86;13;16;8;8;82;9;16;4;7;3;27;12;4;;;145;43;15;16;9;62;;;;;;4;0;0;0;1;0;0;3;0;0;0;257;77;61;56;63;635;298;337;;87;53;34;;;;;;;
Bezirk Hamburg-Mitte;Wahlkreis 1 - Hamburg-Mitte;St. Georg;1139903;BRIEFWAHLBEZIRK;;;N;0;0;0;0;463;463;0;463;10;453;2258;392;71;74;99;45;9;16;15;38;12;13;500;232;47;27;12;18;100;17;18;25;4;79;7;19;4;16;8;10;6;9;;;186;47;8;37;26;68;;;;;;16;1;0;2;1;0;0;2;10;0;0;315;88;108;47;72;666;284;382;;104;36;68;;;;;;;
Bezirk Hamburg-Mitte;Wahlkreis 1 - Hamburg-Mitte;St. Georg;1139904;BRIEFWAHLBEZIRK;;;N;0;0;0;0;461;461;0;459;4;455;2274;484;80;98;108;32;19;13;10;95;10;19;363;127;33;51;10;12;91;15;8;9;7;71;7;2;1;15;1;20;18;7;;;183;57;17;21;12;76;;;;;;10;7;1;0;1;0;0;1;0;0;0;378;134;111;56;77;698;332;366;;87;37;50;;;;;;;
Bezirk Hamburg-Mitte;Wahlkreis 1 - Hamburg-Mitte;St. Georg;1139905;BRIEFWAHLBEZIRK;;;N;0;0;0;0;460;460;0;459;1;458;2279;469;122;66;129;35;8;17;3;71;7;11;390;113;46;42;9;27;91;16;24;10;12;108;12;21;8;9;1;25;14;18;;;194;65;14;50;15;50;;;;;;25;10;2;10;0;0;0;1;1;0;1;426;122;151;68;85;617;312;305;;50;17;33;;;;;;;
Bezirk Hamburg-Mitte;Wahlkreis 1 - Hamburg-Mitte;St. Georg;1139906;BRIEFWAHLBEZIRK;;;N;0;0;0;0;441;441;0;441;3;438;2180;452;101;75;103;41;12;15;6;61;12;26;265;79;39;23;7;10;66;9;15;8;9;131;29;22;4;19;0;33;14;10;;;134;40;8;23;17;46;;;;;;15;8;2;0;4;0;0;0;0;1;0;385;120;110;76;79;692;344;348;;106;57;49;;;;;;;
Bezirk Hamburg-Mitte;Wahlkreis 1 - Hamburg-Mitte;Hammerbrook;11501;STIMMBEZIRK;;;N;1121;711;410;0;370;11;359;370;5;365;1816;423;133;103;25;28;20;29;13;24;15;33;287;142;15;13;12;59;11;15;9;4;7;92;23;11;9;11;1;24;6;7;;;117;60;9;10;12;26;;;;;;6;0;0;0;6;0;0;0;0;0;0;270;83;92;38;57;499;309;190;;122;68;54;;;;;;;
Bezirk Hamburg-Mitte;Wahlkreis 1 - Hamburg-Mitte;Hammerbrook;11502;STIMMBEZIRK;;;N;1028;736;292;0;312;5;307;312;3;309;1539;236;50;44;48;14;11;9;11;19;5;25;92;35;2;23;3;15;3;4;4;0;3;51;18;12;2;3;4;9;2;1;;;92;31;13;14;8;26;;;;;;4;0;1;0;1;0;0;0;0;2;0;660;207;229;107;117;318;205;113;;86;30;56;;;;;;;
Bezirk Hamburg-Mitte;Wahlkreis 1 - Hamburg-Mitte;Hammerbrook;11503;STIMMBEZIRK;;;N;1049;701;348;0;331;11;320;331;4;327;1633;302;100;88;15;29;16;6;8;5;11;24;227;68;29;27;3;50;8;15;12;0;15;75;13;13;4;4;0;40;1;0;;;84;33;5;13;16;17;;;;;;10;1;1;0;2;6;0;0;0;0;0;375;118;107;69;81;477;312;165;;83;36;47;;;;;;;
Bezirk Hamburg-Mitte;Wahlkreis 1 - Hamburg-Mitte;Hammerbrook;1159901;BRIEFWAHLBEZIRK;;;N;0;0;0;0;502;502;0;502;5;497;2485;506;134;126;30;59;16;23;17;31;18;52;346;161;31;30;2;49;27;18;9;13;6;151;12;28;10;6;2;77;10;6;;;250;93;38;39;28;52;;;;;;26;6;6;3;4;3;0;1;0;2;1;374;109;126;48;91;654;436;218;;178;73;105;;;;;;;
Bezirk Hamburg-Mitte;Wahlkreis 1 - Hamburg-Mitte;Hammerbrook;1159902;BRIEFWAHLBEZIRK;;;N;0;0;0;0;492;492;0;491;4;487;2414;400;110;108;31;42;15;23;6;20;9;36;376;177;17;40;5;45;28;30;17;4;13;164;15;33;8;23;3;76;4;2;;;224;89;21;39;38;37;;;;;;22;6;3;0;6;1;2;1;1;1;1;573;189;179;99;106;594;364;230;;61;35;26;;;;;;;
Bezirk Hamburg-Mitte;Wahlkreis 1 - Hamburg-Mitte;Borgfelde;11901;STIMMBEZIRK;;;N;1283;865;418;0;372;5;367;371;7;364;1810;469;140;68;34;128;12;20;7;17;5;38;251;131;30;29;11;18;23;2;2;4;1;43;16;8;2;5;0;8;2;2;;;75;16;7;13;24;15;;;;;;23;1;8;1;0;9;1;0;1;2;0;478;182;142;92;62;304;211;93;;167;96;71;;;;;;;
Bezirk Hamburg-Mitte;Wahlkreis 1 - Hamburg-Mitte;Borgfelde;12001;STIMMBEZIRK;;;N;814;595;219;0;302;8;294;301;8;293;1459;413;130;78;20;107;13;16;11;12;3;23;198;102;14;12;12;14;11;8;14;5;6;47;10;5;12;9;3;5;2;1;;;79;24;8;15;20;12;;;;;;6;3;0;0;3;0;0;0;0;0;0;353;118;93;93;49;252;153;99;;111;69;42;;;;;;;
Bezirk Hamburg-Mitte;Wahlkreis 1 - Hamburg-Mitte;Borgfelde;12002;STIMMBEZIRK;;;N;1054;668;386;0;446;4;442;446;5;441;2195;713;232;83;37;254;28;17;4;18;6;34;429;271;53;19;8;19;21;19;5;8;6;29;13;3;3;0;2;5;3;0;;;88;29;18;8;21;12;;;;;;20;0;0;0;1;15;0;0;3;0;1;280;102;79;58;41;471;307;164;;165;100;65;;;;;;;
Bezirk Hamburg-Mitte;Wahlkreis 1 - Hamburg-Mitte;Borgfelde;12003;STIMMBEZIRK;;;N;838;544;294;0;266;4;262;266;6;260;1274;349;120;38;20;109;18;10;3;12;1;18;151;71;14;12;15;2;21;7;2;2;5;38;6;6;8;3;1;10;1;3;;;69;23;6;11;16;13;;;;;;5;1;1;0;1;1;0;1;0;0;0;234;90;59;40;45;288;150;138;;140;82;58;;;;;;;
Bezirk Hamburg-Mitte;Wahlkreis 1 - Hamburg-Mitte;Borgfelde;12004;STIMMBEZIRK;;;N;718;504;214;0;287;5;282;287;5;282;1407;462;168;52;19;155;15;16;5;9;6;17;109;50;12;8;13;1;17;1;4;0;3;31;13;4;4;6;1;1;1;1;;;40;13;6;1;14;6;;;;;;13;2;0;0;1;10;0;0;0;0;0;359;135;102;71;51;282;168;114;;111;52;59;;;;;;;
Bezirk Hamburg-Mitte;Wahlkreis 1 - Hamburg-Mitte;Borgfelde;1199901;BRIEFWAHLBEZIRK;;;N;0;0;0;0;504;504;0;504;8;496;2475;741;202;51;42;291;25;31;7;34;34;24;472;220;42;16;49;22;33;19;25;23;23;59;10;16;10;11;2;5;4;1;;;219;77;16;32;38;56;;;;;;18;3;7;2;1;2;2;0;0;1;0;292;111;93;43;45;516;354;162;;158;62;96;;;;;;;
Bezirk Hamburg-Mitte;Wahlkreis 1 - Hamburg-Mitte;Borgfelde;1199902;BRIEFWAHLBEZIRK;;;N;0;0;0;0;446;446;0;446;1;445;2212;581;175;84;26;172;23;25;23;19;12;22;205;91;22;19;18;20;7;6;11;4;7;103;21;21;14;7;10;19;3;8;;;184;63;20;30;36;35;;;;;;34;4;7;2;6;7;1;3;2;0;2;416;131;131;93;61;590;410;180;;99;57;42;;;;;;;
Bezirk Hamburg-Mitte;Wahlkreis 1 - Hamburg-Mitte;Borgfelde;1199903;BRIEFWAHLBEZIRK;;;N;0;0;0;0;456;456;0;456;0;456;2254;578;140;91;34;210;24;24;7;10;17;21;233;98;36;22;7;13;16;10;8;17;6;77;23;14;13;5;4;10;2;6;;;181;73;24;20;33;31;;;;;;9;0;5;1;3;0;0;0;0;0;0;502;216;135;83;68;608;391;217;;66;29;37;;;;;;;
Bezirk Hamburg-Mitte;Wahlkreis 1 - Hamburg-Mitte;Hamm;12101;STIMMBEZIRK;;;N;1089;725;364;0;339;8;331;339;4;335;1650;514;229;73;19;39;19;34;9;19;7;66;211;128;27;6;17;9;6;6;0;10;2;16;3;1;0;0;0;8;3;1;;;111;37;19;12;20;23;;;;;;24;5;4;0;5;8;0;0;2;0;0;331;124;94;70;43;370;265;105;;73;52;21;;;;;;;
Bezirk Hamburg-Mitte;Wahlkreis 1 - Hamburg-Mitte;Hamm;12103;STIMMBEZIRK;;;N;1170;783;387;0;400;2;398;400;15;385;1900;585;245;95;42;89;29;11;5;17;6;46;291;183;24;19;8;17;14;12;5;3;6;37;4;12;7;2;4;7;0;1;;;91;29;22;15;15;10;;;;;;13;1;1;0;2;1;0;1;6;1;0;390;188;84;70;48;308;221;87;;185;122;63;;;;;;;
Bezirk Hamburg-Mitte;Wahlkreis 1 - Hamburg-Mitte;Hamm;12105;STIMMBEZIRK;;;N;1093;642;451;0;356;5;351;356;8;348;1737;546;220;86;35;71;14;30;9;27;8;46;238;122;18;10;11;11;8;3;20;6;29;27;9;2;0;5;0;10;1;0;;;83;39;7;10;19;8;;;;;;4;1;1;0;1;0;1;0;0;0;0;370;174;82;69;45;354;255;99;;115;84;31;;;;;;;
Bezirk Hamburg-Mitte;Wahlkreis 1 - Hamburg-Mitte;Hamm;12106;STIMMBEZIRK;;;N;1157;740;417;0;427;4;423;427;0;427;2076;618;250;125;32;67;29;21;20;11;17;46;273;176;26;10;8;17;5;2;13;3;13;41;10;8;6;4;12;1;0;0;;;82;30;16;8;25;3;;;;;;13;2;1;2;1;3;0;1;1;1;1;408;170;116;86;36;425;304;121;;216;150;66;;;;;;;
Bezirk Hamburg-Mitte;Wahlkreis 1 - Hamburg-Mitte;Hamm;12201;STIMMBEZIRK;;;N;912;595;317;0;301;6;295;301;9;292;1447;437;173;86;25;48;11;31;7;15;6;35;216;136;15;11;8;8;18;1;6;4;9;32;10;9;7;0;3;0;2;1;;;74;28;6;11;23;6;;;;;;31;1;9;8;0;10;1;2;0;0;0;259;112;93;36;18;252;189;63;;146;87;59;;;;;;;
Bezirk Hamburg-Mitte;Wahlkreis 1 - Hamburg-Mitte;Hamm;12202;STIMMBEZIRK;;;N;1026;666;360;0;388;6;382;388;7;381;1896;576;297;82;17;54;18;24;10;11;9;54;219;145;10;6;7;9;16;8;11;6;1;49;16;13;7;4;5;3;0;1;;;120;53;19;16;20;12;;;;;;21;20;0;0;0;1;0;0;0;0;0;306;133;81;56;36;481;373;108;;124;106;18;;;;;;;
Bezirk Hamburg-Mitte;Wahlkreis 1 - Hamburg-Mitte;Hamm;12203;STIMMBEZIRK;;;N;1105;702;403;0;416;6;410;416;8;408;2009;527;240;113;21;58;15;14;4;16;9;37;245;151;45;5;4;4;7;3;4;12;10;31;10;9;4;2;6;0;0;0;;;117;32;23;28;24;10;;;;;;20;4;1;0;1;3;1;6;1;2;1;401;196;81;89;35;494;353;141;;174;116;58;;;;;;;
Bezirk Hamburg-Mitte;Wahlkreis 1 - Hamburg-Mitte;Hamm;12204;STIMMBEZIRK;;;N;935;603;332;0;341;7;334;340;8;332;1625;536;285;62;25;57;16;28;16;11;7;29;241;136;24;18;10;8;13;6;6;10;10;13;7;2;1;1;1;1;0;0;;;55;10;13;9;13;10;;;;;;27;0;5;3;0;16;1;0;1;0;1;313;117;99;59;38;305;210;95;;135;88;47;;;;;;;
Bezirk Hamburg-Mitte;Wahlkreis 1 - Hamburg-Mitte;Hamm;12206;STIMMBEZIRK;;;N;821;536;285;0;332;6;326;332;5;327;1575;501;297;75;21;27;17;16;8;12;12;16;184;142;4;13;1;9;7;4;0;0;4;43;0;0;6;2;10;18;5;2;;;65;26;8;9;13;9;;;;;;22;2;6;1;7;1;0;0;5;0;0;294;123;87;57;27;308;206;102;;158;94;64;;;;;;;
Bezirk Hamburg-Mitte;Wahlkreis 1 - Hamburg-Mitte;Hamm;12301;STIMMBEZIRK;;;N;988;638;350;0;406;6;400;406;9;397;1981;568;305;87;19;41;16;14;18;19;9;40;263;177;15;12;8;13;16;2;5;10;5;49;20;8;10;1;2;4;3;1;;;71;31;6;12;15;7;;;;;;19;9;3;0;0;0;5;1;0;1;0;367;136;123;68;40;531;380;151;;113;65;48;;;;;;;
Bezirk Hamburg-Mitte;Wahlkreis 1 - Hamburg-Mitte;Hamm;12302;STIMMBEZIRK;;;N;951;675;276;0;405;0;405;405;12;393;1954;578;306;71;27;45;19;22;9;15;9;55;269;157;13;15;29;15;22;6;2;5;5;21;10;4;0;0;5;0;1;1;;;96;34;22;6;28;6;;;;;;17;1;0;0;6;10;0;0;0;0;0;462;202;150;70;40;353;249;104;;158;97;61;;;;;;;
Bezirk Hamburg-Mitte;Wahlkreis 1 - Hamburg-Mitte;Hamm;12303;STIMMBEZIRK;;;N;832;599;233;0;323;1;322;323;8;315;1568;497;257;84;20;38;18;20;1;10;11;38;237;143;34;7;5;15;16;0;9;6;2;38;21;8;2;5;0;2;0;0;;;81;22;19;13;21;6;;;;;;23;0;10;0;1;5;0;0;2;5;0;286;120;67;65;34;239;185;54;;167;116;51;;;;;;;
Bezirk Hamburg-Mitte;Wahlkreis 1 - Hamburg-Mitte;Hamm;12305;STIMMBEZIRK;;;N;1153;716;437;0;416;5;411;416;4;412;2040;585;284;97;25;78;21;11;11;7;7;44;208;120;27;11;10;6;13;6;6;3;6;43;15;6;5;1;3;10;2;1;;;121;31;25;23;31;11;;;;;;18;7;3;4;2;0;0;2;0;0;0;405;210;99;53;43;508;385;123;;152;101;51;;;;;;;
Bezirk Hamburg-Mitte;Wahlkreis 1 - Hamburg-Mitte;Hamm;12307;STIMMBEZIRK;;;N;1043;699;344;0;419;5;414;419;3;416;2067;604;263;123;23;53;25;29;12;9;20;47;303;191;23;19;14;12;28;2;6;5;3;27;9;6;0;1;1;1;7;2;;;113;42;19;14;32;6;;;;;;15;1;0;2;0;5;0;1;5;0;1;373;185;101;58;29;406;304;102;;226;148;78;;;;;;;
Bezirk Hamburg-Mitte;Wahlkreis 1 - Hamburg-Mitte;Hamm;12309;STIMMBEZIRK;;;N;1130;718;412;0;392;4;388;391;3;388;1924;503;275;65;24;36;11;17;12;8;6;49;233;151;19;12;10;9;14;4;4;3;7;31;19;7;0;0;1;1;0;3;;;94;32;19;12;22;9;;;;;;16;2;2;1;1;0;10;0;0;0;0;497;243;158;62;34;383;253;130;;167;112;55;;;;;;;
Bezirk Hamburg-Mitte;Wahlkreis 1 - Hamburg-Mitte;Hamm;12310;STIMMBEZIRK;;;N;849;567;282;0;379;7;372;378;8;370;1838;571;317;80;21;46;21;20;6;3;6;51;274;203;10;9;5;15;12;2;6;8;4;54;7;7;2;6;3;24;3;2;;;65;11;18;7;22;7;;;;;;3;0;0;1;1;0;0;0;0;0;1;271;151;57;33;30;410;297;113;;190;124;66;;;;;;;
Bezirk Hamburg-Mitte;Wahlkreis 1 - Hamburg-Mitte;Hamm;12311;STIMMBEZIRK;;;N;967;651;316;0;394;8;386;394;12;382;1885;547;280;79;28;46;25;20;17;12;7;33;222;146;23;4;16;11;2;2;7;5;6;28;3;0;3;6;12;3;1;0;;;74;34;13;6;12;9;;;;;;30;7;3;1;4;12;0;1;1;0;1;408;154;134;74;46;397;274;123;;179;114;65;;;;;;;
Bezirk Hamburg-Mitte;Wahlkreis 1 - Hamburg-Mitte;Hamm;12401;STIMMBEZIRK;;;N;949;704;245;0;280;3;277;280;4;276;1367;386;193;48;20;39;11;16;3;9;2;45;140;82;17;5;11;10;3;3;2;3;4;50;4;3;5;1;26;8;1;2;;;73;16;18;6;10;23;;;;;;20;6;1;1;1;6;0;3;2;0;0;273;126;75;45;27;253;201;52;;172;96;76;;;;;;;
Bezirk Hamburg-Mitte;Wahlkreis 1 - Hamburg-Mitte;Hamm;12402;STIMMBEZIRK;;;N;906;633;273;0;262;5;257;262;2;260;1280;419;201;73;15;61;10;8;1;16;9;25;165;85;10;22;17;6;4;9;4;2;6;11;0;1;7;0;3;0;0;0;;;56;32;9;8;5;2;;;;;;11;1;1;1;0;5;3;0;0;0;0;288;121;74;66;27;194;136;58;;136;65;71;;;;;;;
Bezirk Hamburg-Mitte;Wahlkreis 1 - Hamburg-Mitte;Hamm;12403;STIMMBEZIRK;;;N;1093;764;329;0;384;8;376;382;15;367;1831;529;245;75;17;56;22;16;14;13;7;64;243;148;31;4;16;7;21;2;9;3;2;29;12;4;6;0;2;1;3;1;;;92;19;11;15;33;14;;;;;;31;6;1;0;6;15;2;0;0;1;0;348;167;93;55;33;372;263;109;;187;132;55;;;;;;;
Bezirk Hamburg-Mitte;Wahlkreis 1 - Hamburg-Mitte;Hamm;12502;STIMMBEZIRK;;;N;1006;749;257;0;343;8;335;343;7;336;1661;510;278;48;15;29;22;12;12;19;6;69;228;143;15;8;19;10;14;3;12;1;3;16;2;4;5;2;0;3;0;0;;;69;21;14;14;10;10;;;;;;24;7;3;0;0;6;8;0;0;0;0;298;135;94;43;26;305;230;75;;211;133;78;;;;;;;
Bezirk Hamburg-Mitte;Wahlkreis 1 - Hamburg-Mitte;Hamm;12503;STIMMBEZIRK;;;N;879;671;208;0;224;6;218;224;1;223;1079;423;215;75;17;23;26;15;3;6;6;37;71;48;4;2;2;9;0;0;1;3;2;6;0;0;0;0;6;0;0;0;;;36;7;9;2;10;8;;;;;;15;1;0;0;6;6;0;0;0;2;0;270;116;56;59;39;122;74;48;;136;101;35;;;;;;;
Bezirk Hamburg-Mitte;Wahlkreis 1 - Hamburg-Mitte;Hamm;12504;STIMMBEZIRK;;;N;1264;935;329;0;391;0;391;391;9;382;1877;639;380;94;22;32;26;22;13;3;6;41;286;164;30;13;13;10;25;0;10;7;14;26;8;11;2;2;1;0;1;1;;;51;20;5;9;10;7;;;;;;1;0;0;1;0;0;0;0;0;0;0;354;157;104;51;42;310;227;83;;210;146;64;;;;;;;
Bezirk Hamburg-Mitte;Wahlkreis 1 - Hamburg-Mitte;Hamm;12505;STIMMBEZIRK;;;N;761;499;262;0;244;3;241;244;1;243;1203;354;183;48;11;20;25;13;1;8;6;39;162;98;16;7;5;9;6;0;4;1;16;26;15;4;1;0;1;5;0;0;;;96;22;26;18;19;11;;;;;;23;5;0;10;1;0;0;0;2;5;0;211;83;47;47;34;216;159;57;;115;82;33;;;;;;;
Bezirk Hamburg-Mitte;Wahlkreis 1 - Hamburg-Mitte;Hamm;12601;STIMMBEZIRK;;;N;1209;903;306;0;458;5;453;455;6;449;2208;708;448;88;11;39;19;24;11;16;11;41;279;178;27;16;27;4;12;2;6;1;6;36;11;11;6;2;5;1;0;0;;;87;28;10;17;20;12;;;;;;45;13;13;0;12;0;5;0;0;2;0;363;177;77;63;46;428;311;117;;262;156;106;;;;;;;
Bezirk Hamburg-Mitte;Wahlkreis 1 - Hamburg-Mitte;Hamm;12701;STIMMBEZIRK;;;N;657;486;171;0;252;3;249;252;8;244;1211;342;189;56;6;19;15;8;4;7;10;28;170;93;18;3;18;6;13;5;3;8;3;40;6;5;4;1;11;5;1;7;;;57;18;18;2;9;10;;;;;;19;15;3;0;0;1;0;0;0;0;0;209;71;90;31;17;207;159;48;;167;116;51;;;;;;;
Bezirk Hamburg-Mitte;Wahlkreis 1 - Hamburg-Mitte;Hamm;12702;STIMMBEZIRK;;;N;901;663;238;0;390;2;388;390;10;380;1886;566;350;78;26;44;22;6;3;9;7;21;293;187;15;12;17;19;28;1;5;5;4;14;3;1;4;1;2;0;3;0;;;59;19;7;8;22;3;;;;;;22;1;6;6;1;5;0;3;0;0;0;342;150;106;59;27;323;218;105;;267;167;100;;;;;;;
Bezirk Hamburg-Mitte;Wahlkreis 1 - Hamburg-Mitte;Hamm;1219901;BRIEFWAHLBEZIRK;;;N;0;0;0;0;500;500;0;499;3;496;2469;737;314;85;25;80;39;32;12;36;35;79;400;254;49;16;29;11;12;8;2;3;16;54;14;7;6;4;9;6;2;6;;;174;51;40;9;54;20;;;;;;65;15;15;2;13;10;2;1;1;4;2;365;168;94;75;28;554;344;210;;120;86;34;;;;;;;
Bezirk Hamburg-Mitte;Wahlkreis 1 - Hamburg-Mitte;Hamm;1219902;BRIEFWAHLBEZIRK;;;N;0;0;0;0;504;504;0;502;4;498;2490;841;377;107;40;86;42;37;23;26;19;84;392;239;41;0;24;3;37;5;13;17;13;67;26;6;7;2;11;7;3;5;;;183;59;41;30;38;15;;;;;;25;7;7;2;2;1;0;1;0;5;0;310;126;94;62;28;507;361;146;;165;107;58;;;;;;;
Bezirk Hamburg-Mitte;Wahlkreis 1 - Hamburg-Mitte;Hamm;1219903;BRIEFWAHLBEZIRK;;;N;0;0;0;0;505;505;0;505;3;502;2508;798;372;94;39;82;34;41;22;24;30;60;395;223;24;18;43;11;26;13;11;6;20;46;12;3;2;1;18;6;0;4;;;144;41;31;12;36;24;;;;;;28;21;1;0;1;2;1;1;1;0;0;348;158;94;73;23;565;387;178;;184;105;79;;;;;;;
Bezirk Hamburg-Mitte;Wahlkreis 1 - Hamburg-Mitte;Hamm;1219904;BRIEFWAHLBEZIRK;;;N;0;0;0;0;505;505;0;505;2;503;2508;846;409;109;21;120;30;33;9;25;15;75;422;270;25;6;33;16;21;10;10;18;13;82;16;11;13;3;26;3;3;7;;;147;46;26;21;41;13;;;;;;25;2;2;4;3;0;5;0;0;4;5;277;130;81;43;23;471;362;109;;238;140;98;;;;;;;
Bezirk Hamburg-Mitte;Wahlkreis 1 - Hamburg-Mitte;Hamm;1219905;BRIEFWAHLBEZIRK;;;N;0;0;0;0;505;505;0;505;4;501;2490;761;330;128;25;83;40;41;22;27;22;43;410;276;30;19;17;14;25;8;10;6;5;91;15;20;18;4;15;10;4;5;;;142;32;21;21;38;30;;;;;;20;0;3;1;7;6;0;2;0;1;0;346;158;99;63;26;511;395;116;;209;114;95;;;;;;;
Bezirk Hamburg-Mitte;Wahlkreis 1 - Hamburg-Mitte;Hamm;1219906;BRIEFWAHLBEZIRK;;;N;0;0;0;0;494;494;0;490;6;484;2410;815;378;110;43;85;50;23;14;34;19;59;428;235;46;21;26;14;32;11;18;9;16;61;30;4;2;1;13;4;3;4;;;172;65;14;26;33;34;;;;;;21;10;5;0;0;3;2;0;0;0;1;303;130;83;62;28;430;300;130;;180;111;69;;;;;;;
Bezirk Hamburg-Mitte;Wahlkreis 1 - Hamburg-Mitte;Hamm;1219907;BRIEFWAHLBEZIRK;;;N;0;0;0;0;499;499;0;497;4;493;2459;714;337;104;30;81;25;21;15;17;11;73;339;203;33;16;20;12;15;9;10;9;12;70;21;9;4;1;3;18;9;5;;;193;58;22;31;49;33;;;;;;16;1;8;1;1;1;0;2;1;0;1;465;171;144;94;56;536;399;137;;126;84;42;;;;;;;
Bezirk Hamburg-Mitte;Wahlkreis 1 - Hamburg-Mitte;Hamm;1219908;BRIEFWAHLBEZIRK;;;N;0;0;0;0;509;509;0;509;5;504;2483;786;362;125;19;91;21;37;14;20;26;71;359;232;34;12;17;9;10;12;13;4;16;66;15;25;5;0;15;1;3;2;;;157;52;23;16;40;26;;;;;;13;7;1;0;1;4;0;0;0;0;0;424;170;134;68;52;569;433;136;;109;64;45;;;;;;;
Bezirk Hamburg-Mitte;Wahlkreis 1 - Hamburg-Mitte;Hamm;1219909;BRIEFWAHLBEZIRK;;;N;0;0;0;0;513;513;0;512;8;504;2513;716;321;111;31;66;22;34;9;16;22;84;351;179;37;19;13;20;15;17;25;12;14;45;9;13;6;0;4;4;6;3;;;145;40;23;27;33;22;;;;;;24;5;2;3;3;3;1;2;3;0;2;530;222;192;71;45;555;398;157;;147;91;56;;;;;;;
Bezirk Hamburg-Mitte;Wahlkreis 1 - Hamburg-Mitte;Hamm;1219910;BRIEFWAHLBEZIRK;;;N;0;0;0;0;503;503;0;503;2;501;2495;732;260;132;39;80;41;28;29;24;14;85;369;210;27;12;25;25;29;8;5;13;15;69;17;8;8;4;8;9;10;5;;;169;63;22;29;35;20;;;;;;23;2;1;3;7;7;1;0;0;2;0;389;145;122;82;40;622;476;146;;122;69;53;;;;;;;
Bezirk Hamburg-Mitte;Wahlkreis 1 - Hamburg-Mitte;Hamm;1219911;BRIEFWAHLBEZIRK;;;N;0;0;0;0;504;504;0;503;3;500;2493;655;298;103;29;75;21;29;12;29;16;43;339;207;25;23;24;11;11;6;8;15;9;75;10;27;5;3;3;13;3;11;;;150;50;26;21;35;18;;;;;;41;3;6;3;14;1;0;1;6;6;1;530;220;162;77;71;560;433;127;;143;89;54;;;;;;;
Bezirk Hamburg-Mitte;Wahlkreis 1 - Hamburg-Mitte;Hamm;1219912;BRIEFWAHLBEZIRK;;;N;0;0;0;0;502;502;0;502;3;499;2477;749;284;162;32;69;29;36;12;25;24;76;288;168;18;9;19;14;27;8;6;7;12;62;26;17;5;2;5;4;1;2;;;160;37;24;30;43;26;;;;;;22;2;4;1;1;4;6;0;0;3;1;483;186;159;95;43;620;460;160;;93;51;42;;;;;;;
Bezirk Hamburg-Mitte;Wahlkreis 1 - Hamburg-Mitte;Hamm;1219913;BRIEFWAHLBEZIRK;;;N;0;0;0;0;508;508;0;507;3;504;2497;645;222;141;37;50;31;34;11;23;14;82;303;194;20;8;19;10;17;8;9;8;10;128;32;14;15;23;12;17;8;7;;;240;51;47;51;51;40;;;;;;27;6;4;2;7;4;2;0;1;1;0;506;235;141;79;51;560;438;122;;88;49;39;;;;;;;
Bezirk Hamburg-Mitte;Wahlkreis 1 - Hamburg-Mitte;Hamm;1219914;BRIEFWAHLBEZIRK;;;N;0;0;0;0;453;453;0;453;0;453;2263;645;262;138;33;69;36;29;4;14;16;44;274;138;36;17;15;10;20;2;8;12;16;70;11;20;10;8;13;3;5;0;;;179;65;24;35;40;15;;;;;;15;2;6;2;3;0;0;2;0;0;0;500;206;164;81;49;485;364;121;;95;61;34;;;;;;;
Bezirk Hamburg-Mitte;Wahlkreis 1 - Hamburg-Mitte;Hamm;1219915;BRIEFWAHLBEZIRK;;;N;0;0;0;0;457;457;0;456;3;453;2261;711;271;142;18;94;29;40;14;13;14;76;286;157;29;17;16;9;27;4;13;7;7;42;5;5;9;6;8;5;2;2;;;137;42;21;19;35;20;;;;;;17;2;4;1;3;5;0;1;0;0;1;501;181;161;106;53;454;331;123;;113;72;41;;;;;;;
Bezirk Hamburg-Mitte;Wahlkreis 1 - Hamburg-Mitte;Hamm;1219916;BRIEFWAHLBEZIRK;;;N;0;0;0;0;478;478;0;478;2;476;2354;615;264;105;18;66;17;29;15;16;15;70;237;144;27;10;6;8;21;5;5;9;2;77;24;13;6;7;15;3;4;5;;;181;56;25;26;49;25;;;;;;15;0;6;2;0;7;0;0;0;0;0;577;258;177;71;71;603;468;135;;49;38;11;;;;;;;
Bezirk Hamburg-Mitte;Wahlkreis 1 - Hamburg-Mitte;Horn;12801;STIMMBEZIRK;;;N;753;557;196;0;268;4;264;268;6;262;1283;381;171;57;8;51;49;13;9;3;4;16;147;68;22;6;6;0;8;6;3;4;24;19;10;3;3;0;0;2;0;1;;;31;14;1;6;8;2;;;;;;24;5;3;0;1;11;1;0;0;2;1;295;165;54;41;35;167;108;59;;219;124;95;;;;;;;
Bezirk Hamburg-Mitte;Wahlkreis 1 - Hamburg-Mitte;Horn;12802;STIMMBEZIRK;;;N;1015;778;237;0;338;3;335;338;7;331;1635;550;204;66;5;75;66;78;5;12;9;30;249;66;46;13;23;10;26;8;20;0;37;22;4;3;6;0;1;2;0;6;;;83;36;9;7;11;20;;;;;;28;1;2;1;1;16;0;2;1;3;1;318;160;61;50;47;210;123;87;;175;129;46;;;;;;;
Bezirk Hamburg-Mitte;Wahlkreis 1 - Hamburg-Mitte;Horn;12803;STIMMBEZIRK;;;N;976;758;218;0;326;3;323;326;4;322;1593;503;192;73;11;38;73;69;10;6;11;20;228;79;45;3;22;16;30;5;8;2;18;27;4;4;14;0;0;5;0;0;;;59;16;10;7;14;12;;;;;;27;16;2;1;1;6;0;0;1;0;0;316;140;95;44;37;190;136;54;;243;169;74;;;;;;;
Bezirk Hamburg-Mitte;Wahlkreis 1 - Hamburg-Mitte;Horn;12805;STIMMBEZIRK;;;N;963;734;229;0;306;7;299;306;5;301;1498;499;167;55;20;58;116;35;12;17;9;10;204;81;59;7;15;13;11;2;0;5;11;25;6;4;9;0;2;0;2;2;;;62;35;6;6;5;10;;;;;;38;7;1;1;3;21;5;0;0;0;0;324;162;82;49;31;194;134;60;;152;114;38;;;;;;;
Bezirk Hamburg-Mitte;Wahlkreis 1 - Hamburg-Mitte;Horn;12806;STIMMBEZIRK;;;N;827;656;171;0;278;4;274;278;4;274;1353;426;179;53;15;24;60;53;11;11;6;14;125;34;24;2;16;11;22;5;3;2;6;39;10;5;11;1;1;9;1;1;;;60;15;7;12;13;13;;;;;;35;8;6;0;3;10;6;2;0;0;0;302;176;61;45;20;217;170;47;;149;93;56;;;;;;;
Bezirk Hamburg-Mitte;Wahlkreis 1 - Hamburg-Mitte;Horn;12809;STIMMBEZIRK;;;N;951;715;236;0;240;2;238;240;11;229;1126;355;137;31;14;52;48;35;7;4;2;25;211;75;57;2;36;4;29;2;0;0;6;14;7;2;5;0;0;0;0;0;;;22;10;1;3;2;6;;;;;;26;12;0;1;1;10;0;1;0;1;0;271;118;62;52;39;98;74;24;;129;76;53;;;;;;;
Bezirk Hamburg-Mitte;Wahlkreis 1 - Hamburg-Mitte;Horn;12810;STIMMBEZIRK;;;N;760;605;155;0;273;2;271;273;7;266;1323;494;167;38;11;47;124;71;5;7;7;17;166;70;30;5;35;10;3;2;2;1;8;6;1;0;5;0;0;0;0;0;;;36;8;5;5;6;12;;;;;;25;10;3;0;3;6;0;2;0;1;0;229;96;60;34;39;83;69;14;;284;234;50;;;;;;;
Bezirk Hamburg-Mitte;Wahlkreis 1 - Hamburg-Mitte;Horn;12812;STIMMBEZIRK;;;N;957;755;202;0;319;7;312;319;9;310;1541;508;180;75;22;41;66;60;10;16;12;26;267;94;75;12;23;8;27;0;6;2;20;35;13;6;7;0;8;0;0;1;;;39;25;3;2;3;6;;;;;;24;5;1;7;0;5;5;1;0;0;0;225;107;41;44;33;101;60;41;;342;227;115;;;;;;;
Bezirk Hamburg-Mitte;Wahlkreis 1 - Hamburg-Mitte;Horn;12813;STIMMBEZIRK;;;N;743;512;231;0;249;0;249;249;3;246;1215;413;229;34;10;20;32;36;9;8;14;21;186;70;45;6;16;5;18;4;10;2;10;15;5;2;6;2;0;0;0;0;;;57;9;9;19;15;5;;;;;;9;0;3;0;0;0;1;0;0;0;5;235;103;67;31;34;163;109;54;;137;76;61;;;;;;;
Bezirk Hamburg-Mitte;Wahlkreis 1 - Hamburg-Mitte;Horn;12901;STIMMBEZIRK;;;N;983;744;239;0;213;0;213;213;3;210;1050;240;104;31;13;16;17;31;6;2;7;13;328;96;30;8;6;18;132;13;7;4;14;63;18;5;7;5;0;19;0;9;;;43;15;6;7;4;11;;;;;;6;0;2;0;0;0;1;0;0;3;0;81;44;13;11;13;85;68;17;;204;117;87;;;;;;;
Bezirk Hamburg-Mitte;Wahlkreis 1 - Hamburg-Mitte;Horn;12902;STIMMBEZIRK;;;N;1126;952;174;0;283;3;280;283;23;260;1271;524;205;81;33;35;46;40;13;6;11;54;189;90;26;3;23;12;6;7;10;4;8;31;11;1;0;0;10;9;0;0;;;25;15;1;9;0;0;;;;;;12;1;5;0;0;5;0;0;0;1;0;162;92;29;17;24;64;34;30;;264;174;90;;;;;;;
Bezirk Hamburg-Mitte;Wahlkreis 1 - Hamburg-Mitte;Horn;12903;STIMMBEZIRK;;;N;995;825;170;0;301;6;295;301;16;285;1418;547;197;67;14;34;69;82;21;8;10;45;269;96;71;10;29;13;14;5;6;1;24;29;12;3;8;1;0;1;4;0;;;34;10;9;2;7;6;;;;;;30;0;5;0;0;8;5;0;0;10;2;195;114;29;24;28;117;77;40;;197;108;89;;;;;;;
Bezirk Hamburg-Mitte;Wahlkreis 1 - Hamburg-Mitte;Horn;12904;STIMMBEZIRK;;;N;1173;1026;147;0;348;0;348;347;18;329;1621;621;283;58;16;30;93;66;8;6;14;47;250;86;51;2;39;11;21;2;13;2;23;45;15;1;7;5;5;5;1;6;;;28;8;8;4;3;5;;;;;;75;38;5;2;3;11;12;0;3;0;1;335;199;56;44;36;47;30;17;;220;120;100;;;;;;;
Bezirk Hamburg-Mitte;Wahlkreis 1 - Hamburg-Mitte;Horn;12905;STIMMBEZIRK;;;N;1136;937;199;0;328;3;325;328;10;318;1582;489;192;77;14;41;78;35;14;8;8;22;288;131;56;19;30;10;10;5;7;1;19;34;16;2;7;1;2;1;5;0;;;38;21;7;5;1;4;;;;;;6;0;0;0;0;5;0;0;0;0;1;387;204;83;46;54;121;87;34;;219;142;77;;;;;;;
Bezirk Hamburg-Mitte;Wahlkreis 1 - Hamburg-Mitte;Horn;12909;STIMMBEZIRK;;;N;1040;853;187;0;300;3;297;300;16;284;1416;482;197;60;19;25;61;69;2;6;7;36;137;49;24;2;23;8;17;0;2;2;10;22;3;8;10;0;0;1;0;0;;;48;16;6;5;11;10;;;;;;20;5;0;0;0;5;0;0;0;10;0;329;173;72;48;36;138;109;29;;240;152;88;;;;;;;
Bezirk Hamburg-Mitte;Wahlkreis 1 - Hamburg-Mitte;Horn;12910;STIMMBEZIRK;;;N;1154;902;252;0;303;1;302;303;8;295;1465;494;209;67;22;21;72;62;2;10;10;19;198;84;53;5;8;3;11;8;7;1;18;20;13;1;2;1;2;0;1;0;;;35;18;5;1;5;6;;;;;;31;5;1;6;1;11;5;0;0;0;2;322;197;50;54;21;150;100;50;;215;120;95;;;;;;;
Bezirk Hamburg-Mitte;Wahlkreis 1 - Hamburg-Mitte;Horn;12911;STIMMBEZIRK;;;N;852;654;198;0;315;1;314;314;9;305;1483;546;207;70;27;39;87;51;6;17;12;30;274;105;67;11;38;9;13;1;7;2;21;41;20;4;12;1;2;0;0;2;;;40;12;5;5;14;4;;;;;;6;2;1;1;0;0;0;0;1;1;0;228;149;30;20;29;198;135;63;;150;98;52;;;;;;;
Bezirk Hamburg-Mitte;Wahlkreis 1 - Hamburg-Mitte;Horn;12912;STIMMBEZIRK;;;N;1149;837;312;0;389;7;382;389;12;377;1858;607;285;104;15;43;68;36;9;9;6;32;223;89;26;14;32;8;12;14;2;5;21;18;2;9;2;2;2;0;0;1;;;128;52;11;19;24;22;;;;;;29;11;4;2;2;8;2;0;0;0;0;358;169;75;73;41;276;198;78;;219;98;121;;;;;;;
Bezirk Hamburg-Mitte;Wahlkreis 1 - Hamburg-Mitte;Horn;12913;STIMMBEZIRK;;;N;840;634;206;0;395;3;392;395;6;389;1930;722;374;70;27;33;100;60;8;10;14;26;356;118;98;12;46;16;23;3;14;3;23;52;18;13;12;2;3;3;1;0;;;70;25;3;16;23;3;;;;;;8;5;0;0;0;1;2;0;0;0;0;229;112;50;43;24;301;208;93;;192;90;102;;;;;;;
Bezirk Hamburg-Mitte;Wahlkreis 1 - Hamburg-Mitte;Horn;12914;STIMMBEZIRK;;;N;1046;893;153;0;256;3;253;256;18;238;1171;429;189;36;23;64;29;25;13;6;9;35;168;82;20;8;31;6;11;3;3;1;3;4;1;0;0;0;2;1;0;0;;;30;6;4;8;10;2;;;;;;7;2;3;1;0;0;0;1;0;0;0;238;136;47;32;23;89;77;12;;206;123;83;;;;;;;
Bezirk Hamburg-Mitte;Wahlkreis 1 - Hamburg-Mitte;Horn;12916;STIMMBEZIRK;;;N;945;770;175;0;302;2;300;302;7;295;1461;588;243;82;24;34;77;63;6;12;12;35;166;78;28;3;13;9;13;1;1;3;17;16;3;2;3;0;1;1;0;6;;;50;12;11;10;8;9;;;;;;18;16;0;0;0;0;0;0;0;1;1;332;200;72;47;13;75;58;17;;216;137;79;;;;;;;
Bezirk Hamburg-Mitte;Wahlkreis 1 - Hamburg-Mitte;Horn;12917;STIMMBEZIRK;;;N;1093;797;296;0;375;5;370;375;15;360;1760;630;273;74;15;38;100;51;14;12;8;45;297;96;96;8;27;14;19;3;9;0;25;25;7;7;5;1;1;1;0;3;;;75;18;9;24;19;5;;;;;;11;0;4;0;6;0;0;0;0;0;1;245;149;33;34;29;215;144;71;;262;135;127;;;;;;;
Bezirk Hamburg-Mitte;Wahlkreis 1 - Hamburg-Mitte;Horn;12919;STIMMBEZIRK;;;N;931;736;195;0;283;1;282;283;22;261;1291;515;196;39;24;47;66;74;15;19;12;23;212;69;56;13;20;11;14;8;3;0;18;18;8;5;0;2;2;0;1;0;;;32;2;13;5;9;3;;;;;;33;5;1;1;5;18;2;0;0;0;1;201;109;32;31;29;102;60;42;;178;110;68;;;;;;;
Bezirk Hamburg-Mitte;Wahlkreis 1 - Hamburg-Mitte;Horn;1289901;BRIEFWAHLBEZIRK;;;N;0;0;0;0;506;506;0;499;3;496;2472;934;315;88;36;86;174;125;24;25;14;47;465;135;107;24;74;14;30;11;15;5;50;65;21;4;15;3;11;2;1;8;;;70;18;14;11;21;6;;;;;;18;10;1;0;4;0;0;1;0;2;0;286;145;78;37;26;302;228;74;;332;195;137;;;;;;;
Bezirk Hamburg-Mitte;Wahlkreis 1 - Hamburg-Mitte;Horn;1289902;BRIEFWAHLBEZIRK;;;N;0;0;0;0;505;505;0;505;4;501;2495;842;312;70;38;79;156;127;7;21;15;17;590;199;147;19;63;15;44;15;9;26;53;83;20;12;35;2;1;10;1;2;;;116;25;19;25;23;24;;;;;;16;0;3;1;5;2;1;0;0;2;2;281;142;64;43;32;302;214;88;;265;168;97;;;;;;;
Bezirk Hamburg-Mitte;Wahlkreis 1 - Hamburg-Mitte;Horn;1289903;BRIEFWAHLBEZIRK;;;N;0;0;0;0;501;501;0;501;4;497;2437;981;359;97;36;113;150;139;29;23;14;21;439;121;82;11;95;22;29;13;9;17;40;100;32;5;33;7;6;6;3;8;;;107;28;16;20;22;21;;;;;;36;8;6;0;4;1;10;1;2;3;1;273;142;52;51;28;238;128;110;;263;153;110;;;;;;;
Bezirk Hamburg-Mitte;Wahlkreis 1 - Hamburg-Mitte;Horn;1289904;BRIEFWAHLBEZIRK;;;N;0;0;0;0;488;488;0;486;1;485;2383;821;233;96;41;88;152;93;34;17;15;52;474;172;69;17;82;33;28;11;11;17;34;90;30;13;14;7;12;6;2;6;;;147;44;31;17;31;24;;;;;;11;1;0;1;8;1;0;0;0;0;0;385;197;69;55;64;240;164;76;;215;117;98;;;;;;;
Bezirk Hamburg-Mitte;Wahlkreis 1 - Hamburg-Mitte;Horn;1289905;BRIEFWAHLBEZIRK;;;N;0;0;0;0;441;441;0;436;3;433;2158;800;265;91;23;66;126;116;16;27;16;54;342;142;62;9;22;23;19;5;4;6;50;53;15;5;17;5;1;8;0;2;;;126;44;21;22;24;15;;;;;;19;3;2;0;10;1;0;0;0;1;2;397;207;94;58;38;299;231;68;;122;55;67;;;;;;;
Bezirk Hamburg-Mitte;Wahlkreis 1 - Hamburg-Mitte;Horn;1289906;BRIEFWAHLBEZIRK;;;N;0;0;0;0;456;456;0;454;3;451;2244;678;219;97;14;75;106;69;4;9;19;66;325;130;46;14;14;14;59;11;9;6;22;72;21;14;12;7;4;2;7;5;;;123;45;17;19;20;22;;;;;;58;15;7;8;3;12;6;5;0;2;0;469;219;118;92;40;313;207;106;;206;126;80;;;;;;;
Bezirk Hamburg-Mitte;Wahlkreis 1 - Hamburg-Mitte;Horn;1289907;BRIEFWAHLBEZIRK;;;N;0;0;0;0;457;457;0;456;0;456;2266;631;213;78;17;41;74;103;9;26;9;61;358;91;63;17;56;24;36;9;10;8;44;95;29;13;20;7;5;7;7;7;;;142;29;36;29;32;16;;;;;;42;4;9;3;6;7;2;0;1;8;2;424;197;99;80;48;376;267;109;;198;96;102;;;;;;;
Bezirk Hamburg-Mitte;Wahlkreis 1 - Hamburg-Mitte;Horn;1289908;BRIEFWAHLBEZIRK;;;N;0;0;0;0;451;451;0;451;4;447;2235;697;204;110;18;88;94;92;16;14;13;48;389;107;51;9;74;16;72;11;9;5;35;85;22;22;15;3;4;10;6;3;;;100;28;14;18;17;23;;;;;;11;1;1;0;3;2;0;3;0;0;1;518;266;132;73;47;306;207;99;;129;74;55;;;;;;;
Bezirk Hamburg-Mitte;Wahlkreis 1 - Hamburg-Mitte;Horn;1289909;BRIEFWAHLBEZIRK;;;N;0;0;0;0;455;455;0;455;17;438;2186;707;213;105;20;61;116;107;12;24;14;35;280;111;31;28;31;6;30;7;7;4;25;79;24;18;15;9;4;1;4;4;;;132;47;21;18;30;16;;;;;;52;16;11;0;3;10;0;1;4;5;2;522;263;124;72;63;319;252;67;;95;60;35;;;;;;;
Bezirk Hamburg-Mitte;Wahlkreis 2 - Billstedt - Wilhelmsburg - Finkenwerder;Billstedt;13001;STIMMBEZIRK;;;N;1124;778;346;0;372;6;366;371;11;360;1780;586;419;20;34;40;7;13;2;12;20;19;364;234;50;20;33;3;4;1;16;1;2;34;5;1;8;5;2;2;3;1;1;6;18;12;2;1;1;1;0;0;1;;;226;87;52;87;;;;;;;;340;111;44;185;;177;118;59;;30;30;;5;5;0;0;;;
Bezirk Hamburg-Mitte;Wahlkreis 2 - Billstedt - Wilhelmsburg - Finkenwerder;Billstedt;13002;STIMMBEZIRK;;;N;856;644;212;0;325;7;318;325;10;315;1548;606;436;19;38;44;4;20;9;5;10;21;371;272;42;24;6;8;2;3;8;6;0;29;8;0;8;5;0;4;1;1;0;2;16;16;0;0;0;0;0;0;0;;;109;56;18;35;;;;;;;;229;81;40;108;;122;61;61;;11;11;;37;37;18;18;;;
Bezirk Hamburg-Mitte;Wahlkreis 2 - Billstedt - Wilhelmsburg - Finkenwerder;Billstedt;13003;STIMMBEZIRK;;;N;1272;966;306;0;404;5;399;396;17;379;1868;758;564;33;21;40;11;20;19;9;13;28;349;216;43;19;18;9;4;2;10;6;22;30;1;1;3;7;6;3;0;0;2;7;57;40;1;6;0;2;5;0;3;;;174;72;47;55;;;;;;;;334;115;28;191;;101;61;40;;26;26;;26;26;13;13;;;
Bezirk Hamburg-Mitte;Wahlkreis 2 - Billstedt - Wilhelmsburg - Finkenwerder;Billstedt;13004;STIMMBEZIRK;;;N;1028;828;200;0;370;7;363;370;10;360;1773;671;497;19;27;53;13;9;6;19;15;13;375;279;35;17;21;5;6;3;2;7;0;51;5;1;7;22;2;8;3;1;2;0;29;16;1;12;0;0;0;0;0;;;165;84;51;30;;;;;;;;234;78;35;121;;180;89;91;;43;43;;17;17;8;8;;;
Bezirk Hamburg-Mitte;Wahlkreis 2 - Billstedt - Wilhelmsburg - Finkenwerder;Billstedt;13005;STIMMBEZIRK;;;N;968;789;179;0;212;3;209;212;6;206;1016;419;324;24;14;25;3;9;6;7;4;3;103;54;5;9;4;2;10;5;13;1;0;19;6;3;5;0;2;1;1;0;1;0;13;6;0;1;0;1;5;0;0;;;130;55;31;44;;;;;;;;203;76;20;107;;66;32;34;;14;14;;22;22;27;27;;;
Bezirk Hamburg-Mitte;Wahlkreis 2 - Billstedt - Wilhelmsburg - Finkenwerder;Billstedt;13006;STIMMBEZIRK;;;N;903;732;171;0;241;2;239;241;13;228;1124;451;387;20;8;16;3;6;3;0;7;1;192;137;13;3;23;6;2;0;5;1;2;13;1;2;2;2;1;2;1;0;1;1;33;24;2;4;1;1;0;1;0;;;102;62;22;18;;;;;;;;214;72;26;116;;56;38;18;;27;27;;21;21;15;15;;;
Bezirk Hamburg-Mitte;Wahlkreis 2 - Billstedt - Wilhelmsburg - Finkenwerder;Billstedt;13007;STIMMBEZIRK;;;N;896;757;139;0;296;0;296;296;8;288;1391;617;436;35;30;43;2;17;15;8;27;4;143;78;11;15;13;8;2;5;7;1;3;27;15;0;6;0;5;0;1;0;0;0;10;7;0;3;0;0;0;0;0;;;168;65;45;58;;;;;;;;290;101;45;144;;76;34;42;;14;14;;36;36;10;10;;;
Bezirk Hamburg-Mitte;Wahlkreis 2 - Billstedt - Wilhelmsburg - Finkenwerder;Billstedt;13008;STIMMBEZIRK;;;N;780;617;163;0;197;1;196;197;7;190;938;299;235;11;4;13;6;10;10;2;2;6;136;59;18;9;10;13;5;2;16;2;2;7;1;0;1;0;1;2;1;1;0;0;7;2;0;5;0;0;0;0;0;;;181;86;36;59;;;;;;;;160;33;13;114;;71;40;31;;20;20;;50;50;7;7;;;
Bezirk Hamburg-Mitte;Wahlkreis 2 - Billstedt - Wilhelmsburg - Finkenwerder;Billstedt;13009;STIMMBEZIRK;;;N;1083;868;215;0;348;0;348;348;11;337;1626;643;465;43;28;32;9;18;1;9;27;11;230;176;25;5;4;12;0;5;3;0;0;30;15;4;4;1;3;0;1;0;0;2;33;21;2;0;1;1;5;0;3;;;221;83;55;83;;;;;;;;259;95;36;128;;115;67;48;;10;10;;66;66;19;19;;;
Bezirk Hamburg-Mitte;Wahlkreis 2 - Billstedt - Wilhelmsburg - Finkenwerder;Billstedt;13011;STIMMBEZIRK;;;N;1052;843;209;0;275;4;271;275;10;265;1307;481;321;25;26;44;6;12;8;9;21;9;234;150;21;7;28;3;9;1;8;6;1;14;6;0;0;0;4;3;0;1;0;0;11;10;1;0;0;0;0;0;0;;;132;58;29;45;;;;;;;;301;101;18;182;;103;45;58;;29;29;;0;0;2;2;;;
Bezirk Hamburg-Mitte;Wahlkreis 2 - Billstedt - Wilhelmsburg - Finkenwerder;Billstedt;13012;STIMMBEZIRK;;;N;1157;974;183;0;314;2;312;305;16;289;1390;504;335;28;14;44;16;13;19;11;18;6;199;94;30;21;14;24;0;5;4;7;0;59;21;3;16;5;6;4;0;2;1;1;34;24;0;6;0;0;4;0;0;;;179;59;54;66;;;;;;;;234;65;47;122;;65;37;28;;18;18;;59;59;39;39;;;
Bezirk Hamburg-Mitte;Wahlkreis 2 - Billstedt - Wilhelmsburg - Finkenwerder;Billstedt;13013;STIMMBEZIRK;;;N;1197;940;257;0;321;2;319;321;7;314;1495;594;436;29;35;31;7;7;13;5;16;15;255;153;39;10;21;11;2;3;13;3;0;20;4;0;0;0;6;6;1;1;0;2;30;28;2;0;0;0;0;0;0;;;230;108;65;57;;;;;;;;186;51;43;92;;65;24;41;;18;18;;60;60;37;37;;;
Bezirk Hamburg-Mitte;Wahlkreis 2 - Billstedt - Wilhelmsburg - Finkenwerder;Billstedt;13014;STIMMBEZIRK;;;N;935;731;204;0;312;2;310;312;3;309;1468;485;331;27;25;30;6;26;8;5;15;12;290;184;36;22;21;8;2;1;7;4;5;17;0;0;8;0;4;5;0;0;0;0;25;16;3;4;0;0;0;0;2;;;113;44;30;39;;;;;;;;301;111;35;155;;90;63;27;;27;27;;83;83;37;37;;;
Bezirk Hamburg-Mitte;Wahlkreis 2 - Billstedt - Wilhelmsburg - Finkenwerder;Billstedt;13015;STIMMBEZIRK;;;N;1101;830;271;0;349;1;348;348;11;337;1658;622;482;9;23;43;5;17;14;5;20;4;383;280;36;17;5;20;2;0;14;9;0;20;0;1;0;0;2;5;0;5;0;7;44;13;18;2;1;2;6;1;1;;;125;67;22;36;;;;;;;;302;90;43;169;;68;46;22;;43;43;;18;18;33;33;;;
Bezirk Hamburg-Mitte;Wahlkreis 2 - Billstedt - Wilhelmsburg - Finkenwerder;Billstedt;13016;STIMMBEZIRK;;;N;1026;660;366;0;372;3;369;372;13;359;1757;717;558;25;28;35;10;9;6;9;25;12;445;326;48;25;12;6;3;5;18;2;0;24;10;0;3;2;6;2;0;0;0;1;24;9;5;10;0;0;0;0;0;;;129;58;39;32;;;;;;;;207;41;22;144;;100;57;43;;13;13;;53;53;45;45;;;
Bezirk Hamburg-Mitte;Wahlkreis 2 - Billstedt - Wilhelmsburg - Finkenwerder;Billstedt;13018;STIMMBEZIRK;;;N;1119;782;337;0;504;2;502;504;12;492;2429;813;582;43;29;56;15;29;4;14;22;19;601;413;67;30;33;18;9;5;12;11;3;49;14;6;1;5;2;8;3;2;3;5;28;20;6;1;1;0;0;0;0;;;221;88;69;64;;;;;;;;493;139;61;293;;183;98;85;;29;29;;9;9;3;3;;;
Bezirk Hamburg-Mitte;Wahlkreis 2 - Billstedt - Wilhelmsburg - Finkenwerder;Billstedt;13019;STIMMBEZIRK;;;N;848;759;89;0;267;2;265;267;8;259;1276;451;332;22;26;21;3;12;8;4;11;12;157;96;15;7;20;4;1;2;12;0;0;28;5;1;1;1;7;8;1;0;2;2;55;33;1;3;1;6;0;2;9;;;125;44;33;48;;;;;;;;395;141;42;212;;24;20;4;;8;8;;17;17;16;16;;;
Bezirk Hamburg-Mitte;Wahlkreis 2 - Billstedt - Wilhelmsburg - Finkenwerder;Billstedt;13020;STIMMBEZIRK;;;N;860;734;126;0;253;2;251;253;13;240;1183;494;328;33;23;41;5;15;13;10;6;20;195;137;8;16;9;16;0;0;8;0;1;12;1;0;0;0;1;5;0;0;0;5;16;11;0;0;0;0;5;0;0;;;141;81;27;33;;;;;;;;180;56;20;104;;49;37;12;;12;12;;66;66;18;18;;;
Bezirk Hamburg-Mitte;Wahlkreis 2 - Billstedt - Wilhelmsburg - Finkenwerder;Billstedt;13021;STIMMBEZIRK;;;N;1202;908;294;0;301;3;298;301;8;293;1425;534;402;28;13;25;19;19;4;12;7;5;346;215;36;11;18;12;4;7;10;32;1;16;6;0;1;0;2;4;1;0;0;2;29;24;1;2;1;1;0;0;0;;;173;56;48;69;;;;;;;;148;36;25;87;;109;50;59;;39;39;;28;28;3;3;;;
Bezirk Hamburg-Mitte;Wahlkreis 2 - Billstedt - Wilhelmsburg - Finkenwerder;Billstedt;13023;STIMMBEZIRK;;;N;1223;1071;152;0;346;6;340;346;6;340;1685;582;483;12;12;17;10;8;7;8;10;15;220;139;18;8;13;7;11;8;10;4;2;26;0;0;2;7;1;1;0;1;2;12;121;91;15;10;0;0;5;0;0;;;205;69;48;88;;;;;;;;384;115;43;226;;72;45;27;;29;29;;30;30;16;16;;;
Bezirk Hamburg-Mitte;Wahlkreis 2 - Billstedt - Wilhelmsburg - Finkenwerder;Billstedt;13024;STIMMBEZIRK;;;N;1325;1126;199;0;335;1;334;335;7;328;1603;732;630;47;11;6;5;5;8;3;10;7;204;127;30;8;13;8;3;0;8;6;1;44;27;0;3;10;2;2;0;0;0;0;30;28;1;1;0;0;0;0;0;;;159;57;33;69;;;;;;;;269;80;30;159;;92;60;32;;23;23;;40;40;10;10;;;
Bezirk Hamburg-Mitte;Wahlkreis 2 - Billstedt - Wilhelmsburg - Finkenwerder;Billstedt;13025;STIMMBEZIRK;;;N;988;806;182;0;335;1;334;335;8;327;1588;642;483;13;25;47;5;10;2;17;19;21;250;167;14;15;17;8;2;12;5;7;3;35;11;2;6;3;4;6;0;1;0;2;25;11;2;2;1;5;1;1;2;;;217;99;56;62;;;;;;;;207;47;42;118;;124;76;48;;26;26;;40;40;22;22;;;
Bezirk Hamburg-Mitte;Wahlkreis 2 - Billstedt - Wilhelmsburg - Finkenwerder;Billstedt;13026;STIMMBEZIRK;;;N;1108;879;229;0;368;3;365;368;13;355;1741;635;442;25;28;48;7;13;11;17;20;24;362;236;34;15;30;17;2;3;15;4;6;28;2;0;6;5;2;1;0;10;2;0;37;23;2;1;2;3;5;1;0;;;214;94;57;63;;;;;;;;304;77;27;200;;88;48;40;;19;19;;51;51;3;3;;;
Bezirk Hamburg-Mitte;Wahlkreis 2 - Billstedt - Wilhelmsburg - Finkenwerder;Billstedt;13028;STIMMBEZIRK;;;N;1005;754;251;0;401;2;399;400;8;392;1960;916;678;35;22;85;14;15;12;11;27;17;331;224;33;25;27;4;3;1;11;1;2;23;0;0;8;4;3;5;0;0;2;1;29;24;2;0;0;1;0;1;1;;;184;70;53;61;;;;;;;;316;100;32;184;;104;69;35;;37;37;;10;10;10;10;;;
Bezirk Hamburg-Mitte;Wahlkreis 2 - Billstedt - Wilhelmsburg - Finkenwerder;Billstedt;13030;STIMMBEZIRK;;;N;1185;891;294;0;450;3;447;450;17;433;2138;801;630;33;30;39;6;23;9;9;9;13;376;229;49;27;18;12;15;1;19;2;4;30;1;1;12;5;3;0;0;0;5;3;46;30;7;5;0;0;4;0;0;;;260;93;85;82;;;;;;;;415;101;46;268;;169;78;91;;25;25;;6;6;10;10;;;
Bezirk Hamburg-Mitte;Wahlkreis 2 - Billstedt - Wilhelmsburg - Finkenwerder;Billstedt;13032;STIMMBEZIRK;;;N;1019;772;247;0;332;2;330;332;8;324;1613;603;507;11;21;27;4;5;4;7;12;5;378;263;48;17;9;10;4;4;16;2;5;21;2;6;6;0;0;6;0;0;1;0;25;23;0;0;1;0;0;1;0;;;130;66;31;33;;;;;;;;304;109;36;159;;87;67;20;;8;8;;44;44;13;13;;;
Bezirk Hamburg-Mitte;Wahlkreis 2 - Billstedt - Wilhelmsburg - Finkenwerder;Billstedt;13033;STIMMBEZIRK;;;N;1151;945;206;0;326;2;324;326;10;316;1560;674;502;22;45;26;10;19;11;7;18;14;262;181;28;14;20;4;5;1;8;0;1;40;6;0;7;8;2;7;0;2;1;7;45;36;0;1;1;0;5;0;2;;;189;68;50;71;;;;;;;;247;84;24;139;;54;28;26;;16;16;;20;20;13;13;;;
Bezirk Hamburg-Mitte;Wahlkreis 2 - Billstedt - Wilhelmsburg - Finkenwerder;Billstedt;13034;STIMMBEZIRK;;;N;1011;832;179;0;317;1;316;317;13;304;1483;624;376;31;36;58;12;18;11;24;25;33;221;142;14;15;20;14;0;1;6;8;1;13;1;0;1;0;3;7;0;1;0;0;32;21;0;11;0;0;0;0;0;;;127;57;27;43;;;;;;;;315;93;34;188;;67;32;35;;15;15;;69;69;0;0;;;
Bezirk Hamburg-Mitte;Wahlkreis 2 - Billstedt - Wilhelmsburg - Finkenwerder;Billstedt;13035;STIMMBEZIRK;;;N;1271;1093;178;0;276;0;276;276;14;262;1298;480;342;26;38;18;3;4;5;15;14;15;216;130;27;3;5;13;11;6;11;10;0;29;9;0;2;4;3;1;0;0;5;5;26;17;2;0;1;0;5;0;1;;;166;76;25;65;;;;;;;;273;102;21;150;;36;20;16;;4;4;;40;40;28;28;;;
Bezirk Hamburg-Mitte;Wahlkreis 2 - Billstedt - Wilhelmsburg - Finkenwerder;Billstedt;13041;STIMMBEZIRK;;;N;1320;1041;279;0;526;1;525;526;15;511;2543;1048;799;28;60;58;11;24;25;7;16;20;539;329;46;28;32;34;15;16;19;10;10;60;22;1;6;9;10;7;2;1;1;1;42;21;7;1;0;3;10;0;0;;;200;90;66;44;;;;;;;;366;136;59;171;;171;97;74;;30;30;;67;67;20;20;;;
Bezirk Hamburg-Mitte;Wahlkreis 2 - Billstedt - Wilhelmsburg - Finkenwerder;Billstedt;13043;STIMMBEZIRK;;;N;1095;898;197;0;362;10;352;362;12;350;1725;644;487;23;13;51;19;5;15;9;16;6;363;196;48;34;36;6;4;7;5;17;10;24;9;0;2;0;3;3;0;5;0;2;9;1;4;3;0;0;1;0;0;;;205;105;50;50;;;;;;;;321;98;32;191;;82;48;34;;37;37;;35;35;5;5;;;
Bezirk Hamburg-Mitte;Wahlkreis 2 - Billstedt - Wilhelmsburg - Finkenwerder;Billstedt;13047;STIMMBEZIRK;;;N;1392;1228;164;0;331;0;331;331;17;314;1543;771;567;74;25;31;20;8;15;3;10;18;173;129;8;5;6;5;0;1;3;8;8;15;2;0;11;0;0;0;0;1;1;0;20;19;0;0;0;1;0;0;0;;;185;55;56;74;;;;;;;;262;77;49;136;;50;23;27;;17;17;;43;43;7;7;;;
Bezirk Hamburg-Mitte;Wahlkreis 2 - Billstedt - Wilhelmsburg - Finkenwerder;Billstedt;13053;STIMMBEZIRK;;;N;1121;925;196;0;216;2;214;215;10;205;1006;414;259;18;24;56;4;7;7;12;6;21;90;25;26;7;14;2;1;1;12;2;0;15;0;0;0;0;15;0;0;0;0;0;25;14;2;2;4;1;1;0;1;;;133;58;40;35;;;;;;;;217;80;29;108;;39;25;14;;22;22;;11;11;40;40;;;
Bezirk Hamburg-Mitte;Wahlkreis 2 - Billstedt - Wilhelmsburg - Finkenwerder;Billstedt;13054;STIMMBEZIRK;;;N;1091;919;172;0;339;1;338;339;21;318;1480;522;402;18;17;22;11;8;6;9;11;18;244;147;22;9;24;14;8;3;6;11;0;40;13;3;6;10;3;3;1;0;0;1;43;34;1;0;7;0;0;0;1;;;182;89;52;41;;;;;;;;311;91;32;188;;62;44;18;;32;32;;25;25;19;19;;;
Bezirk Hamburg-Mitte;Wahlkreis 2 - Billstedt - Wilhelmsburg - Finkenwerder;Billstedt;13055;STIMMBEZIRK;;;N;1138;981;157;0;281;2;279;281;11;270;1319;578;428;7;22;35;2;18;9;19;21;17;167;122;16;4;6;5;3;0;8;2;1;12;2;0;1;0;2;5;1;0;0;1;33;12;0;5;3;0;13;0;0;;;121;53;21;47;;;;;;;;302;119;31;152;;41;32;9;;12;12;;38;38;15;15;;;
Bezirk Hamburg-Mitte;Wahlkreis 2 - Billstedt - Wilhelmsburg - Finkenwerder;Billstedt;13057;STIMMBEZIRK;;;N;1056;896;160;0;340;3;337;340;15;325;1578;615;433;38;20;47;4;18;10;10;23;12;239;154;47;11;7;4;0;1;11;1;3;31;2;1;7;9;3;4;0;1;1;3;46;30;8;1;0;1;1;5;0;;;179;60;51;68;;;;;;;;339;102;36;201;;59;30;29;;22;22;;48;48;0;0;;;
Bezirk Hamburg-Mitte;Wahlkreis 2 - Billstedt - Wilhelmsburg - Finkenwerder;Billstedt;13058;STIMMBEZIRK;;;N;1169;989;180;0;324;2;322;324;10;314;1545;619;470;18;21;23;11;9;21;13;23;10;206;143;32;10;5;4;0;1;9;2;0;18;12;1;3;1;1;0;0;0;0;0;58;42;5;5;0;0;6;0;0;;;186;82;48;56;;;;;;;;334;110;44;180;;61;41;20;;6;6;;47;47;10;10;;;
Bezirk Hamburg-Mitte;Wahlkreis 2 - Billstedt - Wilhelmsburg - Finkenwerder;Billstedt;13061;STIMMBEZIRK;;;N;952;752;200;0;245;1;244;245;12;233;1155;373;262;20;21;25;6;18;2;4;12;3;214;150;27;11;5;4;7;0;9;1;0;6;1;0;0;0;0;0;0;5;0;0;15;9;2;1;1;0;0;0;2;;;155;58;27;70;;;;;;;;236;72;20;144;;90;60;30;;22;22;;39;39;5;5;;;
Bezirk Hamburg-Mitte;Wahlkreis 2 - Billstedt - Wilhelmsburg - Finkenwerder;Billstedt;1309901;BRIEFWAHLBEZIRK;;;N;0;0;0;0;509;509;0;508;3;505;2514;1230;904;38;66;64;19;26;12;19;42;40;589;399;51;33;41;28;8;3;11;9;6;30;10;1;6;1;0;6;1;0;2;3;23;12;10;1;0;0;0;0;0;;;107;45;19;43;;;;;;;;272;44;43;185;;192;83;109;;59;59;;5;5;7;7;;;
Bezirk Hamburg-Mitte;Wahlkreis 2 - Billstedt - Wilhelmsburg - Finkenwerder;Billstedt;1309902;BRIEFWAHLBEZIRK;;;N;0;0;0;0;506;506;0;504;15;489;2415;1132;823;76;49;54;10;20;29;16;35;20;505;326;75;25;22;20;5;4;26;2;0;46;20;0;7;2;5;3;0;0;6;3;16;7;6;2;0;0;0;1;0;;;138;72;23;43;;;;;;;;263;51;22;190;;225;126;99;;54;54;;7;7;29;29;;;
Bezirk Hamburg-Mitte;Wahlkreis 2 - Billstedt - Wilhelmsburg - Finkenwerder;Billstedt;1309903;BRIEFWAHLBEZIRK;;;N;0;0;0;0;501;501;0;501;10;491;2452;949;691;39;26;55;24;24;9;17;31;33;651;431;70;51;49;13;15;0;9;13;0;59;14;1;4;2;16;9;2;6;5;0;20;12;1;7;0;0;0;0;0;;;178;95;38;45;;;;;;;;385;116;55;214;;115;54;61;;66;66;;11;11;18;18;;;
Bezirk Hamburg-Mitte;Wahlkreis 2 - Billstedt - Wilhelmsburg - Finkenwerder;Billstedt;1309904;BRIEFWAHLBEZIRK;;;N;0;0;0;0;528;528;0;518;8;510;2535;1012;748;27;21;63;12;13;6;37;55;30;642;328;95;55;36;52;13;28;24;5;6;55;13;0;11;2;4;18;1;1;4;1;69;9;6;37;2;0;14;1;0;;;175;61;44;70;;;;;;;;347;100;29;218;;119;63;56;;83;83;;16;16;17;17;;;
Bezirk Hamburg-Mitte;Wahlkreis 2 - Billstedt - Wilhelmsburg - Finkenwerder;Billstedt;1309905;BRIEFWAHLBEZIRK;;;N;0;0;0;0;496;496;0;496;8;488;2430;1139;811;35;59;71;13;23;18;44;26;39;599;386;58;36;39;32;2;6;20;8;12;45;7;0;16;2;13;4;1;1;0;1;42;8;1;15;1;3;14;0;0;;;175;69;54;52;;;;;;;;166;35;34;97;;186;96;90;;52;52;;7;7;19;19;;;
Bezirk Hamburg-Mitte;Wahlkreis 2 - Billstedt - Wilhelmsburg - Finkenwerder;Billstedt;1309906;BRIEFWAHLBEZIRK;;;N;0;0;0;0;512;512;0;499;4;495;2472;980;642;57;48;76;16;32;26;20;33;30;596;376;85;31;38;13;6;12;25;8;2;29;9;1;6;1;2;8;0;0;1;1;14;5;0;7;0;2;0;0;0;;;219;81;60;78;;;;;;;;285;92;49;144;;178;115;63;;88;88;;59;59;24;24;;;
Bezirk Hamburg-Mitte;Wahlkreis 2 - Billstedt - Wilhelmsburg - Finkenwerder;Billstedt;1309907;BRIEFWAHLBEZIRK;;;N;0;0;0;0;500;500;0;499;7;492;2449;1177;815;51;61;81;17;28;18;40;37;29;593;411;65;36;23;22;7;2;14;8;5;38;6;0;20;1;4;2;1;1;0;3;22;11;5;4;0;2;0;0;0;;;135;55;40;40;;;;;;;;241;102;21;118;;155;78;77;;56;56;;13;13;19;19;;;
Bezirk Hamburg-Mitte;Wahlkreis 2 - Billstedt - Wilhelmsburg - Finkenwerder;Billstedt;1309908;BRIEFWAHLBEZIRK;;;N;0;0;0;0;453;453;0;452;4;448;2218;995;679;41;47;63;30;31;6;18;41;39;430;250;53;38;17;24;7;3;28;8;2;64;5;3;22;1;8;8;5;0;0;12;25;15;0;7;0;1;2;0;0;;;208;75;61;72;;;;;;;;250;87;16;147;;175;112;63;;44;44;;7;7;20;20;;;
Bezirk Hamburg-Mitte;Wahlkreis 2 - Billstedt - Wilhelmsburg - Finkenwerder;Billstedt;1309909;BRIEFWAHLBEZIRK;;;N;0;0;0;0;495;495;0;494;4;490;2436;993;637;70;65;81;21;34;18;15;31;21;526;308;78;48;40;12;6;8;14;9;3;98;14;1;33;6;13;20;2;2;1;6;19;4;11;2;0;1;0;0;1;;;272;95;90;87;;;;;;;;236;55;40;141;;186;88;98;;38;38;;32;32;36;36;;;
Bezirk Hamburg-Mitte;Wahlkreis 2 - Billstedt - Wilhelmsburg - Finkenwerder;Billstedt;1309910;BRIEFWAHLBEZIRK;;;N;0;0;0;0;408;408;0;406;5;401;1991;788;534;28;29;71;15;26;11;20;22;32;369;244;39;30;14;4;2;5;19;7;5;64;6;7;13;5;7;18;2;3;3;0;27;7;15;3;0;0;1;1;0;;;262;131;62;69;;;;;;;;208;96;20;92;;172;90;82;;34;34;;23;23;44;44;;;
Bezirk Hamburg-Mitte;Wahlkreis 2 - Billstedt - Wilhelmsburg - Finkenwerder;Billstedt;1309911;BRIEFWAHLBEZIRK;;;N;0;0;0;0;451;451;0;451;3;448;2210;759;529;35;26;55;4;22;11;16;30;31;531;284;85;38;29;24;15;1;28;18;9;79;19;0;4;1;26;16;6;2;5;0;50;14;17;2;2;5;2;2;6;;;220;84;61;75;;;;;;;;331;84;46;201;;121;60;61;;58;58;;43;43;18;18;;;
Bezirk Hamburg-Mitte;Wahlkreis 2 - Billstedt - Wilhelmsburg - Finkenwerder;Billstedt;1309912;BRIEFWAHLBEZIRK;;;N;0;0;0;0;443;443;0;443;7;436;2156;719;462;58;20;82;2;15;10;21;16;33;484;326;40;43;31;14;6;5;13;5;1;86;9;2;12;3;13;19;5;4;8;11;21;14;1;1;0;1;0;0;4;;;279;87;110;82;;;;;;;;257;81;41;135;;166;68;98;;94;94;;33;33;17;17;;;
Bezirk Hamburg-Mitte;Wahlkreis 2 - Billstedt - Wilhelmsburg - Finkenwerder;Billstedt;1309913;BRIEFWAHLBEZIRK;;;N;0;0;0;0;454;454;0;454;2;452;2242;882;585;40;43;83;18;24;9;21;29;30;434;292;26;25;28;14;5;3;21;7;13;91;36;1;10;10;9;14;2;1;2;6;62;41;6;8;1;2;3;1;0;;;254;102;79;73;;;;;;;;234;61;27;146;;140;71;69;;80;80;;40;40;25;25;;;
Bezirk Hamburg-Mitte;Wahlkreis 2 - Billstedt - Wilhelmsburg - Finkenwerder;Billstedt;1309914;BRIEFWAHLBEZIRK;;;N;0;0;0;0;462;462;0;462;7;455;2266;766;507;65;29;36;13;21;20;35;25;15;541;390;30;28;28;16;15;3;8;22;1;83;25;1;10;4;16;17;2;1;5;2;29;8;4;3;0;1;6;5;2;;;269;116;63;90;;;;;;;;261;57;31;173;;186;107;79;;54;54;;55;55;22;22;;;
Bezirk Hamburg-Mitte;Wahlkreis 2 - Billstedt - Wilhelmsburg - Finkenwerder;Billstedt;1309915;BRIEFWAHLBEZIRK;;;N;0;0;0;0;468;468;0;468;2;466;2319;726;489;71;28;39;18;18;9;14;25;15;605;377;38;36;26;40;14;14;35;16;9;67;10;0;3;1;4;37;3;1;0;8;20;13;1;3;0;2;0;1;0;;;248;123;76;49;;;;;;;;303;88;41;174;;221;108;113;;65;65;;42;42;22;22;;;
Bezirk Hamburg-Mitte;Wahlkreis 2 - Billstedt - Wilhelmsburg - Finkenwerder;Billbrook/Rothenburgsort;13101;STIMMBEZIRK;;;N;283;229;54;0;62;1;61;62;0;62;310;98;44;13;3;19;2;2;0;3;12;0;84;34;19;12;5;3;1;4;2;2;2;6;0;0;5;0;1;0;0;0;0;0;9;0;1;0;0;0;0;8;0;;;53;40;8;5;;;;;;;;45;18;12;15;;13;8;5;;2;2;;0;0;0;0;;;
Bezirk Hamburg-Mitte;Wahlkreis 2 - Billstedt - Wilhelmsburg - Finkenwerder;Billbrook/Rothenburgsort;13201;STIMMBEZIRK;;;N;473;384;89;0;134;0;134;134;2;132;639;205;22;98;22;13;1;15;0;8;16;10;120;26;71;7;7;3;3;1;0;1;1;5;0;0;0;0;0;0;1;1;2;1;10;6;1;1;1;1;0;0;0;;;116;70;23;23;;;;;;;;125;73;23;29;;38;18;20;;15;15;;2;2;3;3;;;
Bezirk Hamburg-Mitte;Wahlkreis 2 - Billstedt - Wilhelmsburg - Finkenwerder;Billbrook/Rothenburgsort;13202;STIMMBEZIRK;;;N;818;674;144;0;215;5;210;215;6;209;1033;486;59;320;9;7;1;49;1;1;39;0;138;29;89;6;6;1;1;0;1;0;5;23;16;1;0;0;0;5;1;0;0;0;10;7;2;0;0;1;0;0;0;;;115;63;38;14;;;;;;;;167;80;31;56;;38;27;11;;27;27;;24;24;5;5;;;
Bezirk Hamburg-Mitte;Wahlkreis 2 - Billstedt - Wilhelmsburg - Finkenwerder;Billbrook/Rothenburgsort;13203;STIMMBEZIRK;;;N;1566;1244;322;0;428;3;425;427;10;417;2073;876;66;546;30;24;7;79;16;7;94;7;264;88;138;11;4;5;2;1;8;6;1;20;1;0;5;0;3;10;0;1;0;0;27;14;1;2;5;2;0;1;2;;;332;192;89;51;;;;;;;;333;182;63;88;;145;101;44;;24;24;;31;31;21;21;;;
Bezirk Hamburg-Mitte;Wahlkreis 2 - Billstedt - Wilhelmsburg - Finkenwerder;Billbrook/Rothenburgsort;13301;STIMMBEZIRK;;;N;1045;812;233;0;360;3;357;359;1;358;1779;562;44;378;18;31;5;25;4;13;41;3;190;59;80;12;5;8;6;5;3;2;10;44;20;3;3;3;2;0;1;9;1;2;6;1;0;5;0;0;0;0;0;;;394;179;170;45;;;;;;;;218;91;68;59;;263;164;99;;65;65;;30;30;7;7;;;
Bezirk Hamburg-Mitte;Wahlkreis 2 - Billstedt - Wilhelmsburg - Finkenwerder;Billbrook/Rothenburgsort;13302;STIMMBEZIRK;;;N;965;771;194;0;286;2;284;286;7;279;1371;513;36;332;26;10;1;61;4;6;31;6;226;54;125;13;3;5;11;1;8;6;0;23;12;1;3;1;3;3;0;0;0;0;6;1;1;0;2;1;0;1;0;;;194;101;72;21;;;;;;;;225;117;25;83;;99;66;33;;56;56;;20;20;9;9;;;
Bezirk Hamburg-Mitte;Wahlkreis 2 - Billstedt - Wilhelmsburg - Finkenwerder;Billbrook/Rothenburgsort;13303;STIMMBEZIRK;;;N;679;551;128;0;230;1;229;230;6;224;1107;410;40;245;26;10;9;30;1;9;38;2;158;18;104;5;6;8;7;7;1;2;0;7;7;0;0;0;0;0;0;0;0;0;9;7;0;2;0;0;0;0;0;;;237;121;92;24;;;;;;;;181;86;32;63;;73;48;25;;22;22;;10;10;0;0;;;
Bezirk Hamburg-Mitte;Wahlkreis 2 - Billstedt - Wilhelmsburg - Finkenwerder;Billbrook/Rothenburgsort;1319901;BRIEFWAHLBEZIRK;;;N;0;0;0;0;516;516;0;502;7;495;2471;1006;128;506;43;25;6;113;8;9;150;18;353;57;169;26;34;17;7;7;12;11;13;52;9;10;1;2;8;10;7;2;3;0;19;4;6;4;0;1;2;2;0;;;332;175;109;48;;;;;;;;352;167;45;140;;198;131;67;;107;107;;30;30;22;22;;;
Bezirk Hamburg-Mitte;Wahlkreis 2 - Billstedt - Wilhelmsburg - Finkenwerder;Billbrook/Rothenburgsort;1319902;BRIEFWAHLBEZIRK;;;N;0;0;0;0;515;515;0;513;8;505;2497;902;185;435;21;46;11;83;10;20;80;11;343;87;154;21;39;5;4;10;12;8;3;66;31;2;6;2;2;0;10;7;3;3;20;9;5;0;1;5;0;0;0;;;482;235;183;64;;;;;;;;193;80;29;84;;344;197;147;;125;125;;6;6;16;16;;;
Bezirk Hamburg-Mitte;Wahlkreis 2 - Billstedt - Wilhelmsburg - Finkenwerder;Veddel;13401;STIMMBEZIRK;;;N;874;658;216;0;297;5;292;297;5;292;1452;406;165;61;39;7;8;3;12;100;11;0;97;14;17;13;4;7;12;18;8;0;4;8;8;0;0;0;0;0;0;0;0;0;39;16;0;2;1;0;5;0;15;;;525;274;207;44;;;;;;;;70;43;8;19;;162;43;119;;29;29;;99;99;17;17;;;
Bezirk Hamburg-Mitte;Wahlkreis 2 - Billstedt - Wilhelmsburg - Finkenwerder;Veddel;13404;STIMMBEZIRK;;;N;960;779;181;0;303;6;297;303;5;298;1465;413;182;53;29;24;9;13;10;93;0;0;124;19;8;29;2;7;6;24;9;8;12;15;11;4;0;0;0;0;0;0;0;0;32;9;0;7;1;0;2;10;3;;;519;296;182;41;;;;;;;;135;76;23;36;;128;69;59;;22;22;;64;64;13;13;;;
Bezirk Hamburg-Mitte;Wahlkreis 2 - Billstedt - Wilhelmsburg - Finkenwerder;Veddel;1349901;BRIEFWAHLBEZIRK;;;N;0;0;0;0;341;341;0;341;2;339;1693;332;96;44;26;23;3;10;6;111;10;3;108;8;18;15;6;5;3;51;2;0;0;46;33;2;1;0;1;5;1;0;2;1;20;14;0;1;2;1;0;1;1;;;731;405;280;46;;;;;;;;40;22;4;14;;271;174;97;;121;121;;13;13;11;11;;;
Bezirk Hamburg-Mitte;Wahlkreis 2 - Billstedt - Wilhelmsburg - Finkenwerder;Wilhelmsburg;13501;STIMMBEZIRK;;;N;678;485;193;0;335;5;330;335;7;328;1612;526;56;16;396;23;5;2;8;10;8;2;440;3;51;303;23;6;8;13;28;5;0;26;4;8;3;2;1;0;0;0;8;0;14;8;6;0;0;0;0;0;0;;;120;57;47;16;;;;;;;;208;150;20;38;;187;137;50;;44;44;;26;26;21;21;;;
Bezirk Hamburg-Mitte;Wahlkreis 2 - Billstedt - Wilhelmsburg - Finkenwerder;Wilhelmsburg;13601;STIMMBEZIRK;;;N;776;671;105;0;340;1;339;340;6;334;1655;798;34;2;702;21;2;5;1;21;9;1;254;50;5;101;3;2;13;20;55;1;4;18;10;3;5;0;0;0;0;0;0;0;20;7;0;5;5;2;0;0;1;;;103;80;18;5;;;;;;;;321;222;54;45;;70;47;23;;21;21;;36;36;14;14;;;
Bezirk Hamburg-Mitte;Wahlkreis 2 - Billstedt - Wilhelmsburg - Finkenwerder;Wilhelmsburg;13602;STIMMBEZIRK;;;N;783;699;84;0;242;2;240;241;7;234;1159;425;70;23;257;19;9;10;20;8;4;5;126;21;3;59;3;1;6;7;19;1;6;16;15;0;0;0;0;0;0;0;0;1;31;1;1;11;11;2;2;1;2;;;230;125;89;16;;;;;;;;182;114;13;55;;30;29;1;;6;6;;102;102;11;11;;;
Bezirk Hamburg-Mitte;Wahlkreis 2 - Billstedt - Wilhelmsburg - Finkenwerder;Wilhelmsburg;13604;STIMMBEZIRK;;;N;1209;970;239;0;331;6;325;331;12;319;1575;434;71;13;276;13;5;4;27;10;4;11;175;32;2;73;7;5;2;18;21;5;10;31;13;3;2;1;5;1;3;1;1;1;38;16;0;0;5;0;5;0;12;;;338;157;148;33;;;;;;;;109;76;15;18;;171;126;45;;31;31;;189;189;59;59;;;
Bezirk Hamburg-Mitte;Wahlkreis 2 - Billstedt - Wilhelmsburg - Finkenwerder;Wilhelmsburg;13606;STIMMBEZIRK;;;N;1457;1211;246;0;384;8;376;384;23;361;1783;584;79;23;373;39;4;5;27;15;6;13;178;56;8;45;3;19;7;10;16;8;6;10;10;0;0;0;0;0;0;0;0;0;78;26;2;8;13;0;25;0;4;;;413;197;192;24;;;;;;;;133;85;11;37;;106;62;44;;17;17;;201;201;63;63;;;
Bezirk Hamburg-Mitte;Wahlkreis 2 - Billstedt - Wilhelmsburg - Finkenwerder;Wilhelmsburg;13607;STIMMBEZIRK;;;N;1310;1005;305;0;471;4;467;469;10;459;2264;875;117;24;631;21;7;12;26;15;17;5;319;30;19;180;10;17;16;7;23;1;16;45;25;4;1;0;0;1;1;3;7;3;33;25;0;0;6;0;0;0;2;;;280;151;101;28;;;;;;;;217;177;18;22;;260;216;44;;72;72;;143;143;20;20;;;
Bezirk Hamburg-Mitte;Wahlkreis 2 - Billstedt - Wilhelmsburg - Finkenwerder;Wilhelmsburg;13608;STIMMBEZIRK;;;N;845;644;201;0;393;2;391;393;7;386;1882;813;86;20;601;34;11;9;17;12;11;12;366;39;35;209;9;3;7;19;40;2;3;36;6;19;7;0;0;3;1;0;0;0;11;0;1;0;5;0;0;5;0;;;184;96;74;14;;;;;;;;233;167;26;40;;152;122;30;;33;33;;28;28;26;26;;;
Bezirk Hamburg-Mitte;Wahlkreis 2 - Billstedt - Wilhelmsburg - Finkenwerder;Wilhelmsburg;13609;STIMMBEZIRK;;;N;1229;960;269;0;451;1;450;451;14;437;2136;733;76;27;530;27;3;16;19;17;9;9;347;22;21;215;6;4;6;26;42;0;5;32;8;4;1;5;0;2;2;0;8;2;11;3;0;0;2;0;0;5;1;;;373;210;127;36;;;;;;;;333;203;44;86;;129;102;27;;59;59;;82;82;37;37;;;
Bezirk Hamburg-Mitte;Wahlkreis 2 - Billstedt - Wilhelmsburg - Finkenwerder;Wilhelmsburg;13610;STIMMBEZIRK;;;N;1111;696;415;0;371;3;368;371;6;365;1799;788;60;10;633;15;12;6;23;11;10;8;247;27;19;140;8;0;0;15;35;2;1;7;2;0;0;0;0;0;0;5;0;0;12;6;0;0;5;1;0;0;0;;;219;134;49;36;;;;;;;;257;201;30;26;;148;126;22;;60;60;;54;54;7;7;;;
Bezirk Hamburg-Mitte;Wahlkreis 2 - Billstedt - Wilhelmsburg - Finkenwerder;Wilhelmsburg;13611;STIMMBEZIRK;;;N;765;505;260;0;260;5;255;260;5;255;1257;477;48;2;368;20;2;1;11;12;12;1;208;37;22;93;8;10;15;1;18;4;0;45;9;25;0;0;0;0;1;0;5;5;27;20;0;0;7;0;0;0;0;;;159;81;61;17;;;;;;;;172;119;27;26;;97;82;15;;36;36;;24;24;12;12;;;
Bezirk Hamburg-Mitte;Wahlkreis 2 - Billstedt - Wilhelmsburg - Finkenwerder;Wilhelmsburg;13614;STIMMBEZIRK;;;N;1054;878;176;0;299;3;296;299;5;294;1437;615;72;11;442;21;9;11;6;15;14;14;134;19;9;63;7;2;5;5;19;5;0;11;4;2;1;1;0;0;1;0;1;1;25;12;0;2;11;0;0;0;0;;;226;113;96;17;;;;;;;;266;175;32;59;;67;40;27;;16;16;;60;60;17;17;;;
Bezirk Hamburg-Mitte;Wahlkreis 2 - Billstedt - Wilhelmsburg - Finkenwerder;Wilhelmsburg;13616;STIMMBEZIRK;;;N;1246;1124;122;0;329;1;328;327;11;316;1569;729;124;47;441;31;13;5;24;11;6;27;132;17;10;31;7;32;13;6;13;2;1;6;5;0;0;0;0;0;1;0;0;0;37;1;0;0;31;0;0;0;5;;;307;176;107;24;;;;;;;;157;123;16;18;;18;12;6;;30;30;;141;141;12;12;;;
Bezirk Hamburg-Mitte;Wahlkreis 2 - Billstedt - Wilhelmsburg - Finkenwerder;Wilhelmsburg;13617;STIMMBEZIRK;;;N;785;671;114;0;215;2;213;215;8;207;1009;436;41;16;344;5;2;1;9;11;4;3;103;6;8;36;4;2;3;7;18;18;1;14;14;0;0;0;0;0;0;0;0;0;15;2;0;7;6;0;0;0;0;;;133;66;53;14;;;;;;;;184;106;45;33;;16;6;10;;9;9;;80;80;19;19;;;
Bezirk Hamburg-Mitte;Wahlkreis 2 - Billstedt - Wilhelmsburg - Finkenwerder;Wilhelmsburg;13620;STIMMBEZIRK;;;N;1011;839;172;0;298;0;298;298;7;291;1437;569;39;28;435;25;6;2;11;11;9;3;146;9;16;72;11;9;1;10;15;3;0;37;24;5;2;1;0;0;2;1;2;0;18;6;0;2;9;0;0;1;0;;;204;103;74;27;;;;;;;;300;182;34;84;;30;23;7;;14;14;;104;104;15;15;;;
Bezirk Hamburg-Mitte;Wahlkreis 2 - Billstedt - Wilhelmsburg - Finkenwerder;Wilhelmsburg;13701;STIMMBEZIRK;;;N;901;642;259;0;368;14;354;368;8;360;1799;265;22;10;190;13;1;4;5;14;5;1;117;18;2;34;4;4;9;10;30;6;0;5;5;0;0;0;0;0;0;0;0;0;19;14;5;0;0;0;0;0;0;;;968;554;351;63;;;;;;;;114;96;7;11;;205;159;46;;71;71;;32;32;3;3;;;
Bezirk Hamburg-Mitte;Wahlkreis 2 - Billstedt - Wilhelmsburg - Finkenwerder;Wilhelmsburg;13702;STIMMBEZIRK;;;N;1144;848;296;0;394;5;389;394;7;387;1919;459;67;24;306;15;9;3;7;12;10;6;144;19;10;28;3;23;37;12;10;0;2;10;1;2;1;0;0;0;0;0;6;0;37;5;2;10;10;0;5;0;5;;;832;514;282;36;;;;;;;;46;17;9;20;;200;152;48;;78;78;;83;83;30;30;;;
Bezirk Hamburg-Mitte;Wahlkreis 2 - Billstedt - Wilhelmsburg - Finkenwerder;Wilhelmsburg;13703;STIMMBEZIRK;;;N;1207;921;286;0;362;6;356;360;13;347;1735;454;84;54;224;14;0;7;34;12;12;13;98;3;12;62;3;2;0;11;5;0;0;5;0;5;0;0;0;0;0;0;0;0;12;12;0;0;0;0;0;0;0;;;701;390;268;43;;;;;;;;109;57;23;29;;257;210;47;;28;28;;66;66;5;5;;;
Bezirk Hamburg-Mitte;Wahlkreis 2 - Billstedt - Wilhelmsburg - Finkenwerder;Wilhelmsburg;13704;STIMMBEZIRK;;;N;982;720;262;0;395;9;386;395;4;391;1948;373;71;27;228;11;9;8;13;3;2;1;83;21;7;40;2;1;1;2;9;0;0;7;0;3;0;0;2;1;0;0;1;0;5;0;4;0;0;1;0;0;0;;;970;592;328;50;;;;;;;;66;39;11;16;;320;245;75;;96;96;;23;23;5;5;;;
Bezirk Hamburg-Mitte;Wahlkreis 2 - Billstedt - Wilhelmsburg - Finkenwerder;Wilhelmsburg;13706;STIMMBEZIRK;;;N;1236;840;396;0;420;11;409;420;0;420;2047;325;31;18;229;15;3;6;8;8;3;4;100;7;6;51;3;8;5;7;13;0;0;16;6;1;5;1;0;0;0;0;3;0;2;1;0;0;0;0;0;0;1;;;1073;596;400;77;;;;;;;;111;57;18;36;;330;268;62;;61;61;;26;26;3;3;;;
Bezirk Hamburg-Mitte;Wahlkreis 2 - Billstedt - Wilhelmsburg - Finkenwerder;Wilhelmsburg;13708;STIMMBEZIRK;;;N;1246;1010;236;0;409;10;399;409;7;402;1970;661;65;107;384;19;6;7;32;11;9;21;129;10;2;36;13;5;12;13;22;3;13;7;0;7;0;0;0;0;0;0;0;0;28;15;0;1;7;2;0;2;1;;;514;295;193;26;;;;;;;;159;96;33;30;;241;185;56;;56;56;;161;161;14;14;;;
Bezirk Hamburg-Mitte;Wahlkreis 2 - Billstedt - Wilhelmsburg - Finkenwerder;Wilhelmsburg;13709;STIMMBEZIRK;;;N;1252;995;257;0;395;3;392;395;3;392;1951;556;84;48;335;20;9;7;28;13;6;6;79;11;3;32;6;2;7;12;6;0;0;9;3;0;0;0;1;0;0;0;5;0;10;6;1;1;2;0;0;0;0;;;781;440;285;56;;;;;;;;101;75;18;8;;239;188;51;;77;77;;73;73;26;26;;;
Bezirk Hamburg-Mitte;Wahlkreis 2 - Billstedt - Wilhelmsburg - Finkenwerder;Wilhelmsburg;13714;STIMMBEZIRK;;;N;1278;1037;241;0;365;10;355;365;7;358;1769;468;67;21;289;19;20;12;19;9;1;11;148;30;14;27;2;5;9;20;13;1;27;25;0;11;3;0;5;0;3;0;3;0;57;11;8;2;25;1;0;10;0;;;465;224;211;30;;;;;;;;183;114;50;19;;145;117;28;;34;34;;203;203;41;41;;;
Bezirk Hamburg-Mitte;Wahlkreis 2 - Billstedt - Wilhelmsburg - Finkenwerder;Wilhelmsburg;13715;STIMMBEZIRK;;;N;1113;855;258;0;269;2;267;269;4;265;1313;472;82;11;315;18;8;4;14;9;8;3;133;8;5;54;3;3;9;11;26;3;11;12;0;2;0;5;0;0;0;0;5;0;20;5;2;1;7;5;0;0;0;;;268;169;74;25;;;;;;;;163;86;43;34;;121;100;21;;27;27;;60;60;37;37;;;
Bezirk Hamburg-Mitte;Wahlkreis 2 - Billstedt - Wilhelmsburg - Finkenwerder;Wilhelmsburg;13716;STIMMBEZIRK;;;N;1128;797;331;0;402;4;398;402;10;392;1943;575;62;10;415;26;3;21;8;10;12;8;145;15;14;67;2;1;1;13;23;2;7;15;6;6;1;1;1;0;0;0;0;0;3;0;2;0;1;0;0;0;0;;;425;232;148;45;;;;;;;;254;160;29;65;;371;279;92;;90;90;;56;56;9;9;;;
Bezirk Hamburg-Mitte;Wahlkreis 2 - Billstedt - Wilhelmsburg - Finkenwerder;Wilhelmsburg;13717;STIMMBEZIRK;;;N;1017;748;269;0;360;5;355;360;6;354;1735;561;56;17;419;23;3;9;7;13;9;5;186;23;9;88;7;0;0;8;41;5;5;17;3;11;0;0;3;0;0;0;0;0;17;0;0;5;12;0;0;0;0;;;391;211;145;35;;;;;;;;239;147;51;41;;243;197;46;;65;65;;16;16;0;0;;;
Bezirk Hamburg-Mitte;Wahlkreis 2 - Billstedt - Wilhelmsburg - Finkenwerder;Wilhelmsburg;13719;STIMMBEZIRK;;;N;1147;845;302;0;390;8;382;390;11;379;1856;522;53;20;372;34;10;10;2;7;6;8;229;29;25;109;19;2;3;10;30;1;1;21;16;1;1;0;0;0;0;0;2;1;9;1;5;0;2;0;0;0;1;;;325;161;136;28;;;;;;;;103;76;16;11;;321;245;76;;197;197;;122;122;7;7;;;
Bezirk Hamburg-Mitte;Wahlkreis 2 - Billstedt - Wilhelmsburg - Finkenwerder;Wilhelmsburg;1359901;BRIEFWAHLBEZIRK;;;N;0;0;0;0;512;512;0;503;8;495;2423;975;46;13;787;31;8;12;14;37;13;14;262;29;14;170;9;5;5;12;12;0;6;63;13;32;1;0;6;2;1;0;8;0;30;7;6;2;8;6;1;0;0;;;458;268;169;21;;;;;;;;197;129;17;51;;287;222;65;;103;103;;35;35;13;13;;;
Bezirk Hamburg-Mitte;Wahlkreis 2 - Billstedt - Wilhelmsburg - Finkenwerder;Wilhelmsburg;1359902;BRIEFWAHLBEZIRK;;;N;0;0;0;0;503;503;0;502;2;500;2474;1052;103;26;809;32;15;12;9;22;15;9;321;14;33;175;15;7;6;26;40;3;2;34;2;17;0;0;1;1;0;0;11;2;23;0;6;6;8;2;0;1;0;;;442;250;181;11;;;;;;;;192;116;33;43;;245;192;53;;104;104;;30;30;31;31;;;
Bezirk Hamburg-Mitte;Wahlkreis 2 - Billstedt - Wilhelmsburg - Finkenwerder;Wilhelmsburg;1359903;BRIEFWAHLBEZIRK;;;N;0;0;0;0;508;508;0;506;6;500;2496;814;47;12;660;27;8;8;16;9;11;16;500;20;38;326;32;19;9;11;32;6;7;41;14;12;3;0;2;1;2;1;6;0;34;10;7;0;17;0;0;0;0;;;376;214;141;21;;;;;;;;260;157;37;66;;342;257;85;;89;89;;25;25;15;15;;;
Bezirk Hamburg-Mitte;Wahlkreis 2 - Billstedt - Wilhelmsburg - Finkenwerder;Wilhelmsburg;1359904;BRIEFWAHLBEZIRK;;;N;0;0;0;0;460;460;0;460;3;457;2272;801;97;25;560;24;11;11;18;36;12;7;233;14;15;132;9;7;2;21;25;5;3;19;5;11;0;0;0;0;2;0;1;0;18;0;3;2;11;1;0;1;0;;;603;381;187;35;;;;;;;;193;156;16;21;;232;175;57;;110;110;;43;43;20;20;;;
Bezirk Hamburg-Mitte;Wahlkreis 2 - Billstedt - Wilhelmsburg - Finkenwerder;Wilhelmsburg;1359905;BRIEFWAHLBEZIRK;;;N;0;0;0;0;457;457;0;456;4;452;2252;801;55;22;633;24;6;8;15;13;14;11;272;30;16;160;15;6;4;8;22;0;11;36;3;16;1;0;5;2;0;0;8;1;39;23;0;1;3;6;0;5;1;;;430;248;159;23;;;;;;;;190;126;28;36;;248;204;44;;157;157;;58;58;21;21;;;
Bezirk Hamburg-Mitte;Wahlkreis 2 - Billstedt - Wilhelmsburg - Finkenwerder;Wilhelmsburg;1359906;BRIEFWAHLBEZIRK;;;N;0;0;0;0;459;459;0;459;8;451;2235;714;74;24;525;26;8;12;13;24;3;5;309;23;21;144;23;30;3;15;29;0;21;30;5;13;8;0;4;0;0;0;0;0;15;5;0;0;2;1;0;7;0;;;557;328;190;39;;;;;;;;155;92;32;31;;326;234;92;;89;89;;39;39;1;1;;;
Bezirk Hamburg-Mitte;Wahlkreis 2 - Billstedt - Wilhelmsburg - Finkenwerder;Wilhelmsburg;1359907;BRIEFWAHLBEZIRK;;;N;0;0;0;0;453;453;0;453;1;452;2230;646;98;25;426;31;3;6;22;17;13;5;276;17;26;161;8;18;5;1;17;16;7;25;12;3;0;0;0;0;0;0;9;1;30;8;3;7;12;0;0;0;0;;;702;374;269;59;;;;;;;;153;77;31;45;;248;185;63;;110;110;;25;25;15;15;;;
Bezirk Hamburg-Mitte;Wahlkreis 2 - Billstedt - Wilhelmsburg - Finkenwerder;Wilhelmsburg;1359908;BRIEFWAHLBEZIRK;;;N;0;0;0;0;462;462;0;462;9;453;2240;730;78;22;513;30;8;19;24;10;14;12;326;22;25;179;25;13;5;25;25;2;5;63;12;24;4;1;5;3;4;6;4;0;5;2;0;2;1;0;0;0;0;;;589;357;200;32;;;;;;;;132;88;25;19;;247;150;97;;88;88;;49;49;11;11;;;
Bezirk Hamburg-Mitte;Wahlkreis 2 - Billstedt - Wilhelmsburg - Finkenwerder;Wilhelmsburg;1359909;BRIEFWAHLBEZIRK;;;N;0;0;0;0;461;461;0;459;7;452;2258;730;90;56;455;17;11;7;28;33;19;14;213;23;21;103;7;5;1;21;26;0;6;39;2;16;6;0;0;5;8;0;2;0;37;9;1;1;23;1;0;1;1;;;629;366;207;56;;;;;;;;159;95;34;30;;243;174;69;;87;87;;94;94;27;27;;;
Bezirk Hamburg-Mitte;Wahlkreis 2 - Billstedt - Wilhelmsburg - Finkenwerder;Wilhelmsburg;1359910;BRIEFWAHLBEZIRK;;;N;0;0;0;0;453;453;0;452;2;450;2245;731;101;56;439;35;14;15;39;25;2;5;236;22;16;86;9;15;11;8;15;4;50;64;21;16;1;2;2;0;7;2;8;5;25;8;1;1;12;0;1;0;2;;;601;315;242;44;;;;;;;;167;117;27;23;;269;200;69;;52;52;;87;87;13;13;;;
Bezirk Hamburg-Mitte;Wahlkreis 2 - Billstedt - Wilhelmsburg - Finkenwerder;Wilhelmsburg;1359911;BRIEFWAHLBEZIRK;;;N;0;0;0;0;461;461;0;461;2;459;2255;581;61;43;395;19;11;15;23;6;6;2;197;21;23;101;8;9;2;11;14;1;7;29;1;7;0;0;7;8;2;2;2;0;11;7;0;0;3;0;0;0;1;;;761;388;300;73;;;;;;;;141;104;19;18;;304;229;75;;128;128;;64;64;39;39;;;
Bezirk Hamburg-Mitte;Wahlkreis 2 - Billstedt - Wilhelmsburg - Finkenwerder;Wilhelmsburg;1359912;BRIEFWAHLBEZIRK;;;N;0;0;0;0;455;455;0;452;3;449;2244;700;102;62;426;31;10;4;18;17;15;15;293;19;14;158;33;15;4;12;21;11;6;35;1;15;7;0;1;1;2;0;8;0;11;1;5;0;5;0;0;0;0;;;639;327;268;44;;;;;;;;116;69;26;21;;268;202;66;;91;91;;78;78;13;13;;;
Bezirk Hamburg-Mitte;Wahlkreis 2 - Billstedt - Wilhelmsburg - Finkenwerder;Kleiner Grasbrook/Steinwerder;13801;STIMMBEZIRK;;;N;693;473;220;0;239;6;233;239;3;236;1173;150;49;6;40;17;7;3;4;12;8;4;17;5;5;2;0;0;0;2;3;0;0;8;0;0;2;0;0;5;1;0;0;0;5;5;0;0;0;0;0;0;0;;;683;366;244;73;;;;;;;;72;56;12;4;;190;115;75;;48;48;;0;0;0;0;;;
Bezirk Hamburg-Mitte;Wahlkreis 2 - Billstedt - Wilhelmsburg - Finkenwerder;Kleiner Grasbrook/Steinwerder;1389901;BRIEFWAHLBEZIRK;;;N;0;0;0;0;193;193;0;193;1;192;953;99;27;7;27;3;7;5;1;15;5;2;40;6;4;8;5;2;0;10;5;0;0;27;17;2;3;0;0;2;2;0;1;0;14;10;1;2;1;0;0;0;0;;;508;264;200;44;;;;;;;;23;14;0;9;;179;108;71;;59;59;;0;0;4;4;;;
Bezirk Hamburg-Mitte;Wahlkreis 2 - Billstedt - Wilhelmsburg - Finkenwerder;Waltershof/Finkenwerder;14101;STIMMBEZIRK;;;N;777;525;252;0;337;0;337;337;8;329;1634;758;135;14;7;55;172;8;169;2;5;191;251;21;14;7;197;0;0;4;0;1;7;10;0;0;5;0;0;0;3;0;0;2;5;5;0;0;0;0;0;0;0;;;163;93;49;21;;;;;;;;229;35;153;41;;182;133;49;;16;16;;15;15;5;5;;;
Bezirk Hamburg-Mitte;Wahlkreis 2 - Billstedt - Wilhelmsburg - Finkenwerder;Waltershof/Finkenwerder;14102;STIMMBEZIRK;;;N;779;531;248;0;361;3;358;361;8;353;1734;739;198;5;16;26;159;19;171;4;10;131;210;28;8;12;153;0;1;0;7;1;0;16;0;7;3;0;0;5;1;0;0;0;0;0;0;0;0;0;0;0;0;;;240;138;69;33;;;;;;;;201;42;134;25;;278;196;82;;45;45;;5;5;0;0;;;
Bezirk Hamburg-Mitte;Wahlkreis 2 - Billstedt - Wilhelmsburg - Finkenwerder;Waltershof/Finkenwerder;14103;STIMMBEZIRK;;;N;641;484;157;0;291;2;289;279;5;274;1349;603;98;9;20;30;185;14;116;6;1;124;202;34;13;10;138;1;0;3;3;0;0;25;10;2;0;0;0;9;1;3;0;0;3;0;0;1;2;0;0;0;0;;;150;88;43;19;;;;;;;;177;59;87;31;;155;92;63;;18;18;;16;16;0;0;;;
Bezirk Hamburg-Mitte;Wahlkreis 2 - Billstedt - Wilhelmsburg - Finkenwerder;Waltershof/Finkenwerder;14104;STIMMBEZIRK;;;N;783;605;178;0;319;7;312;318;13;305;1514;612;93;8;7;24;206;3;130;0;3;138;122;16;11;2;85;1;0;1;2;3;1;5;0;0;0;5;0;0;0;0;0;0;5;5;0;0;0;0;0;0;0;;;274;161;82;31;;;;;;;;265;69;182;14;;156;116;40;;44;44;;22;22;9;9;;;
Bezirk Hamburg-Mitte;Wahlkreis 2 - Billstedt - Wilhelmsburg - Finkenwerder;Waltershof/Finkenwerder;14106;STIMMBEZIRK;;;N;836;611;225;0;326;3;323;326;12;314;1540;752;119;12;34;22;207;6;204;16;6;126;185;32;21;10;118;1;0;0;0;3;0;0;0;0;0;0;0;0;0;0;0;0;7;2;0;5;0;0;0;0;0;;;166;106;39;21;;;;;;;;191;36;143;12;;143;91;52;;44;44;;40;40;12;12;;;
Bezirk Hamburg-Mitte;Wahlkreis 2 - Billstedt - Wilhelmsburg - Finkenwerder;Waltershof/Finkenwerder;14107;STIMMBEZIRK;;;N;710;576;134;0;303;2;301;302;12;290;1430;614;138;17;16;44;135;4;144;2;7;107;219;36;7;5;167;2;0;1;0;1;0;5;5;0;0;0;0;0;0;0;0;0;9;1;6;0;0;1;0;0;1;;;143;77;47;19;;;;;;;;176;58;93;25;;124;86;38;;38;38;;63;63;39;39;;;
Bezirk Hamburg-Mitte;Wahlkreis 2 - Billstedt - Wilhelmsburg - Finkenwerder;Waltershof/Finkenwerder;14108;STIMMBEZIRK;;;N;812;545;267;0;366;3;363;366;8;358;1776;693;104;11;6;71;170;13;152;2;8;156;373;47;16;5;298;0;1;2;3;0;1;23;1;8;3;2;4;3;1;0;1;0;12;4;0;3;0;3;0;2;0;;;195;94;75;26;;;;;;;;215;73;115;27;;209;152;57;;45;45;;10;10;1;1;;;
Bezirk Hamburg-Mitte;Wahlkreis 2 - Billstedt - Wilhelmsburg - Finkenwerder;Waltershof/Finkenwerder;14109;STIMMBEZIRK;;;N;722;490;232;0;311;5;306;311;8;303;1473;715;134;17;14;99;164;11;152;3;2;119;294;43;28;14;203;1;1;2;1;1;0;10;10;0;0;0;0;0;0;0;0;0;0;0;0;0;0;0;0;0;0;;;81;31;33;17;;;;;;;;183;61;101;21;;116;78;38;;28;28;;39;39;7;7;;;
Bezirk Hamburg-Mitte;Wahlkreis 2 - Billstedt - Wilhelmsburg - Finkenwerder;Waltershof/Finkenwerder;14110;STIMMBEZIRK;;;N;728;578;150;0;297;0;297;297;2;295;1455;580;93;8;17;42;184;4;138;1;3;90;246;32;7;4;183;6;5;0;6;1;2;8;0;0;1;0;0;0;0;0;6;1;32;20;6;1;0;0;0;5;0;;;168;93;50;25;;;;;;;;266;46;177;43;;121;94;27;;34;34;;0;0;0;0;;;
Bezirk Hamburg-Mitte;Wahlkreis 2 - Billstedt - Wilhelmsburg - Finkenwerder;Waltershof/Finkenwerder;14111;STIMMBEZIRK;;;N;825;590;235;0;374;1;373;374;6;368;1827;819;104;1;13;99;231;17;174;11;8;161;396;49;32;7;291;8;5;2;2;0;0;6;0;0;0;0;0;5;0;0;1;0;2;0;0;0;2;0;0;0;0;;;116;60;39;17;;;;;;;;208;57;118;33;;217;150;67;;53;53;;10;10;0;0;;;
Bezirk Hamburg-Mitte;Wahlkreis 2 - Billstedt - Wilhelmsburg - Finkenwerder;Waltershof/Finkenwerder;1419901;BRIEFWAHLBEZIRK;;;N;0;0;0;0;583;583;0;583;4;579;2891;1449;139;19;17;130;381;10;409;13;12;319;679;33;44;20;543;9;6;3;16;5;0;42;6;5;4;2;11;8;0;5;0;1;6;1;3;0;0;1;0;0;1;;;139;48;63;28;;;;;;;;186;20;147;19;;269;143;126;;92;92;;25;25;4;4;;;
Bezirk Hamburg-Mitte;Wahlkreis 2 - Billstedt - Wilhelmsburg - Finkenwerder;Waltershof/Finkenwerder;1419902;BRIEFWAHLBEZIRK;;;N;0;0;0;0;350;350;0;349;5;344;1676;805;95;13;14;52;234;6;224;1;10;156;307;22;21;6;233;10;5;0;9;0;1;6;2;0;0;0;2;2;0;0;0;0;21;8;10;2;1;0;0;0;0;;;154;87;51;16;;;;;;;;109;18;78;13;;188;123;65;;76;76;;9;9;1;1;;;
Bezirk Hamburg-Mitte;Wahlkreis 2 - Billstedt - Wilhelmsburg - Finkenwerder;Waltershof/Finkenwerder;1419903;BRIEFWAHLBEZIRK;;;N;0;0;0;0;343;343;0;339;3;336;1677;816;103;8;15;53;240;10;199;6;10;172;338;49;21;19;224;1;3;3;6;7;5;46;1;1;5;2;8;5;2;7;13;2;4;0;2;1;0;1;0;0;0;;;99;66;19;14;;;;;;;;103;37;61;5;;187;115;72;;80;80;;3;3;1;1;;;
Bezirk Hamburg-Mitte;Wahlkreis 2 - Billstedt - Wilhelmsburg - Finkenwerder;Waltershof/Finkenwerder;1419904;BRIEFWAHLBEZIRK;;;N;0;0;0;0;343;343;0;343;5;338;1683;758;127;9;4;38;205;9;219;1;13;133;318;5;26;6;243;6;7;5;11;4;5;21;1;5;1;0;3;2;0;7;2;0;10;5;0;5;0;0;0;0;0;;;146;65;50;31;;;;;;;;79;22;45;12;;201;124;77;;96;96;;53;53;1;1;;;
Bezirk Hamburg-Mitte;Wahlkreis 2 - Billstedt - Wilhelmsburg - Finkenwerder;Waltershof/Finkenwerder;1419905;BRIEFWAHLBEZIRK;;;N;0;0;0;0;325;325;0;324;1;323;1615;720;44;15;14;60;182;10;200;2;3;190;328;14;13;7;262;1;1;2;4;2;22;61;13;10;11;6;10;4;0;0;4;3;11;0;5;3;0;0;0;3;0;;;145;70;62;13;;;;;;;;111;10;88;13;;160;90;70;;71;71;;8;8;0;0;;;
Bezirk Altona;Wahlkreis 3 - Altona;Altona-Altstadt;20101;STIMMBEZIRK;;;N;1275;915;360;0;378;5;373;377;5;372;1828;408;126;33;96;28;12;31;15;34;10;23;274;90;96;22;25;28;13;;;;;182;78;9;12;17;33;4;6;15;3;5;26;1;7;2;4;0;1;2;0;1;8;83;57;17;9;;;;;;;;604;417;187;;;138;138;;;15;15;;97;97;1;1;;;
Bezirk Altona;Wahlkreis 3 - Altona;Altona-Altstadt;20102;STIMMBEZIRK;;;N;1291;886;405;0;492;6;486;492;11;481;2390;431;122;28;89;30;15;19;27;40;26;35;475;150;168;35;36;62;24;;;;;179;46;23;7;28;36;4;5;11;4;15;27;3;5;4;3;3;7;1;0;1;0;71;51;12;8;;;;;;;;1036;694;342;;;122;122;;;19;19;;28;28;2;2;;;
Bezirk Altona;Wahlkreis 3 - Altona;Altona-Altstadt;20201;STIMMBEZIRK;;;N;1239;791;448;0;446;4;442;446;15;431;2129;548;171;41;150;47;11;18;21;33;18;38;546;172;187;52;43;51;41;;;;;198;63;12;15;21;29;9;7;27;4;11;25;9;2;4;1;3;0;2;0;0;4;108;59;26;23;;;;;;;;454;296;158;;;159;159;;;8;8;;77;77;6;6;;;
Bezirk Altona;Wahlkreis 3 - Altona;Altona-Altstadt;20202;STIMMBEZIRK;;;N;1480;948;532;0;469;3;466;469;9;460;2280;537;191;32;166;35;18;13;24;24;16;18;571;176;213;47;35;53;47;;;;;208;112;17;4;25;17;10;1;6;0;16;52;13;3;2;2;11;0;0;2;15;4;116;92;11;13;;;;;;;;560;397;163;;;161;161;;;15;15;;47;47;13;13;;;
Bezirk Altona;Wahlkreis 3 - Altona;Altona-Altstadt;20301;STIMMBEZIRK;;;N;990;594;396;0;387;0;387;387;1;386;1918;398;132;39;90;50;13;7;16;29;7;15;708;220;263;42;45;82;56;;;;;114;30;24;13;15;13;3;1;7;1;7;38;2;3;1;13;6;6;2;0;0;5;103;71;11;21;;;;;;;;506;351;155;;;35;35;;;10;10;;5;5;1;1;;;
Bezirk Altona;Wahlkreis 3 - Altona;Altona-Altstadt;20302;STIMMBEZIRK;;;N;961;647;314;0;410;3;407;410;4;406;2014;383;119;34;134;29;13;13;12;13;3;13;612;232;190;34;37;70;49;;;;;165;47;30;18;12;17;13;3;17;2;6;60;13;12;6;0;11;6;3;2;1;6;119;75;18;26;;;;;;;;564;389;175;;;55;55;;;14;14;;18;18;24;24;;;
Bezirk Altona;Wahlkreis 3 - Altona;Altona-Altstadt;20303;STIMMBEZIRK;;;N;1010;628;382;0;370;5;365;370;1;369;1833;363;134;41;66;27;20;18;20;13;12;12;592;202;182;60;32;76;40;;;;;159;44;15;3;17;36;3;9;17;2;13;23;8;4;1;3;1;1;0;0;0;5;75;36;23;16;;;;;;;;443;313;130;;;139;139;;;1;1;;35;35;3;3;;;
Bezirk Altona;Wahlkreis 3 - Altona;Altona-Altstadt;20401;STIMMBEZIRK;;;N;1204;852;352;0;488;6;482;487;5;482;2410;444;185;39;77;30;24;21;18;35;5;10;621;219;231;36;30;69;36;;;;;197;65;11;15;14;29;12;3;37;5;6;30;7;8;6;3;2;2;0;0;0;2;68;56;7;5;;;;;;;;854;608;246;;;104;104;;;13;13;;73;73;6;6;;;
Bezirk Altona;Wahlkreis 3 - Altona;Altona-Altstadt;20403;STIMMBEZIRK;;;N;1159;795;364;0;443;8;435;443;8;435;2162;485;132;55;112;51;30;17;21;28;12;27;556;174;213;27;49;54;39;;;;;118;37;10;10;26;7;11;6;8;2;1;27;3;3;6;3;0;12;0;0;0;0;80;45;17;18;;;;;;;;783;516;267;;;64;64;;;8;8;;35;35;6;6;;;
Bezirk Altona;Wahlkreis 3 - Altona;Altona-Altstadt;20404;STIMMBEZIRK;;;N;930;564;366;0;361;3;358;361;2;359;1788;374;126;28;102;17;21;9;22;19;12;18;497;181;162;33;18;69;34;;;;;102;41;8;5;10;23;5;2;1;3;4;18;1;4;0;0;0;0;0;0;2;11;75;52;9;14;;;;;;;;642;482;160;;;41;41;;;10;10;;28;28;1;1;;;
Bezirk Altona;Wahlkreis 3 - Altona;Altona-Altstadt;20405;STIMMBEZIRK;;;N;1132;742;390;0;448;4;444;448;7;441;2157;392;109;36;107;56;13;8;12;15;14;22;624;229;228;44;40;37;46;;;;;117;37;6;17;16;30;5;0;1;0;5;22;8;5;5;1;1;0;0;0;1;1;77;46;24;7;;;;;;;;808;608;200;;;94;94;;;5;5;;15;15;3;3;;;
Bezirk Altona;Wahlkreis 3 - Altona;Altona-Altstadt;20501;STIMMBEZIRK;;;N;1130;796;334;0;526;7;519;525;8;517;2576;427;149;25;114;53;11;8;21;15;10;21;800;238;323;47;29;106;57;;;;;139;39;3;10;2;49;3;11;19;0;3;32;2;10;1;1;2;1;1;6;0;8;102;67;20;15;;;;;;;;1003;724;279;;;30;30;;;7;7;;35;35;1;1;;;
Bezirk Altona;Wahlkreis 3 - Altona;Altona-Altstadt;20503;STIMMBEZIRK;;;N;1279;933;346;0;456;9;447;456;7;449;2235;593;155;46;186;47;26;24;31;54;11;13;389;113;130;39;24;47;36;;;;;123;44;15;5;5;20;4;6;16;4;4;29;5;17;2;0;2;0;1;0;0;2;73;40;10;23;;;;;;;;684;488;196;;;174;174;;;8;8;;158;158;4;4;;;
Bezirk Altona;Wahlkreis 3 - Altona;Altona-Altstadt;20504;STIMMBEZIRK;;;N;1275;933;342;0;555;4;551;551;3;548;2728;521;135;62;71;45;19;30;58;52;14;35;723;215;234;81;63;90;40;;;;;77;21;10;6;4;14;2;1;2;2;15;22;3;12;1;2;1;2;0;0;0;1;113;66;29;18;;;;;;;;1059;771;288;;;156;156;;;5;5;;47;47;5;5;;;
Bezirk Altona;Wahlkreis 3 - Altona;Altona-Altstadt;20601;STIMMBEZIRK;;;N;1154;743;411;0;538;6;532;538;3;535;2660;462;151;71;47;39;16;20;39;32;7;40;1007;276;373;79;69;104;106;;;;;110;35;10;5;13;19;1;3;16;5;3;27;0;12;3;1;1;3;0;3;0;4;68;42;12;14;;;;;;;;940;709;231;;;40;40;;;0;0;;1;1;5;5;;;
Bezirk Altona;Wahlkreis 3 - Altona;Altona-Altstadt;20602;STIMMBEZIRK;;;N;1196;784;412;0;481;6;475;481;8;473;2357;458;129;71;89;26;15;28;52;34;5;9;833;264;283;54;65;119;48;;;;;122;31;2;13;14;17;6;8;10;10;11;9;0;1;0;1;0;2;0;5;0;0;80;40;27;13;;;;;;;;766;515;251;;;61;61;;;5;5;;21;21;2;2;;;
Bezirk Altona;Wahlkreis 3 - Altona;Altona-Altstadt;20603;STIMMBEZIRK;;;N;1109;785;324;0;528;8;520;528;6;522;2590;597;187;104;88;33;23;32;44;48;9;29;808;271;269;58;54;81;75;;;;;215;34;19;18;19;59;15;8;34;5;4;28;2;3;6;1;2;5;3;3;3;0;87;51;19;17;;;;;;;;740;466;274;;;51;51;;;10;10;;54;54;0;0;;;
Bezirk Altona;Wahlkreis 3 - Altona;Altona-Altstadt;2019901;BRIEFWAHLBEZIRK;;;N;0;0;0;0;556;556;0;556;0;556;2772;665;177;74;179;44;24;39;39;25;28;36;894;201;393;84;48;111;57;;;;;266;81;28;15;29;47;14;11;20;7;14;31;6;6;2;2;4;1;6;1;0;3;137;97;25;15;;;;;;;;651;472;179;;;96;96;;;6;6;;16;16;10;10;;;
Bezirk Altona;Wahlkreis 3 - Altona;Altona-Altstadt;2019902;BRIEFWAHLBEZIRK;;;N;0;0;0;0;567;567;0;567;3;564;2815;612;148;97;103;43;28;39;28;54;17;55;830;197;355;51;40;119;68;;;;;245;82;26;21;13;52;12;8;19;7;5;62;14;8;8;4;14;3;3;2;2;4;186;102;36;48;;;;;;;;614;403;211;;;174;174;;;9;9;;73;73;10;10;;;
Bezirk Altona;Wahlkreis 3 - Altona;Altona-Altstadt;2019903;BRIEFWAHLBEZIRK;;;N;0;0;0;0;552;552;0;551;4;547;2726;612;171;58;124;37;29;42;37;48;17;49;719;199;300;39;43;59;79;;;;;257;56;28;17;26;47;23;15;22;10;13;63;8;7;14;11;4;5;0;3;0;11;176;117;32;27;;;;;;;;767;506;261;;;98;98;;;13;13;;17;17;4;4;;;
Bezirk Altona;Wahlkreis 3 - Altona;Altona-Altstadt;2019904;BRIEFWAHLBEZIRK;;;N;0;0;0;0;558;558;0;556;3;553;2764;633;138;77;135;58;34;50;41;40;14;46;857;248;310;63;72;95;69;;;;;259;62;17;21;42;32;13;9;26;23;14;45;14;10;5;2;4;1;0;1;1;7;160;108;29;23;;;;;;;;715;500;215;;;59;59;;;10;10;;20;20;6;6;;;
Bezirk Altona;Wahlkreis 3 - Altona;Altona-Altstadt;2019905;BRIEFWAHLBEZIRK;;;N;0;0;0;0;514;514;0;514;3;511;2548;574;141;55;125;34;32;47;44;37;22;37;741;256;220;63;59;84;59;;;;;251;54;14;15;31;51;26;15;21;10;14;30;6;2;7;1;10;1;2;0;0;1;160;118;23;19;;;;;;;;629;416;213;;;87;87;;;19;19;;54;54;3;3;;;
Bezirk Altona;Wahlkreis 3 - Altona;Altona-Altstadt;2019906;BRIEFWAHLBEZIRK;;;N;0;0;0;0;552;552;0;552;3;549;2738;515;176;49;85;29;16;26;42;45;22;25;789;228;303;53;55;106;44;;;;;228;56;19;16;31;56;12;2;18;3;15;74;11;1;13;5;12;10;17;1;1;3;217;118;63;36;;;;;;;;823;557;266;;;36;36;;;10;10;;36;36;10;10;;;
Bezirk Altona;Wahlkreis 3 - Altona;Altona-Altstadt;2019907;BRIEFWAHLBEZIRK;;;N;0;0;0;0;556;556;0;555;3;552;2749;552;128;83;113;35;17;19;37;45;30;45;831;255;319;65;38;75;79;;;;;241;59;27;18;25;38;18;4;18;22;12;86;21;6;9;16;4;13;5;3;6;3;201;127;45;29;;;;;;;;746;496;250;;;53;53;;;0;0;;32;32;7;7;;;
Bezirk Altona;Wahlkreis 3 - Altona;Altona-Altstadt;2019908;BRIEFWAHLBEZIRK;;;N;0;0;0;0;548;548;0;548;2;546;2730;493;154;55;78;39;31;30;24;33;18;31;845;281;264;64;48;100;88;;;;;192;50;12;11;32;22;25;4;15;7;14;92;21;15;15;7;4;8;10;0;2;10;184;93;53;38;;;;;;;;797;499;298;;;77;77;;;23;23;;22;22;5;5;;;
Bezirk Altona;Wahlkreis 3 - Altona;Altona-Altstadt;2019909;BRIEFWAHLBEZIRK;;;N;0;0;0;0;542;542;0;542;6;536;2677;433;102;54;64;41;21;43;21;38;21;28;854;258;286;71;61;109;69;;;;;172;34;21;10;28;27;31;5;7;4;5;72;15;18;4;7;11;7;6;0;0;4;187;113;45;29;;;;;;;;836;556;280;;;63;63;;;20;20;;35;35;5;5;;;
Bezirk Altona;Wahlkreis 3 - Altona;Altona-Altstadt;2019910;BRIEFWAHLBEZIRK;;;N;0;0;0;0;522;522;0;519;2;517;2547;353;111;33;79;16;18;9;32;18;13;24;737;231;228;50;53;98;77;;;;;123;15;26;5;23;16;8;4;12;6;8;92;11;8;20;2;25;12;1;2;0;11;174;109;32;33;;;;;;;;906;581;325;;;75;75;;;8;8;;72;72;7;7;;;
Bezirk Altona;Wahlkreis 3 - Altona;Altona-Altstadt;2019911;BRIEFWAHLBEZIRK;;;N;0;0;0;0;561;561;0;559;4;555;2768;475;175;37;106;29;10;29;13;50;4;22;851;274;281;55;71;114;56;;;;;196;52;34;15;11;32;21;8;9;8;6;50;3;22;7;4;2;1;1;3;2;5;165;106;26;33;;;;;;;;961;633;328;;;47;47;;;8;8;;15;15;0;0;;;
Bezirk Altona;Wahlkreis 3 - Altona;Sternschanze;20701;STIMMBEZIRK;;;N;1073;722;351;0;471;12;459;471;4;467;2332;325;95;46;37;34;25;6;17;30;8;27;810;231;309;62;63;84;61;;;;;108;33;20;11;15;9;1;4;9;5;1;52;16;10;2;11;8;0;2;1;1;1;77;43;14;20;;;;;;;;905;476;429;;;49;49;;;2;2;;3;3;1;1;;;
Bezirk Altona;Wahlkreis 3 - Altona;Sternschanze;20702;STIMMBEZIRK;;;N;1032;668;364;0;447;8;439;447;0;447;2217;291;74;47;38;35;12;20;25;15;11;14;653;208;207;50;44;101;43;;;;;80;30;11;3;7;5;3;9;0;5;7;28;7;7;1;6;5;0;0;0;0;2;109;51;32;26;;;;;;;;954;479;475;;;61;61;;;11;11;;30;30;0;0;;;
Bezirk Altona;Wahlkreis 3 - Altona;Sternschanze;20704;STIMMBEZIRK;;;N;1138;742;396;0;416;17;399;416;4;412;2049;293;108;47;25;26;19;14;9;21;11;13;658;218;195;52;31;120;42;;;;;96;16;21;13;11;9;8;6;1;7;4;41;8;17;6;1;1;1;2;1;1;3;98;58;23;17;;;;;;;;785;519;266;;;62;62;;;11;11;;4;4;1;1;;;
Bezirk Altona;Wahlkreis 3 - Altona;Sternschanze;20705;STIMMBEZIRK;;;N;1056;658;398;0;443;16;427;442;6;436;2177;345;91;60;41;19;21;32;9;42;9;21;630;217;163;54;46;82;68;;;;;109;32;8;7;20;15;6;7;10;2;2;39;7;9;11;1;2;1;7;1;0;0;102;68;16;18;;;;;;;;845;488;357;;;71;71;;;22;22;;9;9;5;5;;;
Bezirk Altona;Wahlkreis 3 - Altona;Sternschanze;20706;STIMMBEZIRK;;;N;1103;708;395;0;421;6;415;421;7;414;2067;299;116;29;26;20;11;9;21;31;12;24;629;228;172;48;34;91;56;;;;;81;25;5;12;3;9;0;6;9;11;1;26;0;3;9;0;2;7;1;1;2;1;74;43;16;15;;;;;;;;873;479;394;;;39;39;;;0;0;;45;45;1;1;;;
Bezirk Altona;Wahlkreis 3 - Altona;Sternschanze;2079901;BRIEFWAHLBEZIRK;;;N;0;0;0;0;571;571;0;571;2;569;2845;338;112;46;42;19;10;21;27;35;12;14;1045;299;381;75;58;114;118;;;;;153;50;7;8;13;17;20;9;13;1;15;67;15;12;10;7;13;2;6;1;0;1;192;125;40;27;;;;;;;;959;512;447;;;48;48;;;10;10;;32;32;1;1;;;
Bezirk Altona;Wahlkreis 3 - Altona;Sternschanze;2079902;BRIEFWAHLBEZIRK;;;N;0;0;0;0;567;567;0;565;6;559;2793;386;119;63;33;31;27;22;27;22;23;19;1016;345;274;75;59;142;121;;;;;110;23;14;9;14;12;17;2;11;2;6;57;6;25;6;2;10;1;1;1;0;5;218;138;48;32;;;;;;;;955;525;430;;;26;26;;;13;13;;12;12;0;0;;;
Bezirk Altona;Wahlkreis 3 - Altona;Sternschanze;2079903;BRIEFWAHLBEZIRK;;;N;0;0;0;0;582;582;0;575;4;571;2854;430;132;49;62;33;21;28;33;38;17;17;926;272;261;81;69;141;102;;;;;177;59;11;12;12;22;12;5;12;5;27;60;7;22;9;4;5;4;3;3;0;3;179;93;61;25;;;;;;;;1015;581;434;;;40;40;;;2;2;;19;19;6;6;;;
Bezirk Altona;Wahlkreis 3 - Altona;Altona-Nord;20801;STIMMBEZIRK;;;N;1015;669;346;0;473;9;464;472;3;469;2326;395;161;70;28;27;19;11;40;20;7;12;833;279;315;53;45;92;49;;;;;119;50;9;14;7;7;0;0;4;12;16;37;2;15;5;3;5;2;2;2;0;1;134;89;29;16;;;;;;;;723;463;260;;;50;50;;;6;6;;20;20;9;9;;;
Bezirk Altona;Wahlkreis 3 - Altona;Altona-Nord;20802;STIMMBEZIRK;;;N;990;654;336;0;392;4;388;392;3;389;1932;360;147;75;25;9;13;20;24;20;19;8;599;206;204;42;34;57;56;;;;;133;52;20;8;7;12;8;1;10;9;6;26;8;5;3;4;3;2;1;0;0;0;102;83;15;4;;;;;;;;664;420;244;;;30;30;;;2;2;;15;15;1;1;;;
Bezirk Altona;Wahlkreis 3 - Altona;Altona-Nord;20804;STIMMBEZIRK;;;N;1040;734;306;0;377;15;362;376;1;375;1870;267;123;49;18;18;9;13;3;14;12;8;437;152;143;33;23;53;33;;;;;87;28;2;8;8;11;8;3;8;3;8;22;6;6;1;0;7;0;0;2;0;0;71;43;17;11;;;;;;;;911;625;286;;;50;50;;;0;0;;25;25;0;0;;;
Bezirk Altona;Wahlkreis 3 - Altona;Altona-Nord;20805;STIMMBEZIRK;;;N;1146;654;492;0;465;4;461;465;7;458;2287;317;98;86;16;16;9;11;34;24;11;12;772;212;337;37;37;96;53;;;;;71;27;11;3;9;9;7;0;1;1;3;34;6;25;1;1;1;0;0;0;0;0;108;89;7;12;;;;;;;;881;607;274;;;85;85;;;12;12;;7;7;0;0;;;
Bezirk Altona;Wahlkreis 3 - Altona;Altona-Nord;20901;STIMMBEZIRK;;;N;1074;644;430;0;432;12;420;432;8;424;1994;430;144;86;35;24;23;18;35;30;11;24;836;263;321;53;34;116;49;;;;;142;42;9;19;15;16;5;10;7;7;12;41;7;6;18;2;6;0;1;0;0;1;98;66;11;21;;;;;;;;379;224;155;;;65;65;;;0;0;;2;2;1;1;;;
Bezirk Altona;Wahlkreis 3 - Altona;Altona-Nord;20902;STIMMBEZIRK;;;N;1256;860;396;0;409;2;407;409;1;408;2030;457;187;81;31;32;7;9;49;28;10;23;525;169;215;38;25;58;20;;;;;142;49;7;13;26;22;6;9;6;2;2;45;3;4;21;7;3;5;1;0;0;1;105;76;14;15;;;;;;;;636;423;213;;;53;53;;;9;9;;51;51;7;7;;;
Bezirk Altona;Wahlkreis 3 - Altona;Altona-Nord;20904;STIMMBEZIRK;;;N;1010;622;388;0;453;7;446;451;5;446;2228;422;136;101;32;17;10;19;64;25;7;11;959;279;407;61;58;91;63;;;;;116;29;12;19;14;13;13;3;6;1;6;30;10;2;5;3;6;2;0;1;0;1;83;55;12;16;;;;;;;;511;335;176;;;101;101;;;1;1;;0;0;5;5;;;
Bezirk Altona;Wahlkreis 3 - Altona;Altona-Nord;20905;STIMMBEZIRK;;;N;1370;1114;256;0;428;5;423;427;11;416;2076;462;145;100;40;26;29;13;57;24;9;19;379;146;111;33;21;51;17;;;;;118;44;11;10;12;16;2;1;11;0;11;24;5;1;13;2;2;0;0;0;1;0;38;28;5;5;;;;;;;;787;528;259;;;194;194;;;23;23;;50;50;1;1;;;
Bezirk Altona;Wahlkreis 3 - Altona;Altona-Nord;20906;STIMMBEZIRK;;;N;1294;869;425;0;397;6;391;397;4;393;1944;434;168;65;43;21;42;20;24;27;17;7;529;183;183;29;38;53;43;;;;;71;17;7;0;16;10;3;2;3;5;8;24;9;2;4;2;1;2;1;1;2;0;104;85;9;10;;;;;;;;676;441;235;;;58;58;;;2;2;;45;45;1;1;;;
Bezirk Altona;Wahlkreis 3 - Altona;Altona-Nord;21001;STIMMBEZIRK;;;N;1055;678;377;0;402;6;396;402;0;402;2010;389;195;66;25;22;14;8;23;16;2;18;521;133;233;45;32;47;31;;;;;84;33;4;8;3;23;2;5;5;1;0;30;0;5;15;1;5;0;0;1;0;3;95;74;11;10;;;;;;;;786;566;220;;;61;61;;;13;13;;31;31;0;0;;;
Bezirk Altona;Wahlkreis 3 - Altona;Altona-Nord;21002;STIMMBEZIRK;;;N;1108;686;422;0;506;9;497;505;4;501;2488;445;183;83;52;20;25;21;11;16;13;21;827;243;292;78;51;105;58;;;;;121;26;3;13;11;37;7;6;4;5;9;22;2;2;4;0;0;5;6;0;3;0;107;75;22;10;;;;;;;;882;646;236;;;59;59;;;2;2;;15;15;8;8;;;
Bezirk Altona;Wahlkreis 3 - Altona;Altona-Nord;21004;STIMMBEZIRK;;;N;1082;716;366;0;508;8;500;508;4;504;2519;532;193;78;67;48;38;4;45;23;9;27;814;232;373;67;29;63;50;;;;;173;57;17;32;10;23;13;8;10;2;1;46;9;4;6;6;9;7;0;0;5;0;126;91;20;15;;;;;;;;689;495;194;;;96;96;;;13;13;;25;25;5;5;;;
Bezirk Altona;Wahlkreis 3 - Altona;Altona-Nord;21007;STIMMBEZIRK;;;N;979;632;347;0;478;4;474;478;4;474;2354;462;156;92;69;30;25;7;23;32;14;14;818;250;331;64;56;73;44;;;;;142;55;6;16;16;19;7;5;12;5;1;25;9;2;7;1;3;1;1;0;0;1;123;96;18;9;;;;;;;;726;509;217;;;42;42;;;5;5;;5;5;6;6;;;
Bezirk Altona;Wahlkreis 3 - Altona;Altona-Nord;21008;STIMMBEZIRK;;;N;1056;638;418;0;485;12;473;485;1;484;2398;375;135;101;21;18;17;11;31;25;9;7;1026;275;446;74;55;92;84;;;;;192;40;17;11;25;19;31;2;15;10;22;37;20;0;0;2;2;6;7;0;0;0;165;112;30;23;;;;;;;;499;360;139;;;45;45;;;9;9;;40;40;10;10;;;
Bezirk Altona;Wahlkreis 3 - Altona;Altona-Nord;21009;STIMMBEZIRK;;;N;1040;672;368;0;523;5;518;523;5;518;2585;417;178;74;45;31;18;7;30;20;6;8;1117;273;585;63;49;89;58;;;;;155;63;21;6;19;5;12;1;8;9;11;23;8;9;0;2;0;1;0;1;0;2;177;152;13;12;;;;;;;;603;434;169;;;50;50;;;4;4;;39;39;0;0;;;
Bezirk Altona;Wahlkreis 3 - Altona;Altona-Nord;21010;STIMMBEZIRK;;;N;1087;748;339;0;551;8;543;551;10;541;2685;564;196;92;56;30;43;22;41;33;15;36;832;290;301;80;41;85;35;;;;;106;25;14;8;9;35;7;3;0;2;3;17;2;5;3;3;3;1;0;0;0;0;97;69;19;9;;;;;;;;930;684;246;;;68;68;;;6;6;;64;64;1;1;;;
Bezirk Altona;Wahlkreis 3 - Altona;Altona-Nord;2089901;BRIEFWAHLBEZIRK;;;N;0;0;0;0;508;508;0;508;4;504;2518;536;188;103;56;30;29;29;40;22;23;16;947;233;397;74;45;129;69;;;;;237;67;26;33;14;36;23;9;23;3;3;46;8;12;8;4;7;0;0;5;2;0;158;113;20;25;;;;;;;;505;323;182;;;65;65;;;9;9;;11;11;4;4;;;
Bezirk Altona;Wahlkreis 3 - Altona;Altona-Nord;2089902;BRIEFWAHLBEZIRK;;;N;0;0;0;0;508;508;0;508;6;502;2489;533;201;58;60;25;26;48;37;38;16;24;892;239;378;72;48;99;56;;;;;168;55;17;7;11;29;16;10;7;5;11;45;36;1;0;0;3;0;1;3;0;1;156;104;32;20;;;;;;;;592;436;156;;;74;74;;;7;7;;17;17;5;5;;;
Bezirk Altona;Wahlkreis 3 - Altona;Altona-Nord;2089903;BRIEFWAHLBEZIRK;;;N;0;0;0;0;513;513;0;512;3;509;2542;645;198;126;61;32;28;40;76;33;28;23;855;243;309;69;55;108;71;;;;;199;43;14;16;35;51;12;4;12;7;5;54;10;8;12;9;4;6;1;2;1;1;199;130;45;24;;;;;;;;491;325;166;;;48;48;;;18;18;;24;24;9;9;;;
Bezirk Altona;Wahlkreis 3 - Altona;Altona-Nord;2089904;BRIEFWAHLBEZIRK;;;N;0;0;0;0;513;513;0;512;3;509;2544;638;184;128;60;48;28;38;71;31;12;38;837;233;298;67;47;102;90;;;;;182;21;17;27;18;26;15;19;23;11;5;43;11;7;2;4;11;3;0;2;1;2;172;102;36;34;;;;;;;;575;357;218;;;72;72;;;10;10;;15;15;0;0;;;
Bezirk Altona;Wahlkreis 3 - Altona;Altona-Nord;2089905;BRIEFWAHLBEZIRK;;;N;0;0;0;0;507;507;0;506;1;505;2525;394;104;54;32;15;25;18;65;20;10;51;882;285;303;62;60;99;73;;;;;172;35;16;20;22;24;14;1;25;5;10;74;15;10;15;8;11;5;2;5;1;2;247;172;41;34;;;;;;;;664;506;158;;;40;40;;;11;11;;25;25;16;16;;;
Bezirk Altona;Wahlkreis 3 - Altona;Altona-Nord;2089906;BRIEFWAHLBEZIRK;;;N;0;0;0;0;507;507;0;507;1;506;2520;373;94;65;49;27;27;16;47;29;4;15;871;302;287;58;37;103;84;;;;;195;49;14;23;22;33;23;3;11;6;11;56;10;24;5;6;3;4;0;0;3;1;209;133;42;34;;;;;;;;741;515;226;;;39;39;;;14;14;;22;22;0;0;;;
Bezirk Altona;Wahlkreis 3 - Altona;Altona-Nord;2089907;BRIEFWAHLBEZIRK;;;N;0;0;0;0;502;502;0;499;1;498;2481;445;113;88;61;24;21;23;36;48;10;21;871;256;283;61;46;128;97;;;;;139;30;29;10;14;13;6;8;9;8;12;47;14;8;7;8;2;6;1;0;0;1;198;138;34;26;;;;;;;;739;499;240;;;29;29;;;8;8;;5;5;0;0;;;
Bezirk Altona;Wahlkreis 3 - Altona;Altona-Nord;2089908;BRIEFWAHLBEZIRK;;;N;0;0;0;0;503;503;0;502;4;498;2481;382;90;66;73;26;20;17;27;29;18;16;892;259;335;72;51;89;86;;;;;75;21;9;0;12;12;9;1;4;7;0;60;30;15;5;1;4;1;0;1;0;3;247;143;62;42;;;;;;;;772;502;270;;;13;13;;;12;12;;19;19;9;9;;;
Bezirk Altona;Wahlkreis 3 - Altona;Altona-Nord;2089909;BRIEFWAHLBEZIRK;;;N;0;0;0;0;508;508;0;508;3;505;2507;468;125;65;61;29;19;23;41;44;27;34;849;290;277;58;37;107;80;;;;;175;53;17;14;18;20;16;4;19;4;10;52;10;18;6;7;1;4;0;4;1;1;169;113;35;21;;;;;;;;733;531;202;;;27;27;;;20;20;;6;6;8;8;;;
Bezirk Altona;Wahlkreis 3 - Altona;Altona-Nord;2089910;BRIEFWAHLBEZIRK;;;N;0;0;0;0;513;513;0;513;2;511;2555;406;115;60;64;19;22;28;26;44;8;20;868;278;314;65;40;90;81;;;;;147;52;8;16;9;13;19;5;13;6;6;59;19;10;11;2;6;1;9;0;0;1;212;141;37;34;;;;;;;;794;519;275;;;29;29;;;19;19;;17;17;4;4;;;
Bezirk Altona;Wahlkreis 3 - Altona;Altona-Nord;2089911;BRIEFWAHLBEZIRK;;;N;0;0;0;0;508;508;0;507;3;504;2516;387;123;82;53;25;20;16;39;11;8;10;919;236;312;81;67;127;96;;;;;118;17;27;10;12;16;18;3;7;1;7;31;2;4;13;2;2;2;1;0;1;4;187;109;51;27;;;;;;;;837;550;287;;;6;6;;;1;1;;18;18;12;12;;;
Bezirk Altona;Wahlkreis 3 - Altona;Ottensen;21101;STIMMBEZIRK;;;N;1046;640;406;0;432;4;428;432;5;427;2126;342;168;29;13;26;31;8;12;42;4;9;706;192;230;52;62;101;69;;;;;112;27;12;3;6;12;33;2;11;0;6;6;3;0;2;0;0;0;1;0;0;0;61;45;10;6;;;;;;;;840;595;245;;;42;42;;;2;2;;0;0;15;15;;;
Bezirk Altona;Wahlkreis 3 - Altona;Ottensen;21103;STIMMBEZIRK;;;N;1057;641;416;0;479;0;479;479;5;474;2363;431;294;27;35;11;18;4;10;19;3;10;906;332;276;79;73;100;46;;;;;245;76;28;20;26;21;37;2;16;7;12;25;7;4;1;3;2;1;0;0;2;5;143;75;44;24;;;;;;;;534;412;122;;;61;61;;;10;10;;3;3;5;5;;;
Bezirk Altona;Wahlkreis 3 - Altona;Ottensen;21104;STIMMBEZIRK;;;N;1069;698;371;0;463;8;455;463;7;456;2274;497;277;33;36;22;33;26;22;35;8;5;852;245;275;102;56;95;79;;;;;102;25;9;5;5;25;14;1;7;8;3;23;10;1;1;1;1;2;2;0;5;0;59;47;5;7;;;;;;;;683;475;208;;;30;30;;;5;5;;23;23;0;0;;;
Bezirk Altona;Wahlkreis 3 - Altona;Ottensen;21105;STIMMBEZIRK;;;N;1023;591;432;0;382;5;377;381;4;377;1864;402;242;33;31;14;18;8;20;21;5;10;647;196;215;63;41;91;41;;;;;126;55;13;9;14;5;17;2;0;0;11;22;11;0;0;0;5;0;0;1;0;5;81;48;26;7;;;;;;;;518;331;187;;;42;42;;;5;5;;19;19;2;2;;;
Bezirk Altona;Wahlkreis 3 - Altona;Ottensen;21201;STIMMBEZIRK;;;N;1462;874;588;0;648;7;641;648;9;639;3186;703;445;48;50;20;40;29;13;40;6;12;1191;394;406;69;100;95;127;;;;;207;60;32;14;11;10;40;4;28;6;2;35;20;2;3;6;1;2;1;0;0;0;180;103;42;35;;;;;;;;795;533;262;;;41;41;;;8;8;;11;11;15;15;;;
Bezirk Altona;Wahlkreis 3 - Altona;Ottensen;21203;STIMMBEZIRK;;;N;929;590;339;0;383;2;381;383;8;375;1849;443;259;39;54;10;28;16;13;11;9;4;570;187;183;38;47;59;56;;;;;198;64;17;16;53;16;8;1;14;6;3;24;13;0;1;2;1;1;1;0;5;0;109;68;24;17;;;;;;;;425;310;115;;;70;70;;;3;3;;7;7;0;0;;;
Bezirk Altona;Wahlkreis 3 - Altona;Ottensen;21204;STIMMBEZIRK;;;N;955;601;354;0;419;1;418;419;4;415;2068;490;314;28;44;6;27;9;22;23;7;10;743;192;331;64;38;75;43;;;;;140;51;19;8;14;14;9;9;5;2;9;29;20;4;3;1;0;1;0;0;0;0;55;32;5;18;;;;;;;;497;352;145;;;84;84;;;11;11;;15;15;4;4;;;
Bezirk Altona;Wahlkreis 3 - Altona;Ottensen;21205;STIMMBEZIRK;;;N;1105;624;481;0;448;8;440;448;7;441;2192;576;361;47;49;10;23;14;9;28;13;22;766;268;260;58;55;68;57;;;;;192;101;18;23;7;16;14;5;0;2;6;30;15;0;0;4;6;2;1;0;0;2;105;57;18;30;;;;;;;;409;277;132;;;77;77;;;0;0;;31;31;6;6;;;
Bezirk Altona;Wahlkreis 3 - Altona;Ottensen;21206;STIMMBEZIRK;;;N;964;582;382;0;468;7;461;468;3;465;2321;535;368;24;44;12;19;7;14;18;16;13;916;300;339;56;97;67;57;;;;;234;114;24;12;22;8;30;10;3;3;8;39;12;2;6;1;13;0;0;0;5;0;125;87;23;15;;;;;;;;402;294;108;;;53;53;;;6;6;;9;9;2;2;;;
Bezirk Altona;Wahlkreis 3 - Altona;Ottensen;21207;STIMMBEZIRK;;;N;845;539;306;0;386;6;380;386;5;381;1881;450;241;42;59;14;22;15;19;20;8;10;709;235;248;69;41;78;38;;;;;187;47;35;11;21;12;28;8;13;7;5;7;6;0;0;1;0;0;0;0;0;0;85;53;21;11;;;;;;;;379;234;145;;;50;50;;;7;7;;1;1;6;6;;;
Bezirk Altona;Wahlkreis 3 - Altona;Ottensen;21208;STIMMBEZIRK;;;N;940;638;302;0;373;3;370;373;5;368;1778;366;172;30;37;18;8;12;16;29;15;29;522;217;134;53;38;54;26;;;;;162;48;11;6;13;14;14;20;20;6;10;21;6;0;0;6;2;5;2;0;0;0;81;59;12;10;;;;;;;;531;398;133;;;74;74;;;4;4;;0;0;17;17;;;
Bezirk Altona;Wahlkreis 3 - Altona;Ottensen;21209;STIMMBEZIRK;;;N;953;607;346;0;393;2;391;393;7;386;1909;503;270;39;68;23;24;11;16;21;3;28;501;180;155;52;25;56;33;;;;;156;55;10;14;23;9;23;9;6;2;5;26;6;0;0;5;5;1;0;6;0;3;59;34;8;17;;;;;;;;532;394;138;;;109;109;;;17;17;;5;5;1;1;;;
Bezirk Altona;Wahlkreis 3 - Altona;Ottensen;21210;STIMMBEZIRK;;;N;1010;631;379;0;414;4;410;414;2;412;2040;468;270;28;56;18;25;14;14;30;7;6;668;203;231;48;52;77;57;;;;;199;60;26;16;24;26;17;6;16;5;3;34;4;2;2;20;2;0;0;4;0;0;77;60;11;6;;;;;;;;514;364;150;;;80;80;;;0;0;;0;0;0;0;;;
Bezirk Altona;Wahlkreis 3 - Altona;Ottensen;21211;STIMMBEZIRK;;;N;934;602;332;0;463;6;457;463;7;456;2278;547;337;33;42;20;28;21;12;32;10;12;774;295;251;57;51;67;53;;;;;205;79;15;14;36;19;7;5;6;6;18;53;29;5;2;2;9;2;2;1;0;1;98;64;20;14;;;;;;;;535;402;133;;;50;50;;;7;7;;1;1;8;8;;;
Bezirk Altona;Wahlkreis 3 - Altona;Ottensen;21301;STIMMBEZIRK;;;N;1048;700;348;0;473;6;467;471;4;467;2311;485;246;36;31;22;22;18;27;50;13;20;768;260;226;56;44;82;100;;;;;125;33;18;13;12;0;28;2;12;5;2;17;7;1;3;3;0;2;0;0;0;1;81;49;14;18;;;;;;;;760;555;205;;;46;46;;;2;2;;27;27;0;0;;;
Bezirk Altona;Wahlkreis 3 - Altona;Ottensen;21302;STIMMBEZIRK;;;N;1121;660;461;0;404;8;396;404;2;402;1996;420;276;31;20;12;16;5;18;20;11;11;712;242;225;52;67;50;76;;;;;99;31;9;4;9;14;19;1;5;3;4;27;7;1;10;1;6;0;0;0;1;1;100;48;21;31;;;;;;;;520;346;174;;;45;45;;;5;5;;66;66;2;2;;;
Bezirk Altona;Wahlkreis 3 - Altona;Ottensen;21304;STIMMBEZIRK;;;N;1072;653;419;0;451;4;447;451;5;446;2228;411;273;40;15;7;20;5;11;17;15;8;863;215;305;77;74;123;69;;;;;75;28;8;1;9;4;13;2;2;0;8;18;3;0;4;0;5;0;0;0;6;0;82;50;18;14;;;;;;;;713;462;251;;;51;51;;;4;4;;5;5;6;6;;;
Bezirk Altona;Wahlkreis 3 - Altona;Ottensen;21305;STIMMBEZIRK;;;N;980;588;392;0;412;8;404;412;5;407;2032;419;226;48;31;12;22;19;23;24;4;10;739;215;248;61;54;86;75;;;;;135;46;19;3;15;11;24;9;2;1;5;30;15;1;1;2;2;7;1;0;0;1;89;61;17;11;;;;;;;;570;390;180;;;34;34;;;0;0;;10;10;6;6;;;
Bezirk Altona;Wahlkreis 3 - Altona;Ottensen;21306;STIMMBEZIRK;;;N;1063;632;431;0;407;8;399;407;2;405;2024;332;209;22;22;5;7;4;13;36;6;8;699;228;247;39;47;55;83;;;;;146;58;19;13;9;9;25;2;3;5;3;42;6;15;5;5;0;4;0;1;6;0;113;71;21;21;;;;;;;;607;425;182;;;73;73;;;1;1;;10;10;1;1;;;
Bezirk Altona;Wahlkreis 3 - Altona;Ottensen;21402;STIMMBEZIRK;;;N;912;578;334;0;400;4;396;400;7;393;1963;409;252;27;37;6;17;9;19;27;0;15;661;179;240;48;60;95;39;;;;;196;77;8;12;25;29;31;0;3;3;8;29;7;7;1;7;3;0;1;2;1;0;75;50;10;15;;;;;;;;509;355;154;;;66;66;;;2;2;;13;13;3;3;;;
Bezirk Altona;Wahlkreis 3 - Altona;Ottensen;21403;STIMMBEZIRK;;;N;1009;672;337;0;483;6;477;483;7;476;2374;490;271;45;52;12;25;12;13;32;10;18;853;296;288;61;69;80;59;;;;;295;102;43;16;24;13;34;5;21;26;11;50;19;3;2;5;1;1;6;5;8;0;79;46;14;19;;;;;;;;540;370;170;;;38;38;;;0;0;;18;18;11;11;;;
Bezirk Altona;Wahlkreis 3 - Altona;Ottensen;21404;STIMMBEZIRK;;;N;1050;623;427;0;484;8;476;484;6;478;2386;423;310;29;18;13;19;7;10;9;2;6;943;269;377;82;64;69;82;;;;;194;85;22;11;13;17;14;11;7;12;2;43;21;2;3;4;2;1;0;0;10;0;89;63;12;14;;;;;;;;646;477;169;;;35;35;;;2;2;;11;11;0;0;;;
Bezirk Altona;Wahlkreis 3 - Altona;Ottensen;21405;STIMMBEZIRK;;;N;1122;707;415;0;471;6;465;470;9;461;2297;509;263;55;47;26;32;11;21;39;5;10;686;212;276;36;48;66;48;;;;;521;229;82;28;57;15;34;4;16;7;49;57;25;1;4;4;17;3;0;1;1;1;99;76;7;16;;;;;;;;352;261;91;;;68;68;;;0;0;;5;5;0;0;;;
Bezirk Altona;Wahlkreis 3 - Altona;Ottensen;21406;STIMMBEZIRK;;;N;903;549;354;0;438;3;435;438;2;436;2172;454;298;18;28;17;15;15;11;31;12;9;988;308;341;66;73;121;79;;;;;93;35;16;2;3;8;18;8;1;1;1;9;7;0;0;0;2;0;0;0;0;0;97;53;17;27;;;;;;;;483;322;161;;;40;40;;;2;2;;1;1;5;5;;;
Bezirk Altona;Wahlkreis 3 - Altona;Ottensen;21407;STIMMBEZIRK;;;N;989;559;430;0;458;9;449;458;7;451;2234;520;312;39;38;19;16;19;22;38;2;15;827;263;301;50;71;73;69;;;;;217;103;29;17;13;16;23;2;8;0;6;86;29;7;2;9;24;8;0;2;4;1;106;81;15;10;;;;;;;;419;322;97;;;46;46;;;4;4;;1;1;8;8;;;
Bezirk Altona;Wahlkreis 3 - Altona;Ottensen;21408;STIMMBEZIRK;;;N;1011;575;436;0;428;4;424;428;1;427;2106;433;237;35;40;25;27;11;21;21;4;12;788;196;301;92;62;80;57;;;;;158;72;19;5;13;25;10;3;3;2;6;29;4;3;6;1;1;0;3;3;1;7;91;52;23;16;;;;;;;;518;357;161;;;80;80;;;5;5;;0;0;4;4;;;
Bezirk Altona;Wahlkreis 3 - Altona;Ottensen;2119901;BRIEFWAHLBEZIRK;;;N;0;0;0;0;527;527;0;527;7;520;2584;712;297;61;77;43;35;70;26;62;11;30;821;226;264;71;52;122;86;;;;;320;91;32;22;46;48;23;8;20;9;21;80;22;9;12;5;13;5;11;1;0;2;165;89;43;33;;;;;;;;396;271;125;;;65;65;;;12;12;;3;3;10;10;;;
Bezirk Altona;Wahlkreis 3 - Altona;Ottensen;2119902;BRIEFWAHLBEZIRK;;;N;0;0;0;0;518;518;0;518;3;515;2569;573;289;52;51;21;53;25;31;35;9;7;1058;339;321;111;71;117;99;;;;;154;37;8;2;27;21;22;6;12;11;8;22;4;4;2;4;4;1;0;1;0;2;199;129;51;19;;;;;;;;474;304;170;;;65;65;;;16;16;;5;5;3;3;;;
Bezirk Altona;Wahlkreis 3 - Altona;Ottensen;2119903;BRIEFWAHLBEZIRK;;;N;0;0;0;0;527;527;0;525;2;523;2591;571;295;36;70;28;30;17;27;43;14;11;838;230;282;84;65;83;94;;;;;302;95;33;12;38;24;39;7;24;9;21;76;9;6;11;9;12;5;10;3;9;2;175;109;50;16;;;;;;;;570;406;164;;;48;48;;;5;5;;0;0;6;6;;;
Bezirk Altona;Wahlkreis 3 - Altona;Ottensen;2119904;BRIEFWAHLBEZIRK;;;N;0;0;0;0;574;574;0;574;2;572;2859;786;419;68;74;36;38;23;22;51;19;36;1004;277;337;91;87;104;108;;;;;320;97;39;25;35;18;53;6;13;11;23;54;23;3;3;1;17;0;2;2;1;2;123;67;26;30;;;;;;;;455;307;148;;;97;97;;;12;12;;8;8;0;0;;;
Bezirk Altona;Wahlkreis 3 - Altona;Ottensen;2119905;BRIEFWAHLBEZIRK;;;N;0;0;0;0;578;578;0;578;3;575;2863;706;390;47;59;18;47;40;37;36;5;27;938;218;367;81;68;115;89;;;;;300;96;38;24;19;34;34;10;24;8;13;83;22;5;8;9;19;3;2;12;1;2;139;84;18;37;;;;;;;;579;415;164;;;104;104;;;0;0;;12;12;2;2;;;
Bezirk Altona;Wahlkreis 3 - Altona;Ottensen;2119906;BRIEFWAHLBEZIRK;;;N;0;0;0;0;591;591;0;589;0;589;2917;585;294;44;68;13;33;35;23;48;8;19;1044;273;418;85;80;103;85;;;;;363;97;42;26;27;23;62;27;37;5;17;57;10;8;5;3;21;5;3;0;2;0;182;103;39;40;;;;;;;;638;468;170;;;38;38;;;4;4;;1;1;5;5;;;
Bezirk Altona;Wahlkreis 3 - Altona;Ottensen;2119907;BRIEFWAHLBEZIRK;;;N;0;0;0;0;577;577;0;572;1;571;2842;626;310;66;62;34;29;35;26;31;6;27;1056;293;405;71;96;102;89;;;;;316;96;25;29;19;14;51;24;20;14;24;76;11;6;4;15;24;9;2;1;2;2;146;77;34;35;;;;;;;;558;418;140;;;54;54;;;8;8;;2;2;0;0;;;
Bezirk Altona;Wahlkreis 3 - Altona;Ottensen;2119908;BRIEFWAHLBEZIRK;;;N;0;0;0;0;572;572;0;572;5;567;2831;573;298;49;56;18;25;28;38;47;4;10;1035;306;336;85;73;121;114;;;;;300;68;55;21;39;21;41;4;19;6;26;76;18;8;14;3;12;6;4;0;8;3;194;107;43;44;;;;;;;;550;395;155;;;81;81;;;3;3;;5;5;14;14;;;
Bezirk Altona;Wahlkreis 3 - Altona;Ottensen;2119909;BRIEFWAHLBEZIRK;;;N;0;0;0;0;548;548;0;548;1;547;2699;502;207;51;72;30;31;12;35;42;5;17;968;303;345;70;67;111;72;;;;;253;63;24;39;27;24;29;8;19;8;12;71;33;0;5;1;13;2;11;0;3;3;176;102;36;38;;;;;;;;623;431;192;;;68;68;;;10;10;;28;28;0;0;;;
Bezirk Altona;Wahlkreis 3 - Altona;Ottensen;2119910;BRIEFWAHLBEZIRK;;;N;0;0;0;0;576;576;0;576;5;571;2837;502;290;26;44;9;19;23;17;37;9;28;995;288;314;78;88;117;110;;;;;295;82;42;21;36;24;40;9;18;12;11;106;49;9;7;4;13;2;6;5;5;6;199;131;38;30;;;;;;;;638;460;178;;;58;58;;;25;25;;8;8;11;11;;;
Bezirk Altona;Wahlkreis 3 - Altona;Ottensen;2119911;BRIEFWAHLBEZIRK;;;N;0;0;0;0;577;577;0;577;2;575;2875;560;275;54;64;24;35;26;24;32;8;18;1003;291;341;91;50;106;124;;;;;231;73;32;23;6;24;35;9;6;11;12;100;35;9;6;12;22;1;3;3;8;1;203;126;29;48;;;;;;;;697;514;183;;;35;35;;;17;17;;26;26;3;3;;;
Bezirk Altona;Wahlkreis 3 - Altona;Ottensen;2119912;BRIEFWAHLBEZIRK;;;N;0;0;0;0;562;562;0;562;3;559;2781;623;303;56;56;33;40;32;28;39;17;19;911;234;311;72;66;122;106;;;;;262;89;29;34;31;20;19;6;7;14;13;87;24;3;12;2;18;8;6;7;1;6;187;106;39;42;;;;;;;;600;411;189;;;89;89;;;20;20;;0;0;2;2;;;
Bezirk Altona;Wahlkreis 3 - Altona;Ottensen;2119913;BRIEFWAHLBEZIRK;;;N;0;0;0;0;565;565;0;564;4;560;2791;502;255;31;42;15;56;15;27;24;15;22;984;265;306;88;95;124;106;;;;;269;60;30;18;18;24;83;4;12;4;16;72;13;4;4;16;11;9;5;3;5;2;199;123;33;43;;;;;;;;692;455;237;;;58;58;;;3;3;;11;11;1;1;;;
Bezirk Altona;Wahlkreis 3 - Altona;Ottensen;2119914;BRIEFWAHLBEZIRK;;;N;0;0;0;0;566;566;0;566;1;565;2820;535;298;27;58;30;24;21;22;30;9;16;1131;346;362;102;87;138;96;;;;;177;60;10;16;20;23;20;5;5;6;12;69;25;1;4;1;10;21;1;0;6;0;134;68;39;27;;;;;;;;695;476;219;;;12;12;;;17;17;;45;45;5;5;;;
Bezirk Altona;Wahlkreis 3 - Altona;Ottensen;2119915;BRIEFWAHLBEZIRK;;;N;0;0;0;0;556;556;0;556;7;549;2738;506;249;49;65;14;28;8;30;37;15;11;949;239;301;87;97;131;94;;;;;190;49;17;22;26;21;21;8;10;8;8;57;21;4;6;7;8;8;0;2;0;1;205;102;53;50;;;;;;;;753;516;237;;;58;58;;;10;10;;6;6;4;4;;;
Bezirk Altona;Wahlkreis 3 - Altona;Ottensen;2119916;BRIEFWAHLBEZIRK;;;N;0;0;0;0;559;559;0;554;5;549;2735;511;251;50;54;29;27;20;8;35;27;10;1017;263;314;104;85;141;110;;;;;187;42;27;16;17;9;41;3;15;4;13;65;27;5;9;4;13;6;0;0;1;0;194;109;54;31;;;;;;;;701;524;177;;;40;40;;;6;6;;8;8;6;6;;;
Bezirk Altona;Wahlkreis 3 - Altona;Ottensen;2119917;BRIEFWAHLBEZIRK;;;N;0;0;0;0;564;564;0;564;5;559;2779;646;324;67;56;30;36;43;25;42;6;17;1135;275;444;107;101;126;82;;;;;272;85;24;25;20;36;33;10;14;11;14;49;8;6;1;6;15;8;0;5;0;0;113;63;28;22;;;;;;;;483;391;92;;;59;59;;;1;1;;9;9;12;12;;;
Bezirk Altona;Wahlkreis 3 - Altona;Bahrenfeld;21501;STIMMBEZIRK;;;N;881;574;307;0;377;6;371;377;6;371;1849;346;174;42;24;21;12;18;19;17;6;13;602;199;179;57;39;75;53;;;;;85;18;8;28;18;1;3;2;3;3;1;35;5;1;7;6;1;5;0;0;10;0;125;57;37;31;;;;;;;;580;413;167;;;52;52;;;10;10;;13;13;1;1;;;
Bezirk Altona;Wahlkreis 3 - Altona;Bahrenfeld;21502;STIMMBEZIRK;;;N;985;598;387;0;391;4;387;391;3;388;1935;308;131;31;43;11;22;26;8;17;11;8;553;211;141;54;22;58;67;;;;;101;14;19;16;3;9;9;4;14;6;7;16;5;0;1;1;1;3;3;1;0;1;71;40;20;11;;;;;;;;773;507;266;;;87;87;;;9;9;;17;17;0;0;;;
Bezirk Altona;Wahlkreis 3 - Altona;Bahrenfeld;21504;STIMMBEZIRK;;;N;991;594;397;0;355;0;355;355;2;353;1728;416;165;59;35;29;20;32;9;36;16;15;454;151;140;48;22;50;43;;;;;154;51;15;31;18;9;6;2;13;0;9;12;0;2;5;2;0;0;0;2;0;1;53;34;9;10;;;;;;;;544;356;188;;;79;79;;;9;9;;7;7;0;0;;;
Bezirk Altona;Wahlkreis 3 - Altona;Bahrenfeld;21505;STIMMBEZIRK;;;N;958;612;346;0;414;6;408;414;3;411;2051;388;172;37;41;23;17;30;17;32;4;15;743;271;200;70;63;92;47;;;;;108;24;6;20;9;17;11;2;7;4;8;21;13;1;0;3;0;2;0;0;2;0;103;60;23;20;;;;;;;;559;372;187;;;88;88;;;6;6;;35;35;0;0;;;
Bezirk Altona;Wahlkreis 3 - Altona;Bahrenfeld;21506;STIMMBEZIRK;;;N;997;562;435;0;426;8;418;426;3;423;2104;410;200;58;38;20;16;14;29;17;13;5;887;259;315;83;54;102;74;;;;;154;37;29;19;17;6;10;2;25;3;6;3;1;0;0;0;0;1;0;1;0;0;150;96;34;20;;;;;;;;453;334;119;;;25;25;;;22;22;;0;0;0;0;;;
Bezirk Altona;Wahlkreis 3 - Altona;Bahrenfeld;21601;STIMMBEZIRK;;;N;1145;769;376;0;458;2;456;458;5;453;2243;463;174;64;58;23;15;52;22;22;9;24;731;276;258;33;46;68;50;;;;;273;69;30;72;25;12;14;15;10;8;18;42;7;1;3;3;6;4;12;0;6;0;118;63;38;17;;;;;;;;509;357;152;;;95;95;;;3;3;;2;2;7;7;;;
Bezirk Altona;Wahlkreis 3 - Altona;Bahrenfeld;21602;STIMMBEZIRK;;;N;1044;708;336;0;452;4;448;452;4;448;2215;539;186;59;66;34;25;60;29;31;21;28;661;267;218;45;41;45;45;;;;;261;71;28;57;50;15;7;8;8;7;10;32;7;5;0;5;3;0;5;2;5;0;115;76;23;16;;;;;;;;463;308;155;;;117;117;;;17;17;;6;6;4;4;;;
Bezirk Altona;Wahlkreis 3 - Altona;Bahrenfeld;21604;STIMMBEZIRK;;;N;1170;744;426;0;427;4;423;427;6;421;2081;454;160;82;37;20;17;39;27;30;14;28;607;237;202;49;40;48;31;;;;;172;39;16;52;18;14;5;10;10;6;2;19;3;2;5;1;2;4;0;2;0;0;111;81;15;15;;;;;;;;590;434;156;;;102;102;;;18;18;;7;7;1;1;;;
Bezirk Altona;Wahlkreis 3 - Altona;Bahrenfeld;21605;STIMMBEZIRK;;;N;1059;633;426;0;457;8;449;457;5;452;2251;502;212;65;55;17;16;54;16;41;12;14;794;291;261;56;46;87;53;;;;;247;77;20;37;51;13;5;6;15;14;9;35;14;3;3;1;3;1;3;5;0;2;110;73;22;15;;;;;;;;443;330;113;;;77;77;;;13;13;;30;30;0;0;;;
Bezirk Altona;Wahlkreis 3 - Altona;Bahrenfeld;21606;STIMMBEZIRK;;;N;1149;751;398;0;439;8;431;439;5;434;2155;484;205;33;60;14;23;45;32;43;16;13;740;236;251;74;52;71;56;;;;;172;48;5;43;17;22;17;10;3;3;4;19;9;5;0;0;5;0;0;0;0;0;124;78;38;8;;;;;;;;485;323;162;;;107;107;;;13;13;;5;5;6;6;;;
Bezirk Altona;Wahlkreis 3 - Altona;Bahrenfeld;21607;STIMMBEZIRK;;;N;912;581;331;0;434;9;425;434;10;424;2102;508;173;54;72;24;19;67;20;44;9;26;718;265;210;58;38;92;55;;;;;189;77;14;24;26;8;9;9;6;5;11;30;16;1;5;1;1;4;2;0;0;0;72;44;21;7;;;;;;;;413;284;129;;;124;124;;;22;22;;20;20;6;6;;;
Bezirk Altona;Wahlkreis 3 - Altona;Bahrenfeld;21608;STIMMBEZIRK;;;N;1087;725;362;0;455;11;444;455;4;451;2225;555;181;51;108;23;40;72;23;44;5;8;700;241;241;51;39;85;43;;;;;212;35;27;58;26;17;7;15;13;6;8;22;1;0;1;5;2;3;8;0;2;0;128;73;43;12;;;;;;;;462;326;136;;;131;131;;;15;15;;0;0;0;0;;;
Bezirk Altona;Wahlkreis 3 - Altona;Bahrenfeld;21610;STIMMBEZIRK;;;N;1206;925;281;0;399;9;390;398;14;384;1892;590;263;37;71;33;27;58;40;33;12;16;311;120;113;22;13;30;13;;;;;228;73;21;58;25;27;2;8;3;4;7;27;15;3;1;2;1;0;5;0;0;0;38;15;8;15;;;;;;;;411;246;165;;;168;168;;;14;14;;103;103;2;2;;;
Bezirk Altona;Wahlkreis 3 - Altona;Bahrenfeld;21701;STIMMBEZIRK;;;N;869;652;217;0;313;8;305;313;4;309;1530;442;200;37;54;20;18;43;27;18;10;15;385;107;146;25;26;55;26;;;;;198;69;16;25;35;21;7;14;3;3;5;24;0;1;4;1;1;5;9;2;0;1;36;20;13;3;;;;;;;;359;205;154;;;78;78;;;6;6;;2;2;0;0;;;
Bezirk Altona;Wahlkreis 3 - Altona;Bahrenfeld;21702;STIMMBEZIRK;;;N;913;666;247;0;428;4;424;428;5;423;2112;567;239;66;70;21;23;83;16;27;10;12;497;178;181;30;40;36;32;;;;;287;124;32;44;19;20;13;7;13;9;6;46;14;0;2;13;10;2;1;3;1;0;114;72;20;22;;;;;;;;482;345;137;;;104;104;;;9;9;;5;5;1;1;;;
Bezirk Altona;Wahlkreis 3 - Altona;Bahrenfeld;21704;STIMMBEZIRK;;;N;761;466;295;0;387;7;380;386;8;378;1857;493;274;47;52;9;17;23;31;22;3;15;691;259;218;61;43;65;45;;;;;137;55;13;23;11;8;2;9;5;4;7;33;7;6;4;9;6;0;0;1;0;0;90;57;23;10;;;;;;;;316;248;68;;;85;85;;;8;8;;2;2;2;2;;;
Bezirk Altona;Wahlkreis 3 - Altona;Bahrenfeld;21705;STIMMBEZIRK;;;N;1015;631;384;0;433;1;432;433;3;430;2128;622;302;64;74;30;22;51;34;31;2;12;653;266;220;43;49;44;31;;;;;371;204;34;30;33;8;9;15;17;14;7;30;8;1;2;1;13;3;0;1;0;1;51;31;13;7;;;;;;;;290;191;99;;;95;95;;;5;5;;10;10;1;1;;;
Bezirk Altona;Wahlkreis 3 - Altona;Bahrenfeld;21706;STIMMBEZIRK;;;N;1072;665;407;0;395;2;393;395;10;385;1918;507;172;48;81;21;31;65;20;20;15;34;502;187;137;42;14;58;64;;;;;330;138;56;24;37;14;19;8;8;13;13;70;21;2;2;7;20;9;7;2;0;0;99;72;16;11;;;;;;;;193;130;63;;;205;205;;;6;6;;0;0;6;6;;;
Bezirk Altona;Wahlkreis 3 - Altona;Bahrenfeld;21707;STIMMBEZIRK;;;N;843;590;253;0;330;1;329;330;1;329;1607;519;144;65;110;23;41;61;33;16;8;18;214;56;75;28;19;16;20;;;;;386;142;56;32;39;32;18;42;5;4;16;27;4;2;1;11;5;3;1;0;0;0;83;49;25;9;;;;;;;;174;125;49;;;194;194;;;10;10;;0;0;0;0;;;
Bezirk Altona;Wahlkreis 3 - Altona;Bahrenfeld;21708;STIMMBEZIRK;;;N;800;536;264;0;344;4;340;344;8;336;1663;571;213;72;71;48;29;38;21;53;6;20;407;128;139;34;25;44;37;;;;;252;103;20;35;39;15;15;8;11;5;1;26;2;6;1;1;5;2;2;1;5;1;75;51;8;16;;;;;;;;195;129;66;;;111;111;;;3;3;;18;18;5;5;;;
Bezirk Altona;Wahlkreis 3 - Altona;Bahrenfeld;2159901;BRIEFWAHLBEZIRK;;;N;0;0;0;0;604;604;0;604;7;597;2974;863;332;80;118;32;40;105;51;45;19;41;931;288;327;78;66;85;87;;;;;310;85;24;76;33;27;21;15;8;14;7;51;11;2;3;5;9;9;9;1;2;0;172;83;38;51;;;;;;;;471;350;121;;;126;126;;;23;23;;7;7;20;20;;;
Bezirk Altona;Wahlkreis 3 - Altona;Bahrenfeld;2159902;BRIEFWAHLBEZIRK;;;N;0;0;0;0;570;570;0;570;4;566;2825;812;274;78;111;24;36;150;38;53;15;33;783;208;290;63;57;85;80;;;;;436;117;47;75;67;34;10;27;26;9;24;69;8;6;0;22;6;6;7;5;1;8;134;90;32;12;;;;;;;;400;278;122;;;146;146;;;2;2;;31;31;12;12;;;
Bezirk Altona;Wahlkreis 3 - Altona;Bahrenfeld;2159903;BRIEFWAHLBEZIRK;;;N;0;0;0;0;556;556;0;556;4;552;2751;641;164;61;82;24;30;139;49;52;14;26;731;235;241;69;40;81;65;;;;;476;148;34;67;55;73;12;30;9;28;20;58;10;5;4;8;13;4;10;1;2;1;196;106;53;37;;;;;;;;501;323;178;;;120;120;;;10;10;;5;5;13;13;;;
Bezirk Altona;Wahlkreis 3 - Altona;Bahrenfeld;2159904;BRIEFWAHLBEZIRK;;;N;0;0;0;0;583;583;0;583;1;582;2871;806;278;86;97;33;40;114;42;52;25;39;733;230;227;67;44;83;82;;;;;412;129;39;59;62;54;21;20;11;6;11;76;16;5;1;12;23;5;6;5;0;3;219;106;78;35;;;;;;;;476;336;140;;;113;113;;;7;7;;11;11;18;18;;;
Bezirk Altona;Wahlkreis 3 - Altona;Bahrenfeld;2159905;BRIEFWAHLBEZIRK;;;N;0;0;0;0;596;596;0;596;1;595;2962;786;291;101;111;35;45;71;42;32;16;42;832;244;278;81;56;88;85;;;;;412;158;34;58;28;34;23;10;23;19;25;118;17;23;12;11;16;6;17;5;5;6;168;88;45;35;;;;;;;;532;383;149;;;97;97;;;11;11;;2;2;4;4;;;
Bezirk Altona;Wahlkreis 3 - Altona;Bahrenfeld;2159906;BRIEFWAHLBEZIRK;;;N;0;0;0;0;572;572;0;571;4;567;2817;727;200;110;111;32;55;100;33;39;13;34;783;238;231;61;58;106;89;;;;;417;117;42;84;35;32;40;17;18;16;16;78;9;6;5;6;18;9;16;1;2;6;207;96;60;51;;;;;;;;471;317;154;;;90;90;;;33;33;;5;5;6;6;;;
Bezirk Altona;Wahlkreis 3 - Altona;Bahrenfeld;2159907;BRIEFWAHLBEZIRK;;;N;0;0;0;0;576;576;0;576;1;575;2874;640;226;72;106;35;24;55;39;38;20;25;898;249;327;73;37;121;91;;;;;371;129;30;43;36;16;25;34;23;21;14;137;37;3;17;7;28;13;9;5;18;0;180;139;23;18;;;;;;;;561;343;218;;;58;58;;;14;14;;4;4;11;11;;;
Bezirk Altona;Wahlkreis 3 - Altona;Bahrenfeld;2159908;BRIEFWAHLBEZIRK;;;N;0;0;0;0;578;578;0;578;6;572;2849;601;223;46;97;34;38;64;30;36;10;23;892;264;300;78;44;120;86;;;;;289;83;39;40;35;18;23;5;20;16;10;91;27;2;10;8;15;9;5;3;12;0;223;143;53;27;;;;;;;;657;454;203;;;69;69;;;10;10;;5;5;12;12;;;
Bezirk Altona;Wahlkreis 3 - Altona;Bahrenfeld;2159909;BRIEFWAHLBEZIRK;;;N;0;0;0;0;573;573;0;573;3;570;2850;703;248;78;97;30;46;101;34;34;17;18;816;292;267;57;48;78;74;;;;;319;73;30;55;49;20;24;5;22;20;21;100;34;12;11;1;14;13;10;3;2;0;235;141;55;39;;;;;;;;561;347;214;;;86;86;;;16;16;;6;6;8;8;;;
Bezirk Altona;Wahlkreis 3 - Altona;Bahrenfeld;2159910;BRIEFWAHLBEZIRK;;;N;0;0;0;0;575;575;0;575;6;569;2840;605;187;94;90;36;37;52;32;30;18;29;810;264;245;64;50;107;80;;;;;242;76;28;40;26;22;24;3;7;4;12;47;20;2;2;2;7;2;8;1;0;3;184;131;30;23;;;;;;;;797;502;295;;;92;92;;;31;31;;20;20;12;12;;;
Bezirk Altona;Wahlkreis 3 - Altona;Bahrenfeld;2159911;BRIEFWAHLBEZIRK;;;N;0;0;0;0;570;570;0;567;3;564;2795;560;205;70;71;47;37;32;40;21;18;19;961;344;264;96;60;102;95;;;;;217;64;29;20;35;20;9;15;4;9;12;112;18;9;8;20;22;4;13;5;5;8;194;124;46;24;;;;;;;;652;419;233;;;68;68;;;22;22;;5;5;4;4;;;
Bezirk Altona;Wahlkreis 3 - Altona;Othmarschen;21901;STIMMBEZIRK;;;N;1232;767;465;0;486;5;481;486;1;485;2422;556;234;60;109;38;33;12;25;28;7;10;963;461;265;63;50;52;72;;;;;292;144;36;24;24;10;14;7;13;15;5;61;21;11;4;1;9;9;2;2;2;0;133;60;42;31;;;;;;;;286;186;100;;;95;95;;;16;16;;17;17;3;3;;;
Bezirk Altona;Wahlkreis 3 - Altona;Othmarschen;21902;STIMMBEZIRK;;;N;1178;661;517;0;515;4;511;511;10;501;2491;649;307;50;164;22;23;13;25;26;12;7;647;216;267;37;33;44;50;;;;;663;230;102;83;79;22;33;18;10;56;30;119;43;6;3;7;29;8;5;3;6;9;71;51;12;8;;;;;;;;274;198;76;;;66;66;;;0;0;;0;0;2;2;;;
Bezirk Altona;Wahlkreis 3 - Altona;Othmarschen;21903;STIMMBEZIRK;;;N;1270;666;604;0;477;8;469;477;6;471;2338;447;220;42;62;34;14;15;23;24;7;6;757;258;267;40;64;54;74;;;;;616;257;104;42;72;31;29;12;13;33;23;85;18;7;8;7;39;2;2;0;2;0;80;51;22;7;;;;;;;;217;147;70;;;129;129;;;2;2;;0;0;5;5;;;
Bezirk Altona;Wahlkreis 3 - Altona;Othmarschen;21904;STIMMBEZIRK;;;N;957;578;379;0;450;16;434;450;13;437;2124;460;197;44;138;11;12;8;19;17;6;8;532;234;181;38;29;23;27;;;;;741;271;181;47;111;27;21;26;8;31;18;105;24;4;4;10;44;13;0;1;4;1;57;40;14;3;;;;;;;;121;92;29;;;84;84;;;10;10;;14;14;0;0;;;
Bezirk Altona;Wahlkreis 3 - Altona;Othmarschen;21905;STIMMBEZIRK;;;N;1224;639;585;0;476;6;470;476;1;475;2347;364;170;21;91;8;17;7;9;25;6;10;549;225;180;26;33;48;37;;;;;996;465;226;49;79;19;33;34;26;24;41;155;48;3;3;20;46;14;8;6;5;2;90;64;15;11;;;;;;;;123;86;37;;;55;55;;;10;10;;0;0;5;5;;;
Bezirk Altona;Wahlkreis 3 - Altona;Othmarschen;21906;STIMMBEZIRK;;;N;1161;605;556;0;446;8;438;446;3;443;2204;412;165;25;130;38;13;7;12;11;8;3;261;107;77;15;16;19;27;;;;;1103;444;207;62;161;38;21;40;32;50;48;170;43;7;9;8;80;6;8;4;5;0;71;55;11;5;;;;;;;;83;54;29;;;97;97;;;0;0;;6;6;1;1;;;
Bezirk Altona;Wahlkreis 3 - Altona;Othmarschen;21907;STIMMBEZIRK;;;N;1039;638;401;0;520;11;509;520;10;510;2538;528;212;40;132;31;19;15;27;25;10;17;645;246;246;29;35;29;60;;;;;942;391;195;45;118;24;39;32;14;37;47;120;27;3;3;9;48;6;1;2;20;1;96;75;18;3;;;;;;;;128;102;26;;;61;61;;;15;15;;2;2;1;1;;;
Bezirk Altona;Wahlkreis 3 - Altona;Othmarschen;21908;STIMMBEZIRK;;;N;1001;566;435;0;463;8;455;463;2;461;2286;374;162;30;87;12;26;6;13;19;4;15;513;167;186;37;42;32;49;;;;;964;377;259;59;75;51;25;13;19;32;54;177;48;1;4;14;83;4;5;2;15;1;76;48;21;7;;;;;;;;116;87;29;;;66;66;;;0;0;;0;0;0;0;;;
Bezirk Altona;Wahlkreis 3 - Altona;Othmarschen;21909;STIMMBEZIRK;;;N;1258;786;472;0;520;5;515;520;7;513;2554;687;348;61;111;27;32;16;34;38;11;9;796;323;264;49;40;56;64;;;;;393;176;49;17;41;32;18;15;9;18;18;98;15;6;10;3;36;10;1;0;12;5;128;80;27;21;;;;;;;;322;220;102;;;92;92;;;6;6;;32;32;0;0;;;
Bezirk Altona;Wahlkreis 3 - Altona;Othmarschen;21910;STIMMBEZIRK;;;N;987;570;417;0;415;7;408;415;4;411;2044;525;201;59;85;20;37;30;28;25;6;34;762;310;244;42;46;57;63;;;;;318;100;45;19;50;19;9;20;23;26;7;43;16;9;2;4;3;8;1;0;0;0;90;55;20;15;;;;;;;;236;145;91;;;50;50;;;15;15;;5;5;0;0;;;
Bezirk Altona;Wahlkreis 3 - Altona;Othmarschen;2199901;BRIEFWAHLBEZIRK;;;N;0;0;0;0;624;624;0;624;3;621;3102;795;341;90;157;46;31;37;29;34;18;12;757;250;239;44;73;62;89;;;;;975;371;216;60;105;26;49;28;24;60;36;168;22;5;8;9;66;29;10;9;2;8;148;95;41;12;;;;;;;;177;141;36;;;81;81;;;0;0;;0;0;1;1;;;
Bezirk Altona;Wahlkreis 3 - Altona;Othmarschen;2199902;BRIEFWAHLBEZIRK;;;N;0;0;0;0;543;543;0;542;2;540;2658;522;187;53;115;14;28;26;38;30;18;13;570;150;244;37;38;45;56;;;;;1005;365;199;51;103;49;35;46;43;50;64;228;40;3;8;29;82;18;14;6;24;4;93;62;22;9;;;;;;;;157;100;57;;;70;70;;;5;5;;3;3;5;5;;;
Bezirk Altona;Wahlkreis 3 - Altona;Othmarschen;2199903;BRIEFWAHLBEZIRK;;;N;0;0;0;0;546;546;0;546;5;541;2702;490;184;47;126;26;23;13;21;33;8;9;549;167;218;33;34;39;58;;;;;1065;414;229;75;93;28;48;46;25;56;51;206;34;9;20;20;69;27;6;2;18;1;118;60;39;19;;;;;;;;154;121;33;;;118;118;;;0;0;;0;0;2;2;;;
Bezirk Altona;Wahlkreis 3 - Altona;Othmarschen;2199904;BRIEFWAHLBEZIRK;;;N;0;0;0;0;564;564;0;564;1;563;2809;511;204;48;113;25;30;23;19;28;7;14;592;192;231;36;20;62;51;;;;;1153;522;193;64;102;45;55;32;43;57;40;188;31;4;11;15;67;13;6;15;18;8;117;70;39;8;;;;;;;;147;106;41;;;94;94;;;4;4;;1;1;2;2;;;
Bezirk Altona;Wahlkreis 3 - Altona;Othmarschen;2199905;BRIEFWAHLBEZIRK;;;N;0;0;0;0;572;572;0;571;3;568;2839;512;168;55;117;34;25;46;11;18;21;17;650;248;171;45;46;62;78;;;;;898;289;206;50;93;36;33;29;28;93;41;255;31;9;23;39;86;18;11;11;26;1;142;76;43;23;;;;;;;;273;199;74;;;95;95;;;8;8;;5;5;1;1;;;
Bezirk Altona;Wahlkreis 3 - Altona;Othmarschen;2199906;BRIEFWAHLBEZIRK;;;N;0;0;0;0;549;549;0;548;2;546;2720;516;229;31;97;28;35;26;20;21;10;19;649;244;220;44;43;42;56;;;;;893;315;213;40;91;43;51;27;42;28;43;235;36;6;12;24;93;14;1;16;27;6;164;96;30;38;;;;;;;;201;135;66;;;31;31;;;22;22;;7;7;2;2;;;
Bezirk Altona;Wahlkreis 3 - Altona;Othmarschen;2199907;BRIEFWAHLBEZIRK;;;N;0;0;0;0;570;570;0;570;3;567;2830;537;220;71;106;25;30;24;18;23;10;10;671;232;227;44;30;75;63;;;;;932;330;205;49;85;61;43;25;37;43;54;298;45;14;15;42;95;37;10;11;27;2;152;91;37;24;;;;;;;;153;98;55;;;70;70;;;16;16;;1;1;0;0;;;
Bezirk Altona;Wahlkreis 3 - Altona;Othmarschen;2199908;BRIEFWAHLBEZIRK;;;N;0;0;0;0;553;553;0;553;3;550;2736;492;183;35;115;30;29;13;16;39;12;20;752;295;250;39;63;48;57;;;;;819;231;214;56;68;40;38;53;29;51;39;212;54;14;11;19;76;13;10;3;6;6;150;92;50;8;;;;;;;;246;179;67;;;53;53;;;12;12;;0;0;0;0;;;
Bezirk Altona;Wahlkreis 4 - Altona-West;Lurup;22001;STIMMBEZIRK;;;N;1103;903;200;0;366;4;362;366;10;356;1746;617;83;332;119;13;18;8;6;5;8;25;229;72;29;12;4;83;18;4;1;5;1;38;9;1;1;2;2;15;5;2;0;1;147;44;21;56;26;;;;;;;315;229;86;;;;;;;;;30;12;18;;;370;370;;;;;;;;;;;;
Bezirk Altona;Wahlkreis 4 - Altona-West;Lurup;22003;STIMMBEZIRK;;;N;988;672;316;0;379;2;377;379;6;373;1834;693;112;359;111;17;22;11;22;16;4;19;292;125;36;18;13;60;12;8;11;5;4;30;12;5;3;0;2;3;1;1;3;0;296;79;26;159;32;;;;;;;280;207;73;;;;;;;;;62;35;27;;;181;181;;;;;;;;;;;;
Bezirk Altona;Wahlkreis 4 - Altona-West;Lurup;22004;STIMMBEZIRK;;;N;1168;935;233;0;411;3;408;411;10;401;1926;704;108;313;178;25;10;20;21;5;10;14;276;114;22;12;11;66;13;12;14;6;6;49;31;6;5;0;2;1;2;1;1;0;166;56;33;60;17;;;;;;;441;358;83;;;;;;;;;70;48;22;;;220;220;;;;;;;;;;;;
Bezirk Altona;Wahlkreis 4 - Altona-West;Lurup;22005;STIMMBEZIRK;;;N;1083;796;287;0;405;4;401;405;11;394;1943;683;110;304;134;46;15;20;13;20;2;19;339;159;26;9;18;73;17;2;13;5;17;55;8;21;3;8;8;1;5;0;1;0;315;77;31;166;41;;;;;;;351;272;79;;;;;;;;;28;21;7;;;172;172;;;;;;;;;;;;
Bezirk Altona;Wahlkreis 4 - Altona-West;Lurup;22006;STIMMBEZIRK;;;N;1247;776;471;0;413;4;409;412;4;408;2002;616;122;305;53;37;20;18;13;18;3;27;439;232;18;27;18;77;12;11;22;16;6;46;21;9;3;1;3;3;4;2;0;0;321;85;40;153;43;;;;;;;316;231;85;;;;;;;;;43;23;20;;;221;221;;;;;;;;;;;;
Bezirk Altona;Wahlkreis 4 - Altona-West;Lurup;22007;STIMMBEZIRK;;;N;1287;1047;240;0;300;0;300;300;9;291;1435;511;130;203;102;18;20;9;5;1;5;18;216;112;14;32;14;30;3;2;3;0;6;20;4;0;0;0;2;0;1;5;5;3;132;47;17;56;12;;;;;;;305;248;57;;;;;;;;;18;13;5;;;233;233;;;;;;;;;;;;
Bezirk Altona;Wahlkreis 4 - Altona-West;Lurup;22008;STIMMBEZIRK;;;N;934;712;222;0;306;1;305;306;10;296;1451;654;103;419;83;6;19;5;5;3;1;10;245;99;30;17;8;77;6;2;3;2;1;19;2;1;1;1;1;3;2;3;4;1;152;60;23;54;15;;;;;;;172;106;66;;;;;;;;;53;43;10;;;156;156;;;;;;;;;;;;
Bezirk Altona;Wahlkreis 4 - Altona-West;Lurup;22009;STIMMBEZIRK;;;N;1159;902;257;0;405;3;402;405;5;400;1966;654;104;367;66;24;20;24;11;17;10;11;334;131;27;19;26;109;2;1;2;11;6;48;23;6;6;1;2;6;0;2;1;1;249;96;22;89;42;;;;;;;328;243;85;;;;;;;;;55;29;26;;;298;298;;;;;;;;;;;;
Bezirk Altona;Wahlkreis 4 - Altona-West;Lurup;22010;STIMMBEZIRK;;;N;938;560;378;0;359;5;354;359;14;345;1713;645;94;336;93;36;14;19;20;15;1;17;320;107;23;23;21;113;7;9;4;4;9;35;1;3;6;0;0;12;0;0;8;5;312;69;51;152;40;;;;;;;211;159;52;;;;;;;;;31;26;5;;;159;159;;;;;;;;;;;;
Bezirk Altona;Wahlkreis 4 - Altona-West;Lurup;22011;STIMMBEZIRK;;;N;859;643;216;0;347;3;344;347;9;338;1676;593;106;326;46;26;19;28;19;7;2;14;286;102;22;10;17;92;20;9;5;8;1;36;7;6;9;7;0;2;2;0;2;1;185;66;38;61;20;;;;;;;269;200;69;;;;;;;;;55;35;20;;;252;252;;;;;;;;;;;;
Bezirk Altona;Wahlkreis 4 - Altona-West;Lurup;22013;STIMMBEZIRK;;;N;939;703;236;0;283;0;283;283;3;280;1395;466;72;265;69;11;13;8;18;0;2;8;297;95;18;22;15;111;4;13;6;5;8;17;11;0;3;0;0;2;0;0;0;1;237;77;30;95;35;;;;;;;197;148;49;;;;;;;;;23;17;6;;;158;158;;;;;;;;;;;;
Bezirk Altona;Wahlkreis 4 - Altona-West;Lurup;22014;STIMMBEZIRK;;;N;1279;972;307;0;289;2;287;289;7;282;1399;601;103;319;102;20;10;9;12;7;2;17;205;71;15;21;5;57;4;23;6;2;1;12;0;3;2;0;0;6;1;0;0;0;68;32;9;17;10;;;;;;;230;169;61;;;;;;;;;23;11;12;;;260;260;;;;;;;;;;;;
Bezirk Altona;Wahlkreis 4 - Altona-West;Lurup;22015;STIMMBEZIRK;;;N;959;795;164;0;242;2;240;242;8;234;1163;351;45;205;53;9;14;6;5;5;2;7;206;72;10;18;7;75;2;13;4;5;0;13;6;3;2;0;0;1;0;1;0;0;105;34;9;47;15;;;;;;;154;103;51;;;;;;;;;23;12;11;;;311;311;;;;;;;;;;;;
Bezirk Altona;Wahlkreis 4 - Altona-West;Lurup;22016;STIMMBEZIRK;;;N;1206;840;366;0;383;2;381;382;5;377;1860;743;130;428;71;26;19;10;19;6;4;30;327;128;43;20;9;86;4;8;15;10;4;49;23;7;0;1;4;4;3;1;0;6;199;46;32;94;27;;;;;;;257;204;53;;;;;;;;;43;32;11;;;242;242;;;;;;;;;;;;
Bezirk Altona;Wahlkreis 4 - Altona-West;Lurup;22017;STIMMBEZIRK;;;N;1061;839;222;0;294;2;292;294;14;280;1379;611;53;391;73;21;14;7;12;13;3;24;163;49;9;13;7;58;6;12;7;2;0;29;9;6;1;1;2;5;2;2;1;0;99;17;16;48;18;;;;;;;204;141;63;;;;;;;;;31;17;14;;;242;242;;;;;;;;;;;;
Bezirk Altona;Wahlkreis 4 - Altona-West;Lurup;22021;STIMMBEZIRK;;;N;1013;779;234;0;318;3;315;318;8;310;1520;603;114;258;92;27;26;8;25;23;11;19;204;62;26;11;13;65;8;10;5;3;1;32;8;1;3;3;2;10;3;0;0;2;204;40;30;102;32;;;;;;;191;140;51;;;;;;;;;11;7;4;;;275;275;;;;;;;;;;;;
Bezirk Altona;Wahlkreis 4 - Altona-West;Lurup;22022;STIMMBEZIRK;;;N;1200;1042;158;0;290;2;288;290;12;278;1383;604;119;305;62;22;22;11;16;6;9;32;152;56;25;4;1;37;2;4;13;9;1;20;5;0;0;5;0;7;1;0;0;2;102;16;16;64;6;;;;;;;227;188;39;;;;;;;;;23;18;5;;;255;255;;;;;;;;;;;;
Bezirk Altona;Wahlkreis 4 - Altona-West;Lurup;22023;STIMMBEZIRK;;;N;1174;796;378;0;346;1;345;346;9;337;1665;608;152;278;85;22;18;20;5;4;3;21;340;123;24;30;34;60;34;5;17;6;7;16;13;1;0;0;2;0;0;0;0;0;224;62;22;117;23;;;;;;;189;144;45;;;;;;;;;24;17;7;;;264;264;;;;;;;;;;;;
Bezirk Altona;Wahlkreis 4 - Altona-West;Lurup;22024;STIMMBEZIRK;;;N;1271;1044;227;0;390;1;389;390;12;378;1888;766;105;432;75;26;30;18;24;16;2;38;241;99;13;15;9;75;5;8;3;10;4;33;13;1;0;0;0;14;1;3;0;1;182;58;22;81;21;;;;;;;378;292;86;;;;;;;;;16;13;3;;;272;272;;;;;;;;;;;;
Bezirk Altona;Wahlkreis 4 - Altona-West;Lurup;22027;STIMMBEZIRK;;;N;982;739;243;0;292;3;289;292;9;283;1400;514;120;234;59;30;17;6;17;6;13;12;197;59;6;17;6;63;16;7;14;3;6;11;0;1;1;2;0;3;2;0;2;0;127;35;17;69;6;;;;;;;209;173;36;;;;;;;;;29;23;6;;;313;313;;;;;;;;;;;;
Bezirk Altona;Wahlkreis 4 - Altona-West;Lurup;22029;STIMMBEZIRK;;;N;1014;734;280;0;373;2;371;373;10;363;1806;603;138;237;98;42;23;11;14;10;2;28;338;178;12;46;6;56;9;4;14;5;8;39;12;3;1;1;2;3;5;8;3;1;183;57;31;70;25;;;;;;;297;252;45;;;;;;;;;31;21;10;;;315;315;;;;;;;;;;;;
Bezirk Altona;Wahlkreis 4 - Altona-West;Lurup;2209901;BRIEFWAHLBEZIRK;;;N;0;0;0;0;572;572;0;572;6;566;2806;1329;172;783;123;80;36;40;22;35;4;34;551;216;29;25;38;167;7;20;30;10;9;88;19;21;8;12;8;3;4;7;1;5;340;65;46;166;63;;;;;;;223;165;58;;;;;;;;;31;16;15;;;244;244;;;;;;;;;;;;
Bezirk Altona;Wahlkreis 4 - Altona-West;Lurup;2209902;BRIEFWAHLBEZIRK;;;N;0;0;0;0;585;585;0;584;8;576;2864;1286;204;723;128;82;35;24;35;27;3;25;541;232;24;47;13;148;12;25;25;8;7;88;22;8;8;2;2;27;11;3;2;3;354;100;39;177;38;;;;;;;224;179;45;;;;;;;;;84;69;15;;;287;287;;;;;;;;;;;;
Bezirk Altona;Wahlkreis 4 - Altona-West;Lurup;2209903;BRIEFWAHLBEZIRK;;;N;0;0;0;0;569;569;0;569;3;566;2814;1258;160;725;146;75;44;24;18;20;8;38;542;228;57;29;28;153;15;10;9;6;7;66;14;10;4;3;10;14;3;3;1;4;365;95;32;199;39;;;;;;;234;188;46;;;;;;;;;81;53;28;;;268;268;;;;;;;;;;;;
Bezirk Altona;Wahlkreis 4 - Altona-West;Lurup;2209904;BRIEFWAHLBEZIRK;;;N;0;0;0;0;581;581;0;579;7;572;2850;1265;152;675;135;112;47;28;35;40;6;35;642;185;29;30;34;243;26;25;38;22;10;64;30;6;1;0;5;10;2;3;5;2;332;94;39;165;34;;;;;;;237;181;56;;;;;;;;;76;48;28;;;234;234;;;;;;;;;;;;
Bezirk Altona;Wahlkreis 4 - Altona-West;Lurup;2209905;BRIEFWAHLBEZIRK;;;N;0;0;0;0;570;570;0;570;6;564;2807;1164;169;699;75;80;49;16;14;27;6;29;487;157;38;35;25;152;11;21;22;11;15;119;35;21;15;6;2;18;8;6;3;5;300;76;25;158;41;;;;;;;357;279;78;;;;;;;;;98;43;55;;;282;282;;;;;;;;;;;;
Bezirk Altona;Wahlkreis 4 - Altona-West;Lurup;2209906;BRIEFWAHLBEZIRK;;;N;0;0;0;0;561;561;0;561;3;558;2737;1048;153;615;97;63;34;22;16;16;2;30;531;157;34;64;20;211;18;10;5;4;8;83;15;17;12;8;7;6;8;6;2;2;423;115;42;194;72;;;;;;;352;269;83;;;;;;;;;97;65;32;;;203;203;;;;;;;;;;;;
Bezirk Altona;Wahlkreis 4 - Altona-West;Lurup;2209907;BRIEFWAHLBEZIRK;;;N;0;0;0;0;559;559;0;554;4;550;2749;1018;132;554;129;57;23;21;29;6;13;54;541;190;26;55;42;165;16;14;23;4;6;94;16;19;5;5;1;17;7;6;11;7;388;87;34;214;53;;;;;;;335;243;92;;;;;;;;;110;61;49;;;263;263;;;;;;;;;;;;
Bezirk Altona;Wahlkreis 4 - Altona-West;Lurup;2209908;BRIEFWAHLBEZIRK;;;N;0;0;0;0;554;554;0;554;6;548;2695;1138;229;520;169;60;36;11;31;29;3;50;371;129;30;25;9;128;20;5;15;7;3;74;12;22;5;3;3;11;7;0;6;5;414;157;60;137;60;;;;;;;358;257;101;;;;;;;;;110;66;44;;;230;230;;;;;;;;;;;;
Bezirk Altona;Wahlkreis 4 - Altona-West;Lurup;2209909;BRIEFWAHLBEZIRK;;;N;0;0;0;0;581;581;0;580;7;573;2864;1034;179;482;162;63;24;25;28;25;3;43;429;191;37;28;18;66;44;16;10;11;8;106;21;21;16;2;8;17;6;8;3;4;417;140;47;153;77;;;;;;;523;365;158;;;;;;;;;121;62;59;;;234;234;;;;;;;;;;;;
Bezirk Altona;Wahlkreis 4 - Altona-West;Osdorf;22101;STIMMBEZIRK;;;N;1060;736;324;0;394;7;387;394;13;381;1861;677;127;208;174;48;15;14;13;26;5;47;407;232;15;70;33;41;6;5;1;3;1;31;10;2;7;3;0;1;2;1;0;5;233;110;41;46;36;;;;;;;168;88;80;;;;;;;;;24;13;11;;;321;321;;;;;;;;;;;;
Bezirk Altona;Wahlkreis 4 - Altona-West;Osdorf;22102;STIMMBEZIRK;;;N;895;561;334;0;302;0;302;299;8;291;1415;601;159;137;171;42;20;12;15;9;3;33;268;156;15;35;19;9;5;13;6;8;2;19;8;2;2;0;2;1;1;1;1;1;196;90;30;51;25;;;;;;;162;108;54;;;;;;;;;56;34;22;;;113;113;;;;;;;;;;;;
Bezirk Altona;Wahlkreis 4 - Altona-West;Osdorf;22103;STIMMBEZIRK;;;N;1031;756;275;0;381;10;371;381;5;376;1810;599;220;108;112;45;32;12;16;15;3;36;320;145;19;71;19;19;18;7;10;4;8;28;4;5;6;5;0;0;2;6;0;0;252;107;39;50;56;;;;;;;318;239;79;;;;;;;;;67;36;31;;;226;226;;;;;;;;;;;;
Bezirk Altona;Wahlkreis 4 - Altona-West;Osdorf;22105;STIMMBEZIRK;;;N;1258;871;387;0;459;4;455;459;13;446;2213;592;213;84;76;43;58;18;19;34;5;42;525;312;32;53;42;17;15;24;18;9;3;82;20;25;2;8;12;3;3;5;1;3;466;216;51;104;95;;;;;;;246;169;77;;;;;;;;;63;39;24;;;239;239;;;;;;;;;;;;
Bezirk Altona;Wahlkreis 4 - Altona-West;Osdorf;22106;STIMMBEZIRK;;;N;978;583;395;0;462;5;457;461;6;455;2268;479;202;60;42;43;47;11;13;29;1;31;973;628;59;28;122;17;26;16;36;30;11;163;4;92;9;26;12;1;8;7;3;1;406;207;66;81;52;;;;;;;86;55;31;;;;;;;;;55;37;18;;;106;106;;;;;;;;;;;;
Bezirk Altona;Wahlkreis 4 - Altona-West;Osdorf;22107;STIMMBEZIRK;;;N;991;630;361;0;531;5;526;531;2;529;2614;643;314;72;69;67;37;12;16;21;3;32;607;331;72;49;64;18;29;8;17;17;2;148;21;87;10;10;8;2;6;0;2;2;779;322;157;172;128;;;;;;;251;152;99;;;;;;;;;52;28;24;;;134;134;;;;;;;;;;;;
Bezirk Altona;Wahlkreis 4 - Altona-West;Osdorf;22108;STIMMBEZIRK;;;N;958;535;423;0;415;4;411;415;5;410;2046;512;242;63;59;52;27;24;13;1;1;30;619;376;67;21;105;7;11;15;9;6;2;107;20;51;2;16;3;1;0;8;5;1;493;226;103;114;50;;;;;;;180;121;59;;;;;;;;;60;40;20;;;75;75;;;;;;;;;;;;
Bezirk Altona;Wahlkreis 4 - Altona-West;Osdorf;22109;STIMMBEZIRK;;;N;1113;794;319;0;513;8;505;513;9;504;2475;868;415;142;133;53;29;28;15;18;15;20;758;432;104;102;32;23;17;16;11;10;11;91;20;37;5;7;4;5;1;1;9;2;392;161;75;91;65;;;;;;;170;129;41;;;;;;;;;74;53;21;;;122;122;;;;;;;;;;;;
Bezirk Altona;Wahlkreis 4 - Altona-West;Osdorf;22110;STIMMBEZIRK;;;N;946;624;322;0;383;1;382;383;19;364;1775;571;224;102;106;42;39;26;10;2;5;15;480;319;56;38;16;15;14;4;8;2;8;70;18;26;6;11;1;0;2;3;1;2;320;126;43;110;41;;;;;;;154;110;44;;;;;;;;;26;3;23;;;154;154;;;;;;;;;;;;
Bezirk Altona;Wahlkreis 4 - Altona-West;Osdorf;22112;STIMMBEZIRK;;;N;948;688;260;0;379;2;377;379;10;369;1827;622;202;122;151;53;25;12;16;14;4;23;331;161;28;70;16;20;10;11;5;5;5;47;13;9;2;6;8;0;3;3;3;0;310;151;35;69;55;;;;;;;242;180;62;;;;;;;;;45;28;17;;;230;230;;;;;;;;;;;;
Bezirk Altona;Wahlkreis 4 - Altona-West;Osdorf;22113;STIMMBEZIRK;;;N;1059;666;393;0;421;8;413;421;8;413;2058;664;256;98;131;75;26;20;15;11;8;24;442;242;39;74;11;18;8;14;13;6;17;50;34;2;0;1;6;0;3;3;1;0;425;174;69;90;92;;;;;;;240;163;77;;;;;;;;;62;44;18;;;175;175;;;;;;;;;;;;
Bezirk Altona;Wahlkreis 4 - Altona-West;Osdorf;22114;STIMMBEZIRK;;;N;1399;1180;219;0;296;3;293;296;20;276;1357;488;94;91;183;24;40;9;13;4;2;28;199;109;12;25;8;22;2;9;7;4;1;7;6;0;0;0;0;0;1;0;0;0;58;19;5;12;22;;;;;;;260;175;85;;;;;;;;;10;7;3;;;335;335;;;;;;;;;;;;
Bezirk Altona;Wahlkreis 4 - Altona-West;Osdorf;22115;STIMMBEZIRK;;;N;1377;1040;337;0;344;2;342;344;14;330;1633;567;137;126;174;26;32;7;22;8;5;30;184;95;16;36;6;4;10;3;6;7;1;27;5;6;2;1;3;1;3;5;0;1;236;94;18;62;62;;;;;;;273;204;69;;;;;;;;;52;29;23;;;294;294;;;;;;;;;;;;
Bezirk Altona;Wahlkreis 4 - Altona-West;Osdorf;22118;STIMMBEZIRK;;;N;1092;884;208;0;268;2;266;268;10;258;1264;407;109;130;93;15;4;12;15;5;4;20;192;70;25;46;14;15;5;3;10;1;3;31;11;7;1;0;3;1;1;5;2;0;75;21;15;24;15;;;;;;;189;143;46;;;;;;;;;35;26;9;;;335;335;;;;;;;;;;;;
Bezirk Altona;Wahlkreis 4 - Altona-West;Osdorf;22120;STIMMBEZIRK;;;N;936;631;305;0;453;2;451;453;1;452;2248;712;272;112;88;64;55;41;26;13;3;38;629;357;60;84;37;13;23;8;18;14;15;102;46;31;2;0;3;0;10;2;8;0;523;245;92;118;68;;;;;;;101;64;37;;;;;;;;;70;46;24;;;111;111;;;;;;;;;;;;
Bezirk Altona;Wahlkreis 4 - Altona-West;Osdorf;22123;STIMMBEZIRK;;;N;1244;947;297;0;324;7;317;324;16;308;1534;613;119;192;197;22;16;21;26;7;0;13;161;80;18;18;5;20;2;0;5;3;10;23;8;14;0;0;0;1;0;0;0;0;85;32;7;37;9;;;;;;;342;259;83;;;;;;;;;42;27;15;;;268;268;;;;;;;;;;;;
Bezirk Altona;Wahlkreis 4 - Altona-West;Osdorf;2219901;BRIEFWAHLBEZIRK;;;N;0;0;0;0;584;584;0;583;8;575;2862;1079;280;346;162;94;47;42;22;23;15;48;820;434;76;111;38;40;35;18;25;20;23;136;22;64;9;0;12;0;12;6;1;10;399;133;100;102;64;;;;;;;213;149;64;;;;;;;;;79;49;30;;;136;136;;;;;;;;;;;;
Bezirk Altona;Wahlkreis 4 - Altona-West;Osdorf;2219902;BRIEFWAHLBEZIRK;;;N;0;0;0;0;595;595;0;595;6;589;2931;994;294;246;177;70;50;33;28;35;12;49;765;455;55;107;50;17;17;19;27;12;6;109;22;50;1;2;15;4;7;7;0;1;492;198;89;127;78;;;;;;;207;150;57;;;;;;;;;86;54;32;;;278;278;;;;;;;;;;;;
Bezirk Altona;Wahlkreis 4 - Altona-West;Osdorf;2219903;BRIEFWAHLBEZIRK;;;N;0;0;0;0;587;587;0;585;1;584;2899;1066;306;257;179;109;65;50;31;25;6;38;849;517;30;128;58;26;23;23;15;8;21;138;28;48;8;12;10;0;3;20;4;5;459;181;74;142;62;;;;;;;169;121;48;;;;;;;;;79;52;27;;;139;139;;;;;;;;;;;;
Bezirk Altona;Wahlkreis 4 - Altona-West;Osdorf;2219904;BRIEFWAHLBEZIRK;;;N;0;0;0;0;587;587;0;587;6;581;2896;934;277;162;187;110;76;21;30;28;4;39;851;473;73;138;58;29;28;9;25;7;11;163;27;61;22;5;12;0;19;9;3;5;461;213;76;109;63;;;;;;;173;126;47;;;;;;;;;142;94;48;;;172;172;;;;;;;;;;;;
Bezirk Altona;Wahlkreis 4 - Altona-West;Osdorf;2219905;BRIEFWAHLBEZIRK;;;N;0;0;0;0;599;599;0;599;8;591;2935;975;353;221;146;76;47;47;21;22;8;34;848;495;56;106;71;22;21;17;30;24;6;165;24;74;10;33;10;1;5;2;6;0;420;167;81;92;80;;;;;;;186;147;39;;;;;;;;;148;78;70;;;193;193;;;;;;;;;;;;
Bezirk Altona;Wahlkreis 4 - Altona-West;Osdorf;2219906;BRIEFWAHLBEZIRK;;;N;0;0;0;0;610;610;0;610;4;606;3022;905;287;180;128;100;61;30;20;41;15;43;850;515;55;81;66;27;18;18;25;27;18;197;23;83;18;23;16;6;9;5;9;5;483;189;87;111;96;;;;;;;286;197;89;;;;;;;;;105;80;25;;;196;196;;;;;;;;;;;;
Bezirk Altona;Wahlkreis 4 - Altona-West;Osdorf;2219907;BRIEFWAHLBEZIRK;;;N;0;0;0;0;597;597;0;596;8;588;2924;928;279;220;130;109;62;32;30;15;3;48;757;422;75;74;67;30;21;15;32;17;4;139;41;57;8;6;5;1;10;9;1;1;495;215;89;117;74;;;;;;;309;219;90;;;;;;;;;118;77;41;;;178;178;;;;;;;;;;;;
Bezirk Altona;Wahlkreis 4 - Altona-West;Osdorf;2219908;BRIEFWAHLBEZIRK;;;N;0;0;0;0;599;599;0;599;8;591;2938;1014;279;193;228;63;62;61;36;32;17;43;631;342;67;69;48;15;13;17;32;14;14;172;23;88;12;4;4;6;10;8;12;5;438;156;98;109;75;;;;;;;344;254;90;;;;;;;;;143;83;60;;;196;196;;;;;;;;;;;;
Bezirk Altona;Wahlkreis 4 - Altona-West;Groß Flottbek;21801;STIMMBEZIRK;;;N;1040;673;367;0;520;7;513;520;2;518;2562;713;279;73;40;47;140;9;19;90;0;16;652;442;57;29;50;13;6;19;19;10;7;97;18;39;7;5;17;0;6;5;0;0;661;266;109;189;97;;;;;;;205;126;79;;;;;;;;;112;56;56;;;122;122;;;;;;;;;;;;
Bezirk Altona;Wahlkreis 4 - Altona-West;Groß Flottbek;21802;STIMMBEZIRK;;;N;1022;674;348;0;501;10;491;501;7;494;2456;729;311;53;68;42;122;38;30;21;2;42;556;350;37;21;59;10;7;8;45;13;6;80;23;35;6;3;2;0;6;2;0;3;665;265;133;183;84;;;;;;;238;170;68;;;;;;;;;96;53;43;;;92;92;;;;;;;;;;;;
Bezirk Altona;Wahlkreis 4 - Altona-West;Groß Flottbek;21804;STIMMBEZIRK;;;N;1124;659;465;0;522;4;518;521;4;517;2557;601;194;51;63;22;134;23;25;35;2;52;645;425;47;25;56;11;8;18;38;10;7;209;24;119;14;15;21;0;6;5;4;1;654;254;117;175;108;;;;;;;280;172;108;;;;;;;;;107;60;47;;;61;61;;;;;;;;;;;;
Bezirk Altona;Wahlkreis 4 - Altona-West;Groß Flottbek;21805;STIMMBEZIRK;;;N;1202;721;481;0;541;11;530;541;8;533;2639;601;221;66;47;38;90;15;27;46;3;48;896;608;76;22;90;11;14;12;44;3;16;154;31;80;11;10;14;0;2;0;3;3;702;271;141;207;83;;;;;;;171;107;64;;;;;;;;;65;39;26;;;50;50;;;;;;;;;;;;
Bezirk Altona;Wahlkreis 4 - Altona-West;Groß Flottbek;21806;STIMMBEZIRK;;;N;1042;603;439;0;451;3;448;450;5;445;2204;530;195;45;26;44;137;20;9;19;7;28;779;487;91;23;75;7;25;7;47;11;6;119;26;68;3;5;5;2;1;1;6;2;447;166;90;131;60;;;;;;;129;76;53;;;;;;;;;91;49;42;;;109;109;;;;;;;;;;;;
Bezirk Altona;Wahlkreis 4 - Altona-West;Groß Flottbek;21807;STIMMBEZIRK;;;N;1179;704;475;0;548;11;537;548;7;541;2695;562;214;66;25;44;119;16;14;30;2;32;738;467;78;25;65;15;15;27;27;11;8;150;28;61;11;17;23;0;4;0;4;2;865;363;188;213;101;;;;;;;180;130;50;;;;;;;;;72;35;37;;;128;128;;;;;;;;;;;;
Bezirk Altona;Wahlkreis 4 - Altona-West;Groß Flottbek;21808;STIMMBEZIRK;;;N;1275;664;611;0;503;7;496;503;2;501;2492;535;187;91;31;42;72;13;12;42;4;41;1010;692;65;50;108;22;20;9;26;18;0;178;32;98;4;16;14;0;6;2;6;0;485;185;107;142;51;;;;;;;145;108;37;;;;;;;;;68;36;32;;;71;71;;;;;;;;;;;;
Bezirk Altona;Wahlkreis 4 - Altona-West;Groß Flottbek;2189901;BRIEFWAHLBEZIRK;;;N;0;0;0;0;614;614;0;614;21;593;2945;636;189;83;56;53;126;15;15;60;5;34;1154;728;83;59;139;22;22;14;49;28;10;281;24;175;9;13;34;1;9;8;6;2;552;197;120;164;71;;;;;;;149;108;41;;;;;;;;;83;34;49;;;90;90;;;;;;;;;;;;
Bezirk Altona;Wahlkreis 4 - Altona-West;Groß Flottbek;2189902;BRIEFWAHLBEZIRK;;;N;0;0;0;0;584;584;0;584;12;572;2768;652;228;72;36;53;155;20;19;30;3;36;1062;680;98;43;113;19;11;11;71;7;9;278;26;169;22;9;21;2;7;2;15;5;500;182;125;111;82;;;;;;;103;72;31;;;;;;;;;111;47;64;;;62;62;;;;;;;;;;;;
Bezirk Altona;Wahlkreis 4 - Altona-West;Groß Flottbek;2189903;BRIEFWAHLBEZIRK;;;N;0;0;0;0;594;594;0;594;17;577;2873;636;203;75;53;74;121;17;13;58;3;19;945;559;71;47;133;21;22;16;52;12;12;255;22;143;10;27;32;0;12;3;5;1;650;227;163;178;82;;;;;;;185;114;71;;;;;;;;;101;63;38;;;101;101;;;;;;;;;;;;
Bezirk Altona;Wahlkreis 4 - Altona-West;Groß Flottbek;2189904;BRIEFWAHLBEZIRK;;;N;0;0;0;0;594;594;0;592;20;572;2856;559;170;67;36;37;104;25;12;52;7;49;871;558;60;31;96;16;28;7;56;11;8;380;21;246;12;11;48;1;20;5;7;9;627;206;104;206;111;;;;;;;192;138;54;;;;;;;;;123;78;45;;;104;104;;;;;;;;;;;;
Bezirk Altona;Wahlkreis 4 - Altona-West;Groß Flottbek;2189905;BRIEFWAHLBEZIRK;;;N;0;0;0;0;594;594;0;570;1;569;2837;519;148;46;48;29;106;24;19;52;10;37;924;601;80;31;76;13;41;11;36;31;4;334;31;181;18;12;43;0;13;14;12;10;585;243;122;158;62;;;;;;;227;151;76;;;;;;;;;163;86;77;;;85;85;;;;;;;;;;;;
Bezirk Altona;Wahlkreis 4 - Altona-West;Nienstedten;22201;STIMMBEZIRK;;;N;1354;761;593;0;566;7;559;566;7;559;2717;507;263;35;48;39;45;9;18;7;5;38;881;605;57;33;84;8;21;15;20;20;18;278;22;193;12;12;13;2;8;1;5;10;627;189;174;181;83;;;;;;;164;111;53;;;;;;;;;100;73;27;;;160;160;;;;;;;;;;;;
Bezirk Altona;Wahlkreis 4 - Altona-West;Nienstedten;22202;STIMMBEZIRK;;;N;1147;732;415;0;554;9;545;554;11;543;2675;553;251;69;51;52;40;16;19;13;4;38;1186;786;105;41;102;26;30;30;34;20;12;285;59;151;22;18;16;4;6;1;4;4;389;154;103;86;46;;;;;;;126;73;53;;;;;;;;;40;33;7;;;96;96;;;;;;;;;;;;
Bezirk Altona;Wahlkreis 4 - Altona-West;Nienstedten;22203;STIMMBEZIRK;;;N;1346;727;619;0;506;7;499;506;3;503;2506;585;303;42;33;81;43;28;20;14;3;18;883;523;129;24;97;13;26;21;18;27;5;223;33;118;4;8;16;1;16;2;16;9;500;200;185;84;31;;;;;;;96;78;18;;;;;;;;;87;73;14;;;132;132;;;;;;;;;;;;
Bezirk Altona;Wahlkreis 4 - Altona-West;Nienstedten;22206;STIMMBEZIRK;;;N;1377;813;564;0;620;8;612;620;13;607;3002;682;314;85;59;66;37;25;13;20;9;54;986;601;127;52;64;14;30;10;44;25;19;202;38;131;12;6;4;1;3;2;3;2;719;280;171;173;95;;;;;;;230;163;67;;;;;;;;;100;79;21;;;83;83;;;;;;;;;;;;
Bezirk Altona;Wahlkreis 4 - Altona-West;Nienstedten;2229901;BRIEFWAHLBEZIRK;;;N;0;0;0;0;518;518;0;517;6;511;2555;472;148;79;46;73;42;22;10;20;11;21;1218;732;131;59;145;17;33;27;33;28;13;344;57;217;18;16;15;0;4;8;7;2;321;93;102;88;38;;;;;;;76;58;18;;;;;;;;;37;31;6;;;87;87;;;;;;;;;;;;
Bezirk Altona;Wahlkreis 4 - Altona-West;Nienstedten;2229902;BRIEFWAHLBEZIRK;;;N;0;0;0;0;511;511;0;504;4;500;2498;389;155;58;46;35;24;23;9;2;5;32;1144;762;142;34;85;9;24;15;28;24;21;266;31;166;6;18;15;0;5;8;11;6;426;137;123;121;45;;;;;;;96;81;15;;;;;;;;;92;62;30;;;85;85;;;;;;;;;;;;
Bezirk Altona;Wahlkreis 4 - Altona-West;Nienstedten;2229903;BRIEFWAHLBEZIRK;;;N;0;0;0;0;509;509;0;509;2;507;2524;467;215;46;34;48;54;18;18;14;2;18;1029;567;133;46;115;17;18;26;37;57;13;275;17;179;5;13;30;0;14;0;14;3;480;188;130;112;50;;;;;;;107;78;29;;;;;;;;;87;66;21;;;79;79;;;;;;;;;;;;
Bezirk Altona;Wahlkreis 4 - Altona-West;Nienstedten;2229904;BRIEFWAHLBEZIRK;;;N;0;0;0;0;530;530;0;530;2;528;2629;509;183;64;45;66;69;15;10;15;7;35;1015;585;117;49;103;14;28;34;48;27;10;318;35;160;19;21;26;3;8;16;12;18;455;165;145;98;47;;;;;;;182;126;56;;;;;;;;;111;76;35;;;39;39;;;;;;;;;;;;
Bezirk Altona;Wahlkreis 4 - Altona-West;Blankenese;22301;STIMMBEZIRK;;;N;1122;716;406;0;517;12;505;517;6;511;2542;668;393;50;28;70;35;33;10;6;7;36;796;429;171;27;40;19;40;7;18;37;8;116;25;31;8;12;8;0;10;0;13;9;504;178;185;79;62;;;;;;;206;158;48;;;;;;;;;69;43;26;;;183;183;;;;;;;;;;;;
Bezirk Altona;Wahlkreis 4 - Altona-West;Blankenese;22303;STIMMBEZIRK;;;N;1401;731;670;0;503;10;493;499;7;492;2438;556;321;44;13;67;27;25;23;3;6;27;851;495;137;22;59;11;46;15;14;39;13;149;63;32;11;4;4;0;9;3;17;6;540;173;204;121;42;;;;;;;137;100;37;;;;;;;;;87;58;29;;;118;118;;;;;;;;;;;;
Bezirk Altona;Wahlkreis 4 - Altona-West;Blankenese;22305;STIMMBEZIRK;;;N;1094;643;451;0;476;7;469;475;8;467;2307;517;267;45;26;66;32;23;31;10;0;17;933;517;186;22;68;8;34;14;20;58;6;129;27;56;13;7;6;0;0;2;13;5;406;157;131;82;36;;;;;;;146;102;44;;;;;;;;;60;29;31;;;116;116;;;;;;;;;;;;
Bezirk Altona;Wahlkreis 4 - Altona-West;Blankenese;22306;STIMMBEZIRK;;;N;902;546;356;0;407;3;404;407;3;404;1994;435;227;38;21;68;24;16;11;3;3;24;744;364;196;17;54;21;30;14;14;27;7;107;48;32;8;3;8;0;2;3;2;1;519;157;248;84;30;;;;;;;77;59;18;;;;;;;;;25;16;9;;;87;87;;;;;;;;;;;;
Bezirk Altona;Wahlkreis 4 - Altona-West;Blankenese;22307;STIMMBEZIRK;;;N;812;465;347;0;359;2;357;359;1;358;1789;386;184;43;17;70;30;6;8;9;3;16;683;358;145;19;77;11;15;10;9;21;18;102;48;20;10;4;1;0;3;1;13;2;314;103;129;54;28;;;;;;;90;59;31;;;;;;;;;96;65;31;;;118;118;;;;;;;;;;;;
Bezirk Altona;Wahlkreis 4 - Altona-West;Blankenese;22308;STIMMBEZIRK;;;N;1199;670;529;0;465;6;459;465;1;464;2300;461;226;62;20;98;14;17;4;8;1;11;790;462;146;19;54;8;22;24;11;24;20;146;65;44;7;3;5;0;7;0;8;7;530;133;211;118;68;;;;;;;139;108;31;;;;;;;;;64;44;20;;;170;170;;;;;;;;;;;;
Bezirk Altona;Wahlkreis 4 - Altona-West;Blankenese;22401;STIMMBEZIRK;;;N;1135;709;426;0;576;8;568;576;2;574;2835;739;278;63;38;223;32;26;40;11;8;20;1107;602;256;42;80;23;20;21;21;25;17;131;35;58;6;3;4;0;10;4;6;5;502;160;208;93;41;;;;;;;177;114;63;;;;;;;;;72;49;23;;;107;107;;;;;;;;;;;;
Bezirk Altona;Wahlkreis 4 - Altona-West;Blankenese;22403;STIMMBEZIRK;;;N;1345;778;567;0;562;6;556;562;10;552;2734;570;302;41;30;91;29;25;16;8;5;23;1051;603;193;33;107;20;26;5;29;25;10;126;48;47;5;8;6;0;4;1;1;6;584;226;157;137;64;;;;;;;186;127;59;;;;;;;;;72;48;24;;;145;145;;;;;;;;;;;;
Bezirk Altona;Wahlkreis 4 - Altona-West;Blankenese;22404;STIMMBEZIRK;;;N;1310;765;545;0;562;16;546;562;9;553;2750;539;267;46;27;78;34;33;22;7;3;22;1293;732;281;27;104;18;45;21;18;35;12;242;78;66;28;9;16;1;16;0;14;14;379;88;156;91;44;;;;;;;101;69;32;;;;;;;;;62;45;17;;;134;134;;;;;;;;;;;;
Bezirk Altona;Wahlkreis 4 - Altona-West;Blankenese;2239901;BRIEFWAHLBEZIRK;;;N;0;0;0;0;572;572;0;572;1;571;2760;750;379;89;40;97;32;43;19;13;9;29;1015;545;252;20;57;2;35;20;16;58;10;202;45;64;21;22;2;2;8;8;11;19;494;176;194;91;33;;;;;;;122;84;38;;;;;;;;;84;67;17;;;93;93;;;;;;;;;;;;
Bezirk Altona;Wahlkreis 4 - Altona-West;Blankenese;2239902;BRIEFWAHLBEZIRK;;;N;0;0;0;0;564;564;0;563;3;560;2793;458;199;43;26;106;20;13;12;10;8;21;1432;798;283;25;139;20;52;19;17;52;27;175;19;86;21;16;9;4;4;2;4;10;422;117;186;71;48;;;;;;;85;58;27;;;;;;;;;101;69;32;;;120;120;;;;;;;;;;;;
Bezirk Altona;Wahlkreis 4 - Altona-West;Blankenese;2239903;BRIEFWAHLBEZIRK;;;N;0;0;0;0;577;577;0;574;4;570;2841;545;261;57;35;72;16;30;18;18;4;34;1334;757;258;37;100;16;51;15;28;59;13;245;32;97;20;12;9;1;7;8;38;21;452;130;196;96;30;;;;;;;60;42;18;;;;;;;;;89;67;22;;;116;116;;;;;;;;;;;;
Bezirk Altona;Wahlkreis 4 - Altona-West;Blankenese;2239904;BRIEFWAHLBEZIRK;;;N;0;0;0;0;573;573;0;573;2;571;2848;519;263;50;23;64;25;24;27;9;15;19;1296;683;275;25;111;14;58;18;34;63;15;195;32;73;14;19;17;2;1;5;10;22;507;128;209;110;60;;;;;;;150;114;36;;;;;;;;;87;62;25;;;94;94;;;;;;;;;;;;
Bezirk Altona;Wahlkreis 4 - Altona-West;Blankenese;2239905;BRIEFWAHLBEZIRK;;;N;0;0;0;0;559;559;0;556;5;551;2735;540;249;67;24;88;36;27;16;10;8;15;1177;622;264;18;106;13;44;13;23;70;4;220;76;59;17;10;11;2;8;11;16;10;465;167;170;90;38;;;;;;;101;62;39;;;;;;;;;121;86;35;;;111;111;;;;;;;;;;;;
Bezirk Altona;Wahlkreis 4 - Altona-West;Blankenese;2239906;BRIEFWAHLBEZIRK;;;N;0;0;0;0;558;558;0;557;6;551;2745;546;257;72;29;75;26;34;16;13;8;16;1122;569;268;42;79;8;68;18;17;37;16;317;61;53;31;72;17;2;28;7;38;8;431;169;151;84;27;;;;;;;134;89;45;;;;;;;;;103;78;25;;;92;92;;;;;;;;;;;;
Bezirk Altona;Wahlkreis 4 - Altona-West;Blankenese;2239907;BRIEFWAHLBEZIRK;;;N;0;0;0;0;627;627;0;627;9;618;3042;663;294;76;33;120;51;28;33;4;3;21;1086;494;268;42;87;15;63;15;29;54;19;286;63;109;34;17;4;1;13;5;28;12;573;184;217;126;46;;;;;;;294;211;83;;;;;;;;;49;25;24;;;91;91;;;;;;;;;;;;
Bezirk Altona;Wahlkreis 4 - Altona-West;Iserbrook;22502;STIMMBEZIRK;;;N;892;563;329;0;451;6;445;451;2;449;2225;790;423;75;71;92;28;25;9;7;32;28;461;222;76;46;22;13;19;21;11;11;20;69;14;12;8;2;3;0;22;2;4;2;497;258;68;119;52;;;;;;;207;152;55;;;;;;;;;43;23;20;;;158;158;;;;;;;;;;;;
Bezirk Altona;Wahlkreis 4 - Altona-West;Iserbrook;22503;STIMMBEZIRK;;;N;934;615;319;0;438;7;431;438;7;431;2137;684;377;53;39;49;29;32;21;5;48;31;590;341;108;19;36;13;14;12;15;24;8;67;21;21;0;1;9;2;5;2;5;1;458;194;119;100;45;;;;;;;198;132;66;;;;;;;;;14;9;5;;;126;126;;;;;;;;;;;;
Bezirk Altona;Wahlkreis 4 - Altona-West;Iserbrook;22504;STIMMBEZIRK;;;N;984;660;324;0;456;2;454;456;3;453;2243;804;417;84;54;123;28;31;15;10;20;22;452;225;61;22;36;14;30;21;17;16;10;73;26;16;3;4;1;1;16;0;4;2;429;150;96;117;66;;;;;;;221;197;24;;;;;;;;;85;59;26;;;179;179;;;;;;;;;;;;
Bezirk Altona;Wahlkreis 4 - Altona-West;Iserbrook;22506;STIMMBEZIRK;;;N;832;562;270;0;442;8;434;442;5;437;2162;856;449;87;51;136;23;32;24;10;27;17;391;190;50;28;35;16;20;7;20;11;14;46;4;10;2;8;1;0;17;2;0;2;387;167;69;101;50;;;;;;;246;177;69;;;;;;;;;48;30;18;;;188;188;;;;;;;;;;;;
Bezirk Altona;Wahlkreis 4 - Altona-West;Iserbrook;22507;STIMMBEZIRK;;;N;1064;661;403;0;422;4;418;422;10;412;2046;646;353;44;90;59;21;14;18;15;16;16;522;280;107;37;21;6;30;10;13;14;4;75;17;10;5;1;15;0;15;5;5;2;439;191;94;108;46;;;;;;;202;123;79;;;;;;;;;73;41;32;;;89;89;;;;;;;;;;;;
Bezirk Altona;Wahlkreis 4 - Altona-West;Iserbrook;22508;STIMMBEZIRK;;;N;802;615;187;0;376;4;372;376;12;364;1755;736;431;91;21;57;24;38;21;11;28;14;322;184;32;35;7;11;16;21;6;7;3;22;3;1;7;0;2;2;7;0;0;0;197;75;32;48;42;;;;;;;140;96;44;;;;;;;;;33;23;10;;;305;305;;;;;;;;;;;;
Bezirk Altona;Wahlkreis 4 - Altona-West;Iserbrook;22510;STIMMBEZIRK;;;N;983;631;352;0;403;3;400;403;9;394;1958;656;351;62;46;94;8;24;24;9;21;17;364;237;46;15;10;8;14;12;11;5;6;54;7;14;4;8;0;0;14;0;2;5;365;158;56;103;48;;;;;;;222;174;48;;;;;;;;;78;53;25;;;219;219;;;;;;;;;;;;
Bezirk Altona;Wahlkreis 4 - Altona-West;Iserbrook;22511;STIMMBEZIRK;;;N;1060;827;233;0;312;1;311;312;9;303;1510;525;240;87;60;40;16;19;21;10;18;14;254;115;29;20;24;22;7;8;9;11;9;28;3;1;1;2;0;5;8;1;7;0;202;86;31;51;34;;;;;;;229;165;64;;;;;;;;;25;20;5;;;247;247;;;;;;;;;;;;
Bezirk Altona;Wahlkreis 4 - Altona-West;Iserbrook;22512;STIMMBEZIRK;;;N;933;638;295;0;412;2;410;412;8;404;1979;695;374;73;54;58;34;26;23;6;29;18;706;410;117;22;39;17;40;28;13;12;8;82;10;23;7;13;3;4;17;2;0;3;268;118;47;67;36;;;;;;;126;103;23;;;;;;;;;23;11;12;;;79;79;;;;;;;;;;;;
Bezirk Altona;Wahlkreis 4 - Altona-West;Iserbrook;2259901;BRIEFWAHLBEZIRK;;;N;0;0;0;0;517;517;0;517;6;511;2546;1047;565;130;40;139;14;51;32;21;32;23;609;330;75;42;27;15;44;28;11;23;14;70;22;15;10;1;3;0;11;3;4;1;455;162;94;134;65;;;;;;;134;107;27;;;;;;;;;81;50;31;;;150;150;;;;;;;;;;;;
Bezirk Altona;Wahlkreis 4 - Altona-West;Iserbrook;2259902;BRIEFWAHLBEZIRK;;;N;0;0;0;0;490;490;0;490;1;489;2425;895;454;123;46;121;22;42;19;17;29;22;650;354;101;66;40;20;15;20;10;12;12;129;16;24;21;4;4;2;44;6;7;1;389;115;96;108;70;;;;;;;165;127;38;;;;;;;;;63;42;21;;;134;134;;;;;;;;;;;;
Bezirk Altona;Wahlkreis 4 - Altona-West;Iserbrook;2259903;BRIEFWAHLBEZIRK;;;N;0;0;0;0;513;513;0;513;7;506;2504;950;465;145;62;119;36;35;25;11;25;27;571;323;66;41;18;20;8;29;22;25;19;108;38;30;4;1;7;2;14;4;1;7;512;173;151;129;59;;;;;;;164;140;24;;;;;;;;;93;53;40;;;106;106;;;;;;;;;;;;
Bezirk Altona;Wahlkreis 4 - Altona-West;Iserbrook;2259904;BRIEFWAHLBEZIRK;;;N;0;0;0;0;501;501;0;501;3;498;2470;850;344;98;80;132;42;28;48;24;26;28;554;276;73;17;49;21;25;39;23;19;12;112;10;40;4;4;3;4;34;7;1;5;494;162;113;146;73;;;;;;;243;193;50;;;;;;;;;134;95;39;;;83;83;;;;;;;;;;;;
Bezirk Altona;Wahlkreis 4 - Altona-West;Iserbrook;2259905;BRIEFWAHLBEZIRK;;;N;0;0;0;0;513;513;0;512;2;510;2492;844;392;135;51;124;36;26;20;12;21;27;527;265;94;52;33;23;21;11;13;15;0;150;33;53;12;6;11;2;11;9;8;5;529;195;97;137;100;;;;;;;272;206;66;;;;;;;;;97;68;29;;;73;73;;;;;;;;;;;;
Bezirk Altona;Wahlkreis 4 - Altona-West;Sülldorf;22601;STIMMBEZIRK;;;N;816;550;266;0;352;2;350;352;4;348;1724;581;148;26;10;305;8;42;12;7;4;19;417;239;67;20;11;6;11;31;16;5;11;75;28;11;15;7;3;2;4;2;3;0;314;154;72;66;22;;;;;;;171;150;21;;;;;;;;;43;24;19;;;123;123;;;;;;;;;;;;
Bezirk Altona;Wahlkreis 4 - Altona-West;Sülldorf;22602;STIMMBEZIRK;;;N;885;594;291;0;365;3;362;365;5;360;1778;520;205;19;31;152;19;41;34;5;9;5;378;174;92;19;20;11;22;14;7;8;11;43;11;4;14;2;2;0;4;1;1;4;353;147;70;54;82;;;;;;;217;158;59;;;;;;;;;34;21;13;;;233;233;;;;;;;;;;;;
Bezirk Altona;Wahlkreis 4 - Altona-West;Sülldorf;22603;STIMMBEZIRK;;;N;1001;574;427;0;429;9;420;428;2;426;2112;734;206;41;42;321;23;52;30;2;3;14;606;364;125;17;23;8;31;2;17;14;5;109;25;31;5;9;2;2;11;2;7;15;457;193;151;67;46;;;;;;;92;65;27;;;;;;;;;44;27;17;;;70;70;;;;;;;;;;;;
Bezirk Altona;Wahlkreis 4 - Altona-West;Sülldorf;22604;STIMMBEZIRK;;;N;876;533;343;0;436;6;430;436;10;426;2042;835;161;63;34;487;10;36;30;4;4;6;544;313;111;24;22;7;17;11;8;21;10;47;13;12;4;6;1;0;0;3;2;6;351;161;102;45;43;;;;;;;142;142;0;;;;;;;;;28;18;10;;;95;95;;;;;;;;;;;;
Bezirk Altona;Wahlkreis 4 - Altona-West;Sülldorf;22605;STIMMBEZIRK;;;N;809;496;313;0;403;3;400;403;2;401;1997;832;184;28;14;514;10;33;23;4;13;9;377;197;87;13;23;5;19;6;8;11;8;53;22;3;5;0;5;0;2;0;11;5;436;177;93;100;66;;;;;;;171;129;42;;;;;;;;;43;29;14;;;85;85;;;;;;;;;;;;
Bezirk Altona;Wahlkreis 4 - Altona-West;Sülldorf;22607;STIMMBEZIRK;;;N;1218;743;475;0;388;0;388;388;7;381;1860;736;335;95;45;161;25;38;16;8;7;6;314;187;40;15;13;4;6;18;7;16;8;19;6;2;0;0;0;1;8;1;0;1;298;108;73;70;47;;;;;;;191;135;56;;;;;;;;;34;13;21;;;268;268;;;;;;;;;;;;
Bezirk Altona;Wahlkreis 4 - Altona-West;Sülldorf;22608;STIMMBEZIRK;;;N;923;666;257;0;349;0;349;349;8;341;1681;645;235;45;28;203;12;33;49;15;11;14;371;201;56;26;9;14;22;19;11;5;8;26;7;8;1;1;0;1;6;1;1;0;239;88;51;54;46;;;;;;;164;119;45;;;;;;;;;40;26;14;;;196;196;;;;;;;;;;;;
Bezirk Altona;Wahlkreis 4 - Altona-West;Sülldorf;2269901;BRIEFWAHLBEZIRK;;;N;0;0;0;0;563;563;0;563;9;554;2763;1100;352;124;54;334;32;83;61;18;15;27;688;380;97;13;40;11;27;42;17;34;27;69;22;16;2;1;2;0;13;2;7;4;414;152;114;84;64;;;;;;;203;137;66;;;;;;;;;140;88;52;;;149;149;;;;;;;;;;;;
Bezirk Altona;Wahlkreis 4 - Altona-West;Sülldorf;2269902;BRIEFWAHLBEZIRK;;;N;0;0;0;0;564;564;0;564;2;562;2799;1061;334;143;46;351;18;74;46;11;17;21;767;379;137;28;69;17;32;31;24;26;24;104;19;30;10;8;1;0;27;0;7;2;495;201;133;70;91;;;;;;;165;133;32;;;;;;;;;46;24;22;;;161;161;;;;;;;;;;;;
Bezirk Altona;Wahlkreis 4 - Altona-West;Sülldorf;2269903;BRIEFWAHLBEZIRK;;;N;0;0;0;0;551;551;0;551;2;549;2737;950;289;75;46;366;27;66;47;12;3;19;734;354;99;61;63;14;59;27;30;12;15;108;24;30;12;4;6;0;21;5;3;3;480;159;119;132;70;;;;;;;194;129;65;;;;;;;;;111;71;40;;;160;160;;;;;;;;;;;;
Bezirk Altona;Wahlkreis 4 - Altona-West;Sülldorf;2269904;BRIEFWAHLBEZIRK;;;N;0;0;0;0;558;558;0;558;4;554;2758;896;259;83;53;333;26;50;56;10;12;14;651;307;126;13;48;19;26;40;15;31;26;174;43;58;13;7;6;1;10;6;21;9;499;158;121;138;82;;;;;;;266;186;80;;;;;;;;;87;59;28;;;185;185;;;;;;;;;;;;
Bezirk Altona;Wahlkreis 4 - Altona-West;Rissen;22701;STIMMBEZIRK;;;N;1072;559;513;0;432;4;428;432;5;427;2116;516;248;69;28;81;23;30;13;12;2;10;918;507;68;23;77;13;9;109;18;14;80;151;43;17;63;5;9;0;3;4;3;4;370;112;114;98;46;;;;;;;75;61;14;;;;;;;;;21;14;7;;;65;65;;;;;;;;;;;;
Bezirk Altona;Wahlkreis 4 - Altona-West;Rissen;22702;STIMMBEZIRK;;;N;903;588;315;0;434;4;430;434;7;427;2097;466;208;66;25;69;18;25;21;7;3;24;715;394;55;34;29;10;12;94;2;7;78;100;39;17;18;5;2;0;6;5;4;4;511;178;138;140;55;;;;;;;130;93;37;;;;;;;;;62;49;13;;;113;113;;;;;;;;;;;;
Bezirk Altona;Wahlkreis 4 - Altona-West;Rissen;22703;STIMMBEZIRK;;;N;938;598;340;0;393;2;391;393;5;388;1918;584;219;68;26;179;17;17;22;18;5;13;611;390;59;9;23;2;16;72;13;8;19;88;18;33;9;9;2;0;11;0;0;6;368;145;111;75;37;;;;;;;143;96;47;;;;;;;;;24;9;15;;;100;100;;;;;;;;;;;;
Bezirk Altona;Wahlkreis 4 - Altona-West;Rissen;22704;STIMMBEZIRK;;;N;1054;608;446;0;477;4;473;476;1;475;2375;576;243;88;38;123;15;18;23;9;8;11;988;510;120;25;61;17;27;102;20;24;82;129;56;12;29;4;4;3;11;2;8;0;437;181;104;74;78;;;;;;;114;89;25;;;;;;;;;52;25;27;;;79;79;;;;;;;;;;;;
Bezirk Altona;Wahlkreis 4 - Altona-West;Rissen;22705;STIMMBEZIRK;;;N;926;618;308;0;458;1;457;456;6;450;2236;665;264;96;43;123;31;26;37;11;6;28;692;350;51;16;32;13;11;119;22;8;70;53;9;9;9;7;9;0;1;7;2;0;454;183;104;95;72;;;;;;;187;134;53;;;;;;;;;59;34;25;;;126;126;;;;;;;;;;;;
Bezirk Altona;Wahlkreis 4 - Altona-West;Rissen;22706;STIMMBEZIRK;;;N;910;591;319;0;433;2;431;433;8;425;2103;631;230;123;45;116;19;48;9;16;4;21;721;429;52;11;33;14;13;81;13;16;59;101;33;12;39;1;3;0;4;2;7;0;331;146;79;63;43;;;;;;;156;110;46;;;;;;;;;46;33;13;;;117;117;;;;;;;;;;;;
Bezirk Altona;Wahlkreis 4 - Altona-West;Rissen;22707;STIMMBEZIRK;;;N;952;603;349;0;442;2;440;442;8;434;2164;714;350;120;40;86;25;39;27;10;5;12;502;250;39;19;13;5;15;102;5;3;51;73;16;15;27;5;1;0;3;2;3;1;540;213;110;149;68;;;;;;;133;93;40;;;;;;;;;65;37;28;;;137;137;;;;;;;;;;;;
Bezirk Altona;Wahlkreis 4 - Altona-West;Rissen;22711;STIMMBEZIRK;;;N;875;508;367;0;346;4;342;346;3;343;1684;541;235;113;26;79;23;19;24;6;2;14;500;236;32;20;26;7;18;97;8;14;42;29;12;3;7;1;0;0;5;0;0;1;402;151;89;100;62;;;;;;;96;65;31;;;;;;;;;20;12;8;;;96;96;;;;;;;;;;;;
Bezirk Altona;Wahlkreis 4 - Altona-West;Rissen;22712;STIMMBEZIRK;;;N;1047;693;354;0;538;8;530;538;14;524;2583;746;328;104;50;110;28;38;27;10;9;42;875;498;98;20;52;9;19;96;13;27;43;98;69;13;12;3;0;0;0;0;1;0;520;202;146;103;69;;;;;;;205;149;56;;;;;;;;;38;29;9;;;101;101;;;;;;;;;;;;
Bezirk Altona;Wahlkreis 4 - Altona-West;Rissen;22713;STIMMBEZIRK;;;N;1169;734;435;0;446;1;445;446;13;433;2133;728;330;112;29;142;30;23;30;11;5;16;630;308;58;8;28;5;15;79;5;15;109;65;13;20;10;1;1;0;5;2;11;2;287;101;78;86;22;;;;;;;183;140;43;;;;;;;;;55;21;34;;;185;185;;;;;;;;;;;;
Bezirk Altona;Wahlkreis 4 - Altona-West;Rissen;22714;STIMMBEZIRK;;;N;1134;764;370;0;496;3;493;496;9;487;2414;883;419;146;43;159;23;31;20;9;5;28;554;242;42;23;36;11;13;102;9;11;65;105;41;13;21;4;2;5;4;1;4;10;446;179;127;97;43;;;;;;;194;142;52;;;;;;;;;71;45;26;;;161;161;;;;;;;;;;;;
Bezirk Altona;Wahlkreis 4 - Altona-West;Rissen;22715;STIMMBEZIRK;;;N;940;673;267;0;379;2;377;379;20;359;1764;614;236;135;43;86;24;21;37;15;1;16;349;154;27;12;17;9;10;56;11;5;48;65;12;3;24;0;3;5;5;0;5;8;285;131;66;40;48;;;;;;;187;146;41;;;;;;;;;51;34;17;;;213;213;;;;;;;;;;;;
Bezirk Altona;Wahlkreis 4 - Altona-West;Rissen;2279901;BRIEFWAHLBEZIRK;;;N;0;0;0;0;603;603;0;601;2;599;2979;875;326;129;65;181;34;56;34;11;6;33;1055;521;69;38;47;11;29;177;6;24;133;147;43;37;33;3;4;1;15;1;2;8;455;166;119;125;45;;;;;;;184;141;43;;;;;;;;;110;75;35;;;153;153;;;;;;;;;;;;
Bezirk Altona;Wahlkreis 4 - Altona-West;Rissen;2279902;BRIEFWAHLBEZIRK;;;N;0;0;0;0;606;606;0;606;2;604;3010;915;302;161;50;180;62;48;53;15;6;38;1084;604;105;25;44;6;6;182;20;15;77;207;67;49;44;8;7;0;8;6;5;13;440;142;110;124;64;;;;;;;172;145;27;;;;;;;;;93;59;34;;;99;99;;;;;;;;;;;;
Bezirk Altona;Wahlkreis 4 - Altona-West;Rissen;2279903;BRIEFWAHLBEZIRK;;;N;0;0;0;0;578;578;0;571;1;570;2828;807;230;187;45;190;26;41;41;10;12;25;1141;602;82;12;61;5;24;210;20;15;110;201;34;69;59;6;7;1;3;2;13;7;347;116;117;72;42;;;;;;;145;113;32;;;;;;;;;74;47;27;;;113;113;;;;;;;;;;;;
Bezirk Altona;Wahlkreis 4 - Altona-West;Rissen;2279904;BRIEFWAHLBEZIRK;;;N;0;0;0;0;592;592;0;591;2;589;2923;798;319;188;29;144;23;35;23;11;1;25;1090;588;86;19;51;17;21;143;16;22;127;156;52;38;29;10;4;1;0;6;5;11;473;139;141;121;72;;;;;;;176;132;44;;;;;;;;;81;51;30;;;149;149;;;;;;;;;;;;
Bezirk Altona;Wahlkreis 4 - Altona-West;Rissen;2279905;BRIEFWAHLBEZIRK;;;N;0;0;0;0;595;595;0;585;3;582;2909;798;236;145;55;173;30;52;48;13;6;40;970;453;86;39;46;16;22;174;15;27;92;177;32;38;53;18;1;0;21;6;6;2;529;140;166;152;71;;;;;;;198;138;60;;;;;;;;;100;67;33;;;137;137;;;;;;;;;;;;
Bezirk Altona;Wahlkreis 4 - Altona-West;Rissen;2279906;BRIEFWAHLBEZIRK;;;N;0;0;0;0;580;580;0;578;7;571;2846;802;299;152;53;153;32;33;34;19;6;21;950;413;96;21;58;15;20;194;9;16;108;242;57;66;54;22;4;1;21;9;4;4;486;153;139;155;39;;;;;;;181;117;64;;;;;;;;;109;86;23;;;76;76;;;;;;;;;;;;
Bezirk Altona;Wahlkreis 4 - Altona-West;Rissen;2279907;BRIEFWAHLBEZIRK;;;N;0;0;0;0;586;586;0;581;1;580;2898;723;231;140;71;151;37;27;20;11;10;25;879;456;88;21;50;11;13;116;18;13;93;218;33;71;43;10;12;2;14;9;15;9;567;199;143;136;89;;;;;;;188;147;41;;;;;;;;;159;101;58;;;164;164;;;;;;;;;;;;
Bezirk Eimsbüttel;Wahlkreis 5 - Rotherbaum - Harvestehude - Eimsbüttel-Ost;Eimsbüttel WK5;30501;STIMMBEZIRK;;;N;670;385;285;0;282;10;272;282;4;278;1370;345;186;33;13;40;41;32;;;;;477;255;67;49;106;;;;;;;135;58;10;24;15;12;16;;;;;22;10;0;8;2;0;2;;;;;42;11;23;5;3;;;;;;;294;185;109;;;55;48;7;;;;;;;;;;;
Bezirk Eimsbüttel;Wahlkreis 5 - Rotherbaum - Harvestehude - Eimsbüttel-Ost;Eimsbüttel WK5;30502;STIMMBEZIRK;;;N;929;489;440;0;339;5;334;339;3;336;1676;453;264;42;27;24;45;51;;;;;584;342;63;80;99;;;;;;;163;76;15;17;13;25;17;;;;;32;9;1;6;10;1;5;;;;;51;18;20;9;4;;;;;;;367;203;164;;;26;21;5;;;;;;;;;;;
Bezirk Eimsbüttel;Wahlkreis 5 - Rotherbaum - Harvestehude - Eimsbüttel-Ost;Eimsbüttel WK5;30503;STIMMBEZIRK;;;N;1008;501;507;0;394;10;384;394;1;393;1953;525;255;60;27;43;86;54;;;;;804;437;114;146;107;;;;;;;235;117;13;36;14;20;35;;;;;34;26;0;1;5;0;2;;;;;81;35;28;6;12;;;;;;;247;148;99;;;27;21;6;;;;;;;;;;;
Bezirk Eimsbüttel;Wahlkreis 5 - Rotherbaum - Harvestehude - Eimsbüttel-Ost;Eimsbüttel WK5;30504;STIMMBEZIRK;;;N;932;469;463;0;294;3;291;294;1;293;1460;352;172;63;18;30;39;30;;;;;555;350;70;54;81;;;;;;;148;71;12;29;11;15;10;;;;;28;9;2;8;2;5;2;;;;;55;28;17;7;3;;;;;;;282;160;122;;;40;30;10;;;;;;;;;;;
Bezirk Eimsbüttel;Wahlkreis 5 - Rotherbaum - Harvestehude - Eimsbüttel-Ost;Eimsbüttel WK5;30505;STIMMBEZIRK;;;N;1078;515;563;0;383;11;372;383;8;375;1844;412;204;51;27;39;61;30;;;;;790;422;92;115;161;;;;;;;152;61;23;31;3;5;29;;;;;28;12;1;3;0;0;12;;;;;115;55;33;22;5;;;;;;;286;157;129;;;61;41;20;;;;;;;;;;;
Bezirk Eimsbüttel;Wahlkreis 5 - Rotherbaum - Harvestehude - Eimsbüttel-Ost;Eimsbüttel WK5;30601;STIMMBEZIRK;;;N;1190;719;471;0;489;9;480;489;4;485;2402;612;314;80;43;52;55;68;;;;;868;551;112;102;103;;;;;;;243;104;18;45;26;31;19;;;;;42;17;2;16;4;3;0;;;;;96;35;35;17;9;;;;;;;461;266;195;;;80;64;16;;;;;;;;;;;
Bezirk Eimsbüttel;Wahlkreis 5 - Rotherbaum - Harvestehude - Eimsbüttel-Ost;Eimsbüttel WK5;30602;STIMMBEZIRK;;;N;1063;640;423;0;396;6;390;395;8;387;1880;523;285;74;24;46;62;32;;;;;638;375;89;79;95;;;;;;;204;87;15;38;10;14;40;;;;;37;17;1;11;4;2;2;;;;;90;34;35;15;6;;;;;;;333;216;117;;;55;32;23;;;;;;;;;;;
Bezirk Eimsbüttel;Wahlkreis 5 - Rotherbaum - Harvestehude - Eimsbüttel-Ost;Eimsbüttel WK5;30603;STIMMBEZIRK;;;N;1045;606;439;0;452;12;440;452;3;449;2244;530;272;70;18;55;63;52;;;;;797;438;111;112;136;;;;;;;199;83;11;43;14;21;27;;;;;41;18;0;13;5;0;5;;;;;108;51;35;15;7;;;;;;;514;287;227;;;55;44;11;;;;;;;;;;;
Bezirk Eimsbüttel;Wahlkreis 5 - Rotherbaum - Harvestehude - Eimsbüttel-Ost;Eimsbüttel WK5;30701;STIMMBEZIRK;;;N;1195;786;409;0;500;8;492;500;6;494;2465;510;289;47;31;38;57;48;;;;;904;487;168;125;124;;;;;;;247;89;28;43;20;20;47;;;;;62;30;3;9;10;6;4;;;;;135;71;46;13;5;;;;;;;448;241;207;;;159;96;63;;;;;;;;;;;
Bezirk Eimsbüttel;Wahlkreis 5 - Rotherbaum - Harvestehude - Eimsbüttel-Ost;Eimsbüttel WK5;30702;STIMMBEZIRK;;;N;1121;698;423;0;467;5;462;467;8;459;2283;455;264;57;28;35;37;34;;;;;863;518;98;106;141;;;;;;;157;59;10;38;13;17;20;;;;;37;11;0;21;1;0;4;;;;;141;41;63;26;11;;;;;;;596;324;272;;;34;25;9;;;;;;;;;;;
Bezirk Eimsbüttel;Wahlkreis 5 - Rotherbaum - Harvestehude - Eimsbüttel-Ost;Eimsbüttel WK5;30704;STIMMBEZIRK;;;N;1249;773;476;0;454;6;448;454;11;443;2215;501;254;54;28;60;57;48;;;;;658;392;83;76;107;;;;;;;287;120;31;73;16;19;28;;;;;45;10;7;15;10;1;2;;;;;68;22;31;13;2;;;;;;;536;306;230;;;120;68;52;;;;;;;;;;;
Bezirk Eimsbüttel;Wahlkreis 5 - Rotherbaum - Harvestehude - Eimsbüttel-Ost;Eimsbüttel WK5;30801;STIMMBEZIRK;;;N;917;586;331;0;487;6;481;486;2;484;2310;632;321;79;32;36;104;60;;;;;797;487;87;83;140;;;;;;;240;31;32;79;25;29;44;;;;;63;27;6;10;10;2;8;;;;;169;47;78;29;15;;;;;;;307;148;159;;;102;78;24;;;;;;;;;;;
Bezirk Eimsbüttel;Wahlkreis 5 - Rotherbaum - Harvestehude - Eimsbüttel-Ost;Eimsbüttel WK5;30802;STIMMBEZIRK;;;N;785;492;293;0;370;4;366;370;5;365;1809;409;240;44;27;18;34;46;;;;;635;361;87;76;111;;;;;;;218;79;19;67;19;26;8;;;;;38;13;4;5;9;1;6;;;;;98;35;42;18;3;;;;;;;349;190;159;;;62;39;23;;;;;;;;;;;
Bezirk Eimsbüttel;Wahlkreis 5 - Rotherbaum - Harvestehude - Eimsbüttel-Ost;Eimsbüttel WK5;30803;STIMMBEZIRK;;;N;665;398;267;0;294;4;290;294;1;293;1462;411;248;48;15;22;40;38;;;;;455;258;44;53;100;;;;;;;171;50;26;28;24;30;13;;;;;29;19;2;1;6;0;1;;;;;64;29;19;9;7;;;;;;;266;161;105;;;66;53;13;;;;;;;;;;;
Bezirk Eimsbüttel;Wahlkreis 5 - Rotherbaum - Harvestehude - Eimsbüttel-Ost;Eimsbüttel WK5;30804;STIMMBEZIRK;;;N;796;470;326;0;341;5;336;341;4;337;1671;407;219;56;28;29;43;32;;;;;596;354;70;88;84;;;;;;;221;95;25;61;10;7;23;;;;;21;8;2;4;4;0;3;;;;;58;29;16;11;2;;;;;;;324;180;144;;;44;23;21;;;;;;;;;;;
Bezirk Eimsbüttel;Wahlkreis 5 - Rotherbaum - Harvestehude - Eimsbüttel-Ost;Eimsbüttel WK5;30805;STIMMBEZIRK;;;N;1116;640;476;0;464;10;454;464;9;455;2255;511;250;71;27;55;53;55;;;;;864;495;135;88;146;;;;;;;258;94;24;52;16;35;37;;;;;51;26;3;12;4;6;0;;;;;100;39;41;14;6;;;;;;;376;232;144;;;95;74;21;;;;;;;;;;;
Bezirk Eimsbüttel;Wahlkreis 5 - Rotherbaum - Harvestehude - Eimsbüttel-Ost;Eimsbüttel WK5;30901;STIMMBEZIRK;;;N;1010;609;401;0;444;1;443;444;3;441;2194;623;334;63;51;58;76;41;;;;;590;340;80;60;110;;;;;;;294;121;32;26;15;43;57;;;;;29;4;0;12;7;2;4;;;;;105;55;36;8;6;;;;;;;463;232;231;;;90;53;37;;;;;;;;;;;
Bezirk Eimsbüttel;Wahlkreis 5 - Rotherbaum - Harvestehude - Eimsbüttel-Ost;Eimsbüttel WK5;30902;STIMMBEZIRK;;;N;1134;742;392;0;521;7;514;521;6;515;2554;633;315;93;25;57;77;66;;;;;810;437;131;115;127;;;;;;;284;127;36;41;22;24;34;;;;;29;14;5;3;4;2;1;;;;;144;69;40;26;9;;;;;;;574;319;255;;;80;48;32;;;;;;;;;;;
Bezirk Eimsbüttel;Wahlkreis 5 - Rotherbaum - Harvestehude - Eimsbüttel-Ost;Eimsbüttel WK5;30904;STIMMBEZIRK;;;N;968;621;347;0;483;5;478;483;7;476;2365;518;315;37;22;25;69;50;;;;;823;469;134;98;122;;;;;;;204;82;20;47;15;16;24;;;;;70;32;3;9;11;6;9;;;;;133;43;61;26;3;;;;;;;532;309;223;;;85;65;20;;;;;;;;;;;
Bezirk Eimsbüttel;Wahlkreis 5 - Rotherbaum - Harvestehude - Eimsbüttel-Ost;Eimsbüttel WK5;30905;STIMMBEZIRK;;;N;877;526;351;0;361;2;359;361;3;358;1754;295;132;53;19;25;40;26;;;;;717;422;102;82;111;;;;;;;46;24;4;7;2;7;2;;;;;11;2;2;6;0;0;1;;;;;103;43;42;15;3;;;;;;;546;309;237;;;36;15;21;;;;;;;;;;;
Bezirk Eimsbüttel;Wahlkreis 5 - Rotherbaum - Harvestehude - Eimsbüttel-Ost;Eimsbüttel WK5;30906;STIMMBEZIRK;;;N;890;560;330;0;388;7;381;388;0;388;1936;316;163;46;20;18;34;35;;;;;726;405;109;104;108;;;;;;;133;41;20;29;4;28;11;;;;;39;20;1;10;7;1;0;;;;;95;39;44;10;2;;;;;;;597;343;254;;;30;13;17;;;;;;;;;;;
Bezirk Eimsbüttel;Wahlkreis 5 - Rotherbaum - Harvestehude - Eimsbüttel-Ost;Eimsbüttel WK5;30907;STIMMBEZIRK;;;N;1045;636;409;0;532;7;525;532;3;529;2639;647;383;69;49;46;62;38;;;;;1023;574;124;154;171;;;;;;;279;158;29;21;19;32;20;;;;;45;20;4;9;3;2;7;;;;;86;59;23;2;2;;;;;;;509;331;178;;;50;48;2;;;;;;;;;;;
Bezirk Eimsbüttel;Wahlkreis 5 - Rotherbaum - Harvestehude - Eimsbüttel-Ost;Eimsbüttel WK5;31001;STIMMBEZIRK;;;N;1070;620;450;0;434;10;424;434;1;433;2163;362;176;48;21;37;40;40;;;;;1003;564;119;137;183;;;;;;;121;42;12;39;10;5;13;;;;;50;27;1;18;1;0;3;;;;;110;48;34;18;10;;;;;;;470;278;192;;;47;22;25;;;;;;;;;;;
Bezirk Eimsbüttel;Wahlkreis 5 - Rotherbaum - Harvestehude - Eimsbüttel-Ost;Eimsbüttel WK5;31002;STIMMBEZIRK;;;N;969;667;302;0;421;8;413;421;4;417;2078;409;181;52;34;43;48;51;;;;;661;367;91;75;128;;;;;;;89;60;4;9;8;5;3;;;;;8;1;0;0;1;0;6;;;;;79;28;19;26;6;;;;;;;738;400;338;;;94;76;18;;;;;;;;;;;
Bezirk Eimsbüttel;Wahlkreis 5 - Rotherbaum - Harvestehude - Eimsbüttel-Ost;Eimsbüttel WK5;31004;STIMMBEZIRK;;;N;1103;678;425;0;463;11;452;462;5;457;2272;403;177;54;30;59;41;42;;;;;820;416;139;137;128;;;;;;;177;76;17;14;15;17;38;;;;;49;17;2;16;12;1;1;;;;;102;30;54;8;10;;;;;;;656;367;289;;;65;44;21;;;;;;;;;;;
Bezirk Eimsbüttel;Wahlkreis 5 - Rotherbaum - Harvestehude - Eimsbüttel-Ost;Eimsbüttel WK5;31005;STIMMBEZIRK;;;N;914;596;318;0;387;5;382;387;10;377;1881;362;220;28;14;32;36;32;;;;;677;386;79;76;136;;;;;;;98;45;5;13;7;16;12;;;;;14;1;6;4;2;1;0;;;;;91;40;30;17;4;;;;;;;614;362;252;;;25;22;3;;;;;;;;;;;
Bezirk Eimsbüttel;Wahlkreis 5 - Rotherbaum - Harvestehude - Eimsbüttel-Ost;Eimsbüttel WK5;3059901;BRIEFWAHLBEZIRK;;;N;0;0;0;0;610;610;0;610;2;608;3002;836;436;95;46;87;102;70;;;;;1028;539;130;199;160;;;;;;;377;156;24;78;23;36;60;;;;;38;18;3;5;7;1;4;;;;;176;72;74;23;7;;;;;;;465;261;204;;;82;67;15;;;;;;;;;;;
Bezirk Eimsbüttel;Wahlkreis 5 - Rotherbaum - Harvestehude - Eimsbüttel-Ost;Eimsbüttel WK5;3059902;BRIEFWAHLBEZIRK;;;N;0;0;0;0;640;640;0;640;5;635;3174;780;384;88;52;83;99;74;;;;;1144;615;185;173;171;;;;;;;510;187;39;127;22;24;111;;;;;89;41;8;22;10;2;6;;;;;252;107;100;32;13;;;;;;;339;215;124;;;60;49;11;;;;;;;;;;;
Bezirk Eimsbüttel;Wahlkreis 5 - Rotherbaum - Harvestehude - Eimsbüttel-Ost;Eimsbüttel WK5;3059903;BRIEFWAHLBEZIRK;;;N;0;0;0;0;615;615;0;615;7;608;3034;741;377;79;58;86;71;70;;;;;1105;569;129;209;198;;;;;;;382;164;25;80;15;33;65;;;;;83;37;9;14;12;4;7;;;;;269;101;105;41;22;;;;;;;347;214;133;;;107;76;31;;;;;;;;;;;
Bezirk Eimsbüttel;Wahlkreis 5 - Rotherbaum - Harvestehude - Eimsbüttel-Ost;Eimsbüttel WK5;3059904;BRIEFWAHLBEZIRK;;;N;0;0;0;0;615;615;0;615;6;609;3014;732;324;85;58;87;106;72;;;;;1109;603;166;155;185;;;;;;;437;174;40;123;19;26;55;;;;;101;35;7;27;12;4;16;;;;;176;73;71;25;7;;;;;;;378;224;154;;;81;54;27;;;;;;;;;;;
Bezirk Eimsbüttel;Wahlkreis 5 - Rotherbaum - Harvestehude - Eimsbüttel-Ost;Eimsbüttel WK5;3059905;BRIEFWAHLBEZIRK;;;N;0;0;0;0;616;616;0;616;2;614;3069;711;365;73;29;74;88;82;;;;;1077;591;158;152;176;;;;;;;454;158;44;102;38;59;53;;;;;122;61;5;28;16;4;8;;;;;217;76;104;17;20;;;;;;;437;210;227;;;51;41;10;;;;;;;;;;;
Bezirk Eimsbüttel;Wahlkreis 5 - Rotherbaum - Harvestehude - Eimsbüttel-Ost;Eimsbüttel WK5;3059906;BRIEFWAHLBEZIRK;;;N;0;0;0;0;577;577;0;575;1;574;2866;683;334;92;54;80;58;65;;;;;1013;512;163;188;150;;;;;;;279;111;19;51;17;46;35;;;;;85;29;9;20;15;1;11;;;;;233;103;86;26;18;;;;;;;500;323;177;;;73;37;36;;;;;;;;;;;
Bezirk Eimsbüttel;Wahlkreis 5 - Rotherbaum - Harvestehude - Eimsbüttel-Ost;Eimsbüttel WK5;3059907;BRIEFWAHLBEZIRK;;;N;0;0;0;0;618;618;0;617;2;615;3053;659;305;102;39;91;66;56;;;;;1137;601;167;184;185;;;;;;;292;124;54;48;5;13;48;;;;;85;40;21;7;2;3;12;;;;;273;68;156;33;16;;;;;;;547;327;220;;;60;40;20;;;;;;;;;;;
Bezirk Eimsbüttel;Wahlkreis 5 - Rotherbaum - Harvestehude - Eimsbüttel-Ost;Eimsbüttel WK5;3059908;BRIEFWAHLBEZIRK;;;N;0;0;0;0;615;615;0;614;2;612;3036;637;302;83;39;68;87;58;;;;;1093;555;173;195;170;;;;;;;262;83;27;48;27;35;42;;;;;105;42;9;21;8;7;18;;;;;279;108;114;46;11;;;;;;;619;370;249;;;41;29;12;;;;;;;;;;;
Bezirk Eimsbüttel;Wahlkreis 5 - Rotherbaum - Harvestehude - Eimsbüttel-Ost;Eimsbüttel WK5;3059909;BRIEFWAHLBEZIRK;;;N;0;0;0;0;599;599;0;599;3;596;2979;648;314;78;36;76;84;60;;;;;1173;652;162;182;177;;;;;;;256;119;26;33;16;49;13;;;;;90;48;3;11;8;5;15;;;;;173;51;84;24;14;;;;;;;603;375;228;;;36;17;19;;;;;;;;;;;
Bezirk Eimsbüttel;Wahlkreis 5 - Rotherbaum - Harvestehude - Eimsbüttel-Ost;Eimsbüttel WK5;3059910;BRIEFWAHLBEZIRK;;;N;0;0;0;0;616;616;0;614;2;612;3055;651;327;77;43;58;80;66;;;;;1167;623;153;168;223;;;;;;;310;111;25;77;17;43;37;;;;;104;34;6;28;13;3;20;;;;;173;66;71;24;12;;;;;;;618;353;265;;;32;19;13;;;;;;;;;;;
Bezirk Eimsbüttel;Wahlkreis 5 - Rotherbaum - Harvestehude - Eimsbüttel-Ost;Eimsbüttel WK5;3059911;BRIEFWAHLBEZIRK;;;N;0;0;0;0;619;619;0;617;4;613;3064;552;270;54;56;50;72;50;;;;;1178;658;159;176;185;;;;;;;300;132;34;45;24;21;44;;;;;116;41;7;41;10;6;11;;;;;307;120;126;47;14;;;;;;;547;311;236;;;64;34;30;;;;;;;;;;;
Bezirk Eimsbüttel;Wahlkreis 5 - Rotherbaum - Harvestehude - Eimsbüttel-Ost;Eimsbüttel WK5;3059912;BRIEFWAHLBEZIRK;;;N;0;0;0;0;618;618;0;618;2;616;3074;649;288;80;56;53;89;83;;;;;1093;599;113;193;188;;;;;;;380;167;33;70;33;42;35;;;;;125;56;7;19;17;6;20;;;;;207;77;85;24;21;;;;;;;572;306;266;;;48;32;16;;;;;;;;;;;
Bezirk Eimsbüttel;Wahlkreis 5 - Rotherbaum - Harvestehude - Eimsbüttel-Ost;Eimsbüttel WK5;3059913;BRIEFWAHLBEZIRK;;;N;0;0;0;0;604;604;0;604;5;599;2992;515;245;72;42;41;64;51;;;;;1049;570;136;161;182;;;;;;;331;105;38;79;13;28;68;;;;;115;49;14;31;11;8;2;;;;;288;115;106;46;21;;;;;;;645;341;304;;;49;33;16;;;;;;;;;;;
Bezirk Eimsbüttel;Wahlkreis 5 - Rotherbaum - Harvestehude - Eimsbüttel-Ost;Eimsbüttel WK5;3059914;BRIEFWAHLBEZIRK;;;N;0;0;0;0;626;626;0;626;12;614;3064;616;284;84;37;42;109;60;;;;;1127;584;150;198;195;;;;;;;275;126;18;47;21;14;49;;;;;99;34;9;26;11;4;15;;;;;264;97;115;37;15;;;;;;;646;379;267;;;37;25;12;;;;;;;;;;;
Bezirk Eimsbüttel;Wahlkreis 5 - Rotherbaum - Harvestehude - Eimsbüttel-Ost;Eimsbüttel WK5;3059915;BRIEFWAHLBEZIRK;;;N;0;0;0;0;616;616;0;615;1;614;3070;606;299;80;39;68;64;56;;;;;1170;635;151;167;217;;;;;;;256;95;34;60;15;34;18;;;;;80;20;10;24;15;4;7;;;;;223;77;102;36;8;;;;;;;727;398;329;;;8;4;4;;;;;;;;;;;
Bezirk Eimsbüttel;Wahlkreis 5 - Rotherbaum - Harvestehude - Eimsbüttel-Ost;Eimsbüttel WK5;3059916;BRIEFWAHLBEZIRK;;;N;0;0;0;0;427;427;0;427;2;425;2125;350;150;46;37;17;49;51;;;;;873;481;134;108;150;;;;;;;144;55;17;28;9;18;17;;;;;67;32;3;10;11;1;10;;;;;198;69;109;14;6;;;;;;;481;245;236;;;12;7;5;;;;;;;;;;;
Bezirk Eimsbüttel;Wahlkreis 5 - Rotherbaum - Harvestehude - Eimsbüttel-Ost;Rotherbaum;31101;STIMMBEZIRK;;;N;1176;710;466;0;498;6;492;498;1;497;2471;642;373;71;60;35;59;44;;;;;815;489;131;78;117;;;;;;;378;166;38;35;22;57;60;;;;;102;44;13;15;11;4;15;;;;;87;30;24;21;12;;;;;;;347;164;183;;;100;59;41;;;;;;;;;;;
Bezirk Eimsbüttel;Wahlkreis 5 - Rotherbaum - Harvestehude - Eimsbüttel-Ost;Rotherbaum;31102;STIMMBEZIRK;;;N;1252;695;557;0;468;5;463;468;6;462;2309;445;233;75;35;31;35;36;;;;;879;466;173;108;132;;;;;;;289;183;26;19;18;24;19;;;;;85;46;7;1;11;0;20;;;;;95;33;38;15;9;;;;;;;452;235;217;;;64;50;14;;;;;;;;;;;
Bezirk Eimsbüttel;Wahlkreis 5 - Rotherbaum - Harvestehude - Eimsbüttel-Ost;Rotherbaum;31104;STIMMBEZIRK;;;N;1103;724;379;0;475;6;469;475;4;471;2342;443;205;68;33;35;46;56;;;;;726;442;123;60;101;;;;;;;193;91;20;24;14;26;18;;;;;54;20;3;5;15;1;10;;;;;134;48;48;26;12;;;;;;;680;332;348;;;112;79;33;;;;;;;;;;;
Bezirk Eimsbüttel;Wahlkreis 5 - Rotherbaum - Harvestehude - Eimsbüttel-Ost;Rotherbaum;31105;STIMMBEZIRK;;;N;1182;719;463;0;500;10;490;496;8;488;2429;609;318;88;35;47;70;51;;;;;879;497;163;113;106;;;;;;;211;127;30;6;9;18;21;;;;;41;33;1;4;2;0;1;;;;;124;37;37;38;12;;;;;;;498;262;236;;;67;50;17;;;;;;;;;;;
Bezirk Eimsbüttel;Wahlkreis 5 - Rotherbaum - Harvestehude - Eimsbüttel-Ost;Rotherbaum;31106;STIMMBEZIRK;;;N;1187;703;484;0;412;12;400;412;7;405;2016;373;170;50;16;42;46;49;;;;;654;337;135;86;96;;;;;;;186;81;19;14;11;29;32;;;;;50;14;3;9;9;2;13;;;;;86;28;21;32;5;;;;;;;620;356;264;;;47;24;23;;;;;;;;;;;
Bezirk Eimsbüttel;Wahlkreis 5 - Rotherbaum - Harvestehude - Eimsbüttel-Ost;Rotherbaum;31201;STIMMBEZIRK;;;N;966;561;405;0;386;10;376;386;7;379;1887;331;164;51;41;22;31;22;;;;;320;166;49;61;44;;;;;;;875;534;84;26;29;82;120;;;;;122;44;23;7;16;10;22;;;;;65;19;18;17;11;;;;;;;73;34;39;;;101;52;49;;;;;;;;;;;
Bezirk Eimsbüttel;Wahlkreis 5 - Rotherbaum - Harvestehude - Eimsbüttel-Ost;Rotherbaum;31202;STIMMBEZIRK;;;N;1017;581;436;0;355;11;344;355;3;352;1756;359;212;47;27;13;39;21;;;;;270;160;59;21;30;;;;;;;776;414;67;39;48;84;124;;;;;143;54;28;9;21;3;28;;;;;23;8;8;5;2;;;;;;;63;35;28;;;122;58;64;;;;;;;;;;;
Bezirk Eimsbüttel;Wahlkreis 5 - Rotherbaum - Harvestehude - Eimsbüttel-Ost;Rotherbaum;31203;STIMMBEZIRK;;;N;996;513;483;0;301;0;301;301;1;300;1490;352;148;67;35;15;57;30;;;;;247;128;53;35;31;;;;;;;582;371;44;18;17;60;72;;;;;76;47;7;1;7;1;13;;;;;37;17;8;8;4;;;;;;;84;46;38;;;112;71;41;;;;;;;;;;;
Bezirk Eimsbüttel;Wahlkreis 5 - Rotherbaum - Harvestehude - Eimsbüttel-Ost;Rotherbaum;31205;STIMMBEZIRK;;;N;1032;568;464;0;372;17;355;372;3;369;1840;399;232;46;26;17;51;27;;;;;499;260;101;68;70;;;;;;;429;248;46;23;17;16;79;;;;;73;43;10;10;7;0;3;;;;;97;37;33;23;4;;;;;;;246;99;147;;;97;45;52;;;;;;;;;;;
Bezirk Eimsbüttel;Wahlkreis 5 - Rotherbaum - Harvestehude - Eimsbüttel-Ost;Rotherbaum;31206;STIMMBEZIRK;;;N;1067;616;451;0;442;5;437;442;4;438;2189;504;229;83;35;36;81;40;;;;;684;390;108;71;115;;;;;;;518;295;46;22;29;62;64;;;;;139;53;26;13;10;10;27;;;;;76;36;15;17;8;;;;;;;216;101;115;;;52;34;18;;;;;;;;;;;
Bezirk Eimsbüttel;Wahlkreis 5 - Rotherbaum - Harvestehude - Eimsbüttel-Ost;Rotherbaum;31207;STIMMBEZIRK;;;N;1424;766;658;0;454;1;453;454;5;449;2240;670;348;112;64;41;63;42;;;;;529;318;75;96;40;;;;;;;588;359;43;24;33;74;55;;;;;129;61;11;13;17;2;25;;;;;52;13;20;18;1;;;;;;;139;70;69;;;133;90;43;;;;;;;;;;;
Bezirk Eimsbüttel;Wahlkreis 5 - Rotherbaum - Harvestehude - Eimsbüttel-Ost;Rotherbaum;3119901;BRIEFWAHLBEZIRK;;;N;0;0;0;0;637;637;0;637;0;637;3180;689;312;100;83;58;78;58;;;;;818;448;140;112;118;;;;;;;861;523;91;47;20;61;119;;;;;166;70;23;18;14;10;31;;;;;231;91;92;25;23;;;;;;;318;181;137;;;97;61;36;;;;;;;;;;;
Bezirk Eimsbüttel;Wahlkreis 5 - Rotherbaum - Harvestehude - Eimsbüttel-Ost;Rotherbaum;3119902;BRIEFWAHLBEZIRK;;;N;0;0;0;0;642;642;0;642;3;639;3151;626;293;116;49;49;80;39;;;;;797;433;166;93;105;;;;;;;1061;496;113;82;45;139;186;;;;;189;112;13;12;15;8;29;;;;;95;41;44;7;3;;;;;;;248;133;115;;;135;69;66;;;;;;;;;;;
Bezirk Eimsbüttel;Wahlkreis 5 - Rotherbaum - Harvestehude - Eimsbüttel-Ost;Rotherbaum;3119903;BRIEFWAHLBEZIRK;;;N;0;0;0;0;519;519;0;512;4;508;2538;468;216;61;35;33;75;48;;;;;566;291;101;79;95;;;;;;;924;461;100;48;38;140;137;;;;;153;52;25;27;22;9;18;;;;;142;48;48;31;15;;;;;;;210;98;112;;;75;41;34;;;;;;;;;;;
Bezirk Eimsbüttel;Wahlkreis 5 - Rotherbaum - Harvestehude - Eimsbüttel-Ost;Rotherbaum;3119904;BRIEFWAHLBEZIRK;;;N;0;0;0;0;640;640;0;640;7;633;3118;595;262;90;38;50;87;68;;;;;657;352;102;72;131;;;;;;;1044;532;103;72;54;111;172;;;;;259;137;23;35;14;11;39;;;;;125;40;52;21;12;;;;;;;312;158;154;;;126;64;62;;;;;;;;;;;
Bezirk Eimsbüttel;Wahlkreis 5 - Rotherbaum - Harvestehude - Eimsbüttel-Ost;Rotherbaum;3119905;BRIEFWAHLBEZIRK;;;N;0;0;0;0;662;662;0;662;3;659;3288;587;260;81;47;56;86;57;;;;;883;458;188;115;122;;;;;;;725;416;67;39;42;99;62;;;;;256;97;51;21;24;7;56;;;;;177;62;68;40;7;;;;;;;566;279;287;;;94;56;38;;;;;;;;;;;
Bezirk Eimsbüttel;Wahlkreis 5 - Rotherbaum - Harvestehude - Eimsbüttel-Ost;Rotherbaum;3119906;BRIEFWAHLBEZIRK;;;N;0;0;0;0;635;635;0;635;3;632;3145;603;285;98;39;43;80;58;;;;;807;402;172;114;119;;;;;;;947;496;94;30;29;140;158;;;;;225;110;25;16;35;15;24;;;;;164;53;69;32;10;;;;;;;289;149;140;;;110;60;50;;;;;;;;;;;
Bezirk Eimsbüttel;Wahlkreis 5 - Rotherbaum - Harvestehude - Eimsbüttel-Ost;Rotherbaum;3119907;BRIEFWAHLBEZIRK;;;N;0;0;0;0;635;635;0;634;3;631;3153;626;287;87;70;38;85;59;;;;;908;456;178;105;169;;;;;;;750;306;99;37;45;111;152;;;;;287;92;35;52;45;9;54;;;;;243;63;104;45;31;;;;;;;293;180;113;;;46;22;24;;;;;;;;;;;
Bezirk Eimsbüttel;Wahlkreis 5 - Rotherbaum - Harvestehude - Eimsbüttel-Ost;Rotherbaum;3119908;BRIEFWAHLBEZIRK;;;N;0;0;0;0;472;472;0;472;2;470;2342;506;221;56;40;40;96;53;;;;;644;342;139;83;80;;;;;;;506;269;67;20;18;56;76;;;;;196;82;39;15;25;6;29;;;;;156;46;71;29;10;;;;;;;263;134;129;;;71;51;20;;;;;;;;;;;
Bezirk Eimsbüttel;Wahlkreis 5 - Rotherbaum - Harvestehude - Eimsbüttel-Ost;Harvestehude;31301;STIMMBEZIRK;;;N;793;502;291;0;377;5;372;377;0;377;1873;496;235;133;29;25;35;39;;;;;659;390;97;91;81;;;;;;;193;88;14;22;12;30;27;;;;;44;14;12;14;2;2;0;;;;;65;31;17;11;6;;;;;;;359;216;143;;;57;39;18;;;;;;;;;;;
Bezirk Eimsbüttel;Wahlkreis 5 - Rotherbaum - Harvestehude - Eimsbüttel-Ost;Harvestehude;31302;STIMMBEZIRK;;;N;995;559;436;0;392;7;385;392;1;391;1949;470;245;79;24;37;49;36;;;;;412;237;90;47;38;;;;;;;620;386;68;14;20;57;75;;;;;120;64;15;12;20;2;7;;;;;101;42;46;9;4;;;;;;;147;75;72;;;79;47;32;;;;;;;;;;;
Bezirk Eimsbüttel;Wahlkreis 5 - Rotherbaum - Harvestehude - Eimsbüttel-Ost;Harvestehude;31303;STIMMBEZIRK;;;N;948;595;353;0;422;8;414;422;5;417;2066;600;332;76;40;36;51;65;;;;;616;342;85;80;109;;;;;;;314;178;32;33;11;17;43;;;;;58;15;21;10;3;1;8;;;;;72;34;19;16;3;;;;;;;308;174;134;;;98;85;13;;;;;;;;;;;
Bezirk Eimsbüttel;Wahlkreis 5 - Rotherbaum - Harvestehude - Eimsbüttel-Ost;Harvestehude;31304;STIMMBEZIRK;;;N;742;537;205;0;280;1;279;280;7;273;1361;366;195;47;22;23;38;41;;;;;332;177;46;49;60;;;;;;;165;82;22;19;13;9;20;;;;;29;19;4;0;3;0;3;;;;;53;13;15;17;8;;;;;;;271;151;120;;;145;95;50;;;;;;;;;;;
Bezirk Eimsbüttel;Wahlkreis 5 - Rotherbaum - Harvestehude - Eimsbüttel-Ost;Harvestehude;31306;STIMMBEZIRK;;;N;725;476;249;0;223;3;220;223;4;219;1092;239;150;31;9;16;23;10;;;;;256;136;51;32;37;;;;;;;176;107;8;8;8;13;32;;;;;37;12;10;2;0;3;10;;;;;50;10;33;6;1;;;;;;;234;148;86;;;100;58;42;;;;;;;;;;;
Bezirk Eimsbüttel;Wahlkreis 5 - Rotherbaum - Harvestehude - Eimsbüttel-Ost;Harvestehude;31307;STIMMBEZIRK;;;N;1000;561;439;0;368;11;357;368;5;363;1801;364;211;63;29;21;20;20;;;;;406;259;75;35;37;;;;;;;639;339;69;34;38;64;95;;;;;93;38;6;7;19;2;21;;;;;71;28;26;15;2;;;;;;;158;111;47;;;70;48;22;;;;;;;;;;;
Bezirk Eimsbüttel;Wahlkreis 5 - Rotherbaum - Harvestehude - Eimsbüttel-Ost;Harvestehude;31308;STIMMBEZIRK;;;N;866;525;341;0;299;3;296;298;4;294;1467;247;88;58;15;9;52;25;;;;;199;106;38;37;18;;;;;;;730;430;70;36;17;69;108;;;;;125;44;31;11;15;7;17;;;;;39;18;11;7;3;;;;;;;45;16;29;;;82;57;25;;;;;;;;;;;
Bezirk Eimsbüttel;Wahlkreis 5 - Rotherbaum - Harvestehude - Eimsbüttel-Ost;Harvestehude;31310;STIMMBEZIRK;;;N;946;625;321;0;356;0;356;355;12;343;1692;442;236;57;43;28;49;29;;;;;560;330;76;75;79;;;;;;;139;46;22;21;9;14;27;;;;;43;16;7;3;10;4;3;;;;;58;22;20;12;4;;;;;;;357;180;177;;;93;63;30;;;;;;;;;;;
Bezirk Eimsbüttel;Wahlkreis 5 - Rotherbaum - Harvestehude - Eimsbüttel-Ost;Harvestehude;31401;STIMMBEZIRK;;;N;835;470;365;0;352;8;344;352;4;348;1733;449;262;71;41;14;34;27;;;;;460;279;65;55;61;;;;;;;544;271;45;25;27;76;100;;;;;95;43;21;7;12;2;10;;;;;63;26;19;12;6;;;;;;;93;52;41;;;29;12;17;;;;;;;;;;;
Bezirk Eimsbüttel;Wahlkreis 5 - Rotherbaum - Harvestehude - Eimsbüttel-Ost;Harvestehude;31402;STIMMBEZIRK;;;N;802;426;376;0;296;6;290;296;4;292;1453;278;140;50;31;14;17;26;;;;;263;160;34;41;28;;;;;;;659;361;45;39;14;107;93;;;;;120;55;12;7;18;1;27;;;;;33;16;14;2;1;;;;;;;49;16;33;;;51;39;12;;;;;;;;;;;
Bezirk Eimsbüttel;Wahlkreis 5 - Rotherbaum - Harvestehude - Eimsbüttel-Ost;Harvestehude;31403;STIMMBEZIRK;;;N;919;433;486;0;274;8;266;274;5;269;1340;244;146;34;24;5;22;13;;;;;229;141;30;34;24;;;;;;;587;343;35;19;27;76;87;;;;;126;60;37;9;8;3;9;;;;;24;13;7;1;3;;;;;;;63;42;21;;;67;39;28;;;;;;;;;;;
Bezirk Eimsbüttel;Wahlkreis 5 - Rotherbaum - Harvestehude - Eimsbüttel-Ost;Harvestehude;31404;STIMMBEZIRK;;;N;880;411;469;0;270;5;265;270;1;269;1339;319;152;43;34;19;43;28;;;;;253;158;32;47;16;;;;;;;518;313;30;22;22;63;68;;;;;117;35;8;11;16;10;37;;;;;43;8;21;6;8;;;;;;;50;27;23;;;39;26;13;;;;;;;;;;;
Bezirk Eimsbüttel;Wahlkreis 5 - Rotherbaum - Harvestehude - Eimsbüttel-Ost;Harvestehude;31405;STIMMBEZIRK;;;N;954;500;454;0;346;7;339;346;4;342;1706;406;193;65;47;22;36;43;;;;;433;249;95;50;39;;;;;;;455;270;43;34;18;50;40;;;;;114;44;11;16;22;1;20;;;;;88;34;22;13;19;;;;;;;150;82;68;;;60;38;22;;;;;;;;;;;
Bezirk Eimsbüttel;Wahlkreis 5 - Rotherbaum - Harvestehude - Eimsbüttel-Ost;Harvestehude;31406;STIMMBEZIRK;;;N;831;414;417;0;289;0;289;289;3;286;1412;309;174;38;12;15;51;19;;;;;455;233;70;94;58;;;;;;;399;204;29;36;31;41;58;;;;;73;41;3;8;11;1;9;;;;;46;10;28;7;1;;;;;;;87;49;38;;;43;20;23;;;;;;;;;;;
Bezirk Eimsbüttel;Wahlkreis 5 - Rotherbaum - Harvestehude - Eimsbüttel-Ost;Harvestehude;31407;STIMMBEZIRK;;;N;987;593;394;0;441;8;433;441;1;440;2166;503;287;47;53;37;48;31;;;;;619;373;103;66;77;;;;;;;703;378;49;47;30;116;83;;;;;106;39;19;8;19;6;15;;;;;93;30;40;17;6;;;;;;;76;48;28;;;66;31;35;;;;;;;;;;;
Bezirk Eimsbüttel;Wahlkreis 5 - Rotherbaum - Harvestehude - Eimsbüttel-Ost;Harvestehude;3139901;BRIEFWAHLBEZIRK;;;N;0;0;0;0;601;601;0;600;7;593;2931;700;355;113;70;45;77;40;;;;;646;341;119;94;92;;;;;;;907;531;66;55;31;105;119;;;;;192;59;37;12;23;14;47;;;;;202;86;69;33;14;;;;;;;202;146;56;;;82;50;32;;;;;;;;;;;
Bezirk Eimsbüttel;Wahlkreis 5 - Rotherbaum - Harvestehude - Eimsbüttel-Ost;Harvestehude;3139902;BRIEFWAHLBEZIRK;;;N;0;0;0;0;595;595;0;594;5;589;2943;659;313;84;68;56;83;55;;;;;526;268;113;83;62;;;;;;;1192;707;96;43;39;138;169;;;;;231;105;33;11;26;14;42;;;;;111;51;32;17;11;;;;;;;123;68;55;;;101;72;29;;;;;;;;;;;
Bezirk Eimsbüttel;Wahlkreis 5 - Rotherbaum - Harvestehude - Eimsbüttel-Ost;Harvestehude;3139903;BRIEFWAHLBEZIRK;;;N;0;0;0;0;600;600;0;594;6;588;2928;597;256;74;75;43;86;63;;;;;407;226;86;48;47;;;;;;;1276;657;104;66;56;182;211;;;;;271;114;37;27;25;24;44;;;;;104;58;20;17;9;;;;;;;189;97;92;;;84;41;43;;;;;;;;;;;
Bezirk Eimsbüttel;Wahlkreis 5 - Rotherbaum - Harvestehude - Eimsbüttel-Ost;Harvestehude;3139904;BRIEFWAHLBEZIRK;;;N;0;0;0;0;595;595;0;595;4;591;2946;511;235;82;58;34;53;49;;;;;630;357;106;98;69;;;;;;;1019;462;99;85;44;133;196;;;;;218;80;30;22;13;21;52;;;;;172;63;66;29;14;;;;;;;275;164;111;;;121;62;59;;;;;;;;;;;
Bezirk Eimsbüttel;Wahlkreis 5 - Rotherbaum - Harvestehude - Eimsbüttel-Ost;Harvestehude;3139905;BRIEFWAHLBEZIRK;;;N;0;0;0;0;598;598;0;598;3;595;2961;555;244;101;49;29;66;66;;;;;590;333;100;74;83;;;;;;;1036;533;65;70;67;150;151;;;;;288;101;49;35;38;22;43;;;;;160;81;46;23;10;;;;;;;229;120;109;;;103;45;58;;;;;;;;;;;
Bezirk Eimsbüttel;Wahlkreis 5 - Rotherbaum - Harvestehude - Eimsbüttel-Ost;Harvestehude;3139906;BRIEFWAHLBEZIRK;;;N;0;0;0;0;594;594;0;594;4;590;2941;566;286;79;33;20;76;72;;;;;520;299;97;56;68;;;;;;;1113;584;79;57;35;152;206;;;;;291;94;40;48;28;12;69;;;;;171;68;54;35;14;;;;;;;167;104;63;;;113;56;57;;;;;;;;;;;
Bezirk Eimsbüttel;Wahlkreis 5 - Rotherbaum - Harvestehude - Eimsbüttel-Ost;Harvestehude;3139907;BRIEFWAHLBEZIRK;;;N;0;0;0;0;601;601;0;593;8;585;2903;556;237;98;44;34;81;62;;;;;723;405;118;95;105;;;;;;;853;431;86;54;42;120;120;;;;;282;75;46;48;57;7;49;;;;;164;78;55;23;8;;;;;;;259;128;131;;;66;36;30;;;;;;;;;;;
Bezirk Eimsbüttel;Wahlkreis 5 - Rotherbaum - Harvestehude - Eimsbüttel-Ost;Harvestehude;3139908;BRIEFWAHLBEZIRK;;;N;0;0;0;0;598;598;0;598;3;595;2953;592;294;86;53;30;77;52;;;;;652;317;150;95;90;;;;;;;894;420;66;46;64;178;120;;;;;324;146;29;42;29;23;55;;;;;193;64;82;31;16;;;;;;;218;121;97;;;80;49;31;;;;;;;;;;;
Bezirk Eimsbüttel;Wahlkreis 5 - Rotherbaum - Harvestehude - Eimsbüttel-Ost;Harvestehude;3139909;BRIEFWAHLBEZIRK;;;N;0;0;0;0;514;514;0;511;1;510;2527;501;252;60;51;25;57;56;;;;;589;310;115;77;87;;;;;;;806;406;75;42;39;96;148;;;;;169;49;40;26;26;13;15;;;;;143;74;41;22;6;;;;;;;257;143;114;;;62;37;25;;;;;;;;;;;
Bezirk Eimsbüttel;Wahlkreis 5 - Rotherbaum - Harvestehude - Eimsbüttel-Ost;Hoheluft-West;31501;STIMMBEZIRK;;;N;1029;621;408;0;512;15;497;512;4;508;2535;598;300;63;40;28;90;77;;;;;994;605;141;113;135;;;;;;;368;168;32;60;31;29;48;;;;;68;17;6;12;12;12;9;;;;;106;50;34;12;10;;;;;;;363;197;166;;;38;24;14;;;;;;;;;;;
Bezirk Eimsbüttel;Wahlkreis 5 - Rotherbaum - Harvestehude - Eimsbüttel-Ost;Hoheluft-West;31502;STIMMBEZIRK;;;N;998;472;526;0;315;9;306;315;6;309;1530;392;159;41;23;23;96;50;;;;;534;299;81;77;77;;;;;;;206;117;17;33;16;20;3;;;;;80;32;9;4;18;2;15;;;;;75;34;15;23;3;;;;;;;168;73;95;;;75;53;22;;;;;;;;;;;
Bezirk Eimsbüttel;Wahlkreis 5 - Rotherbaum - Harvestehude - Eimsbüttel-Ost;Hoheluft-West;31503;STIMMBEZIRK;;;N;780;431;349;0;303;17;286;303;3;300;1492;345;179;46;16;21;45;38;;;;;543;306;103;65;69;;;;;;;131;66;13;29;8;9;6;;;;;31;13;2;7;5;3;1;;;;;78;32;39;6;1;;;;;;;317;168;149;;;47;37;10;;;;;;;;;;;
Bezirk Eimsbüttel;Wahlkreis 5 - Rotherbaum - Harvestehude - Eimsbüttel-Ost;Hoheluft-West;31504;STIMMBEZIRK;;;N;1103;640;463;0;514;13;501;514;3;511;2524;589;288;66;27;35;99;74;;;;;1061;639;141;104;177;;;;;;;288;156;28;47;13;19;25;;;;;53;17;2;10;6;7;11;;;;;95;30;38;20;7;;;;;;;363;215;148;;;75;43;32;;;;;;;;;;;
Bezirk Eimsbüttel;Wahlkreis 5 - Rotherbaum - Harvestehude - Eimsbüttel-Ost;Hoheluft-West;31505;STIMMBEZIRK;;;N;773;453;319;1;360;9;351;360;3;357;1773;544;244;51;27;39;89;94;;;;;689;363;109;102;115;;;;;;;161;86;13;33;8;4;17;;;;;17;12;2;3;0;0;0;;;;;70;44;12;13;1;;;;;;;252;158;94;;;40;26;14;;;;;;;;;;;
Bezirk Eimsbüttel;Wahlkreis 5 - Rotherbaum - Harvestehude - Eimsbüttel-Ost;Hoheluft-West;31601;STIMMBEZIRK;;;N;1057;686;371;0;422;6;416;422;3;419;2080;561;259;60;21;32;112;77;;;;;700;413;69;97;121;;;;;;;225;73;17;50;22;32;31;;;;;36;12;3;11;3;2;5;;;;;134;36;52;32;14;;;;;;;334;177;157;;;90;63;27;;;;;;;;;;;
Bezirk Eimsbüttel;Wahlkreis 5 - Rotherbaum - Harvestehude - Eimsbüttel-Ost;Hoheluft-West;31602;STIMMBEZIRK;;;N;1107;696;411;0;420;12;408;420;3;417;2059;542;293;57;35;27;76;54;;;;;641;369;94;75;103;;;;;;;270;118;29;53;8;32;30;;;;;63;25;6;19;6;4;3;;;;;79;43;23;11;2;;;;;;;368;198;170;;;96;73;23;;;;;;;;;;;
Bezirk Eimsbüttel;Wahlkreis 5 - Rotherbaum - Harvestehude - Eimsbüttel-Ost;Hoheluft-West;31603;STIMMBEZIRK;;;N;1236;762;474;0;473;7;466;473;7;466;2317;600;256;65;54;41;106;78;;;;;746;464;92;84;106;;;;;;;245;104;19;56;20;15;31;;;;;29;15;1;4;1;1;7;;;;;85;36;28;15;6;;;;;;;544;286;258;;;68;60;8;;;;;;;;;;;
Bezirk Eimsbüttel;Wahlkreis 5 - Rotherbaum - Harvestehude - Eimsbüttel-Ost;Hoheluft-West;31604;STIMMBEZIRK;;;N;1128;668;460;0;459;7;452;459;4;455;2243;631;310;69;42;36;114;60;;;;;760;456;85;87;132;;;;;;;248;147;10;48;7;12;24;;;;;63;16;17;16;11;1;2;;;;;130;50;54;24;2;;;;;;;363;205;158;;;48;36;12;;;;;;;;;;;
Bezirk Eimsbüttel;Wahlkreis 5 - Rotherbaum - Harvestehude - Eimsbüttel-Ost;Hoheluft-West;31607;STIMMBEZIRK;;;N;1191;668;523;0;426;9;417;426;3;423;2104;466;220;49;30;23;85;59;;;;;788;467;107;84;130;;;;;;;215;95;12;54;12;17;25;;;;;85;28;17;20;15;1;4;;;;;123;44;47;25;7;;;;;;;326;194;132;;;101;87;14;;;;;;;;;;;
Bezirk Eimsbüttel;Wahlkreis 5 - Rotherbaum - Harvestehude - Eimsbüttel-Ost;Hoheluft-West;3159901;BRIEFWAHLBEZIRK;;;N;0;0;0;0;411;411;0;411;0;411;2043;568;237;60;22;45;119;85;;;;;694;356;126;104;108;;;;;;;322;145;27;62;14;25;49;;;;;96;31;11;14;7;5;28;;;;;116;38;59;9;10;;;;;;;215;150;65;;;32;24;8;;;;;;;;;;;
Bezirk Eimsbüttel;Wahlkreis 5 - Rotherbaum - Harvestehude - Eimsbüttel-Ost;Hoheluft-West;3159902;BRIEFWAHLBEZIRK;;;N;0;0;0;0;401;401;0;400;5;395;1975;420;166;52;28;26;91;57;;;;;763;393;141;110;119;;;;;;;254;112;29;36;13;17;47;;;;;88;38;8;11;9;2;20;;;;;108;39;51;10;8;;;;;;;283;164;119;;;59;38;21;;;;;;;;;;;
Bezirk Eimsbüttel;Wahlkreis 5 - Rotherbaum - Harvestehude - Eimsbüttel-Ost;Hoheluft-West;3159903;BRIEFWAHLBEZIRK;;;N;0;0;0;0;596;596;0;594;1;593;2962;719;371;85;34;40;105;84;;;;;1024;579;135;134;176;;;;;;;394;164;35;61;22;44;68;;;;;98;36;8;20;20;4;10;;;;;252;100;105;33;14;;;;;;;445;255;190;;;30;21;9;;;;;;;;;;;
Bezirk Eimsbüttel;Wahlkreis 5 - Rotherbaum - Harvestehude - Eimsbüttel-Ost;Hoheluft-West;3159904;BRIEFWAHLBEZIRK;;;N;0;0;0;0;591;591;0;591;7;584;2916;590;224;61;53;42;128;82;;;;;1021;593;116;139;173;;;;;;;365;165;35;62;28;34;41;;;;;137;65;15;16;14;14;13;;;;;328;102;148;51;27;;;;;;;444;274;170;;;31;24;7;;;;;;;;;;;
Bezirk Eimsbüttel;Wahlkreis 5 - Rotherbaum - Harvestehude - Eimsbüttel-Ost;Hoheluft-West;3159905;BRIEFWAHLBEZIRK;;;N;0;0;0;0;598;598;0;596;1;595;2960;778;341;93;50;64;156;74;;;;;1030;533;176;148;173;;;;;;;480;225;39;80;33;51;52;;;;;112;48;2;30;9;3;20;;;;;173;69;64;32;8;;;;;;;305;171;134;;;82;61;21;;;;;;;;;;;
Bezirk Eimsbüttel;Wahlkreis 5 - Rotherbaum - Harvestehude - Eimsbüttel-Ost;Hoheluft-West;3159906;BRIEFWAHLBEZIRK;;;N;0;0;0;0;599;599;0;592;7;585;2925;798;328;103;53;63;127;124;;;;;889;514;107;122;146;;;;;;;485;187;57;110;19;47;65;;;;;70;17;9;17;14;5;8;;;;;244;84;116;26;18;;;;;;;401;216;185;;;38;23;15;;;;;;;;;;;
Bezirk Eimsbüttel;Wahlkreis 5 - Rotherbaum - Harvestehude - Eimsbüttel-Ost;Hoheluft-West;3159907;BRIEFWAHLBEZIRK;;;N;0;0;0;0;596;596;0;596;2;594;2961;644;236;66;46;59;110;127;;;;;1161;665;132;151;213;;;;;;;306;130;31;44;20;50;31;;;;;130;43;11;28;20;4;24;;;;;248;96;99;29;24;;;;;;;420;230;190;;;52;42;10;;;;;;;;;;;
Bezirk Eimsbüttel;Wahlkreis 5 - Rotherbaum - Harvestehude - Eimsbüttel-Ost;Hoheluft-West;3159908;BRIEFWAHLBEZIRK;;;N;0;0;0;0;228;228;0;222;0;222;1110;223;93;19;13;11;55;32;;;;;457;246;50;74;87;;;;;;;141;72;21;16;18;3;11;;;;;54;22;3;19;1;3;6;;;;;56;17;35;4;0;;;;;;;167;86;81;;;12;12;0;;;;;;;;;;;
Bezirk Eimsbüttel;Wahlkreis 6 - Eidelstedt - Stellingen - Eimsbüttel-West;Eimsbüttel WK6;30101;STIMMBEZIRK;;;N;831;502;329;0;385;5;380;385;1;384;1904;419;145;150;34;17;59;14;;;;;773;356;137;198;82;;;;;;;246;128;14;13;9;71;11;;;;;19;2;0;2;8;7;0;;;;;104;74;7;12;11;;;;;;;278;210;68;;;65;48;17;;;;;;;;;;;
Bezirk Eimsbüttel;Wahlkreis 6 - Eidelstedt - Stellingen - Eimsbüttel-West;Eimsbüttel WK6;30103;STIMMBEZIRK;;;N;925;535;390;0;389;8;381;389;2;387;1910;376;121;143;27;23;51;11;;;;;767;382;109;220;56;;;;;;;111;63;9;2;8;28;1;;;;;29;7;0;6;8;3;5;;;;;121;72;13;23;13;;;;;;;486;349;137;;;20;20;0;;;;;;;;;;;
Bezirk Eimsbüttel;Wahlkreis 6 - Eidelstedt - Stellingen - Eimsbüttel-West;Eimsbüttel WK6;30105;STIMMBEZIRK;;;N;1096;658;438;0;413;8;405;413;11;402;1997;512;160;210;34;24;67;17;;;;;722;349;122;177;74;;;;;;;205;103;14;9;10;61;8;;;;;44;12;9;4;13;4;2;;;;;71;41;13;7;10;;;;;;;370;287;83;;;73;33;40;;;;;;;;;;;
Bezirk Eimsbüttel;Wahlkreis 6 - Eidelstedt - Stellingen - Eimsbüttel-West;Eimsbüttel WK6;30106;STIMMBEZIRK;;;N;930;578;352;0;365;15;350;365;1;364;1809;418;129;187;24;10;61;7;;;;;672;336;101;165;70;;;;;;;173;81;11;13;7;58;3;;;;;41;19;4;3;12;1;2;;;;;71;44;8;11;8;;;;;;;345;259;86;;;89;64;25;;;;;;;;;;;
Bezirk Eimsbüttel;Wahlkreis 6 - Eidelstedt - Stellingen - Eimsbüttel-West;Eimsbüttel WK6;30107;STIMMBEZIRK;;;N;766;493;273;0;322;7;315;321;3;318;1587;429;195;151;23;17;34;9;;;;;568;257;90;164;57;;;;;;;131;75;17;3;11;19;6;;;;;47;9;1;15;15;2;5;;;;;55;32;9;11;3;;;;;;;320;236;84;;;37;23;14;;;;;;;;;;;
Bezirk Eimsbüttel;Wahlkreis 6 - Eidelstedt - Stellingen - Eimsbüttel-West;Eimsbüttel WK6;30201;STIMMBEZIRK;;;N;932;572;360;0;400;11;389;399;6;393;1949;374;127;171;20;19;34;3;;;;;847;370;157;237;83;;;;;;;164;81;12;9;14;43;5;;;;;48;22;0;8;12;4;2;;;;;105;68;11;16;10;;;;;;;349;268;81;;;62;44;18;;;;;;;;;;;
Bezirk Eimsbüttel;Wahlkreis 6 - Eidelstedt - Stellingen - Eimsbüttel-West;Eimsbüttel WK6;30202;STIMMBEZIRK;;;N;1052;641;411;0;465;8;457;460;4;456;2237;476;132;175;34;20;103;12;;;;;828;332;157;238;101;;;;;;;198;113;8;9;14;49;5;;;;;60;25;1;13;12;1;8;;;;;86;57;10;12;7;;;;;;;539;405;134;;;50;35;15;;;;;;;;;;;
Bezirk Eimsbüttel;Wahlkreis 6 - Eidelstedt - Stellingen - Eimsbüttel-West;Eimsbüttel WK6;30203;STIMMBEZIRK;;;N;1031;650;381;0;480;7;473;480;5;475;2362;529;133;228;33;20;83;32;;;;;994;457;210;209;118;;;;;;;225;128;18;6;14;56;3;;;;;44;9;1;17;4;11;2;;;;;62;41;5;7;9;;;;;;;453;336;117;;;55;34;21;;;;;;;;;;;
Bezirk Eimsbüttel;Wahlkreis 6 - Eidelstedt - Stellingen - Eimsbüttel-West;Eimsbüttel WK6;30205;STIMMBEZIRK;;;N;817;486;331;0;320;9;311;320;7;313;1544;325;116;114;31;19;38;7;;;;;587;285;92;154;56;;;;;;;90;37;15;5;6;17;10;;;;;37;8;2;11;8;6;2;;;;;92;62;6;19;5;;;;;;;358;275;83;;;55;29;26;;;;;;;;;;;
Bezirk Eimsbüttel;Wahlkreis 6 - Eidelstedt - Stellingen - Eimsbüttel-West;Eimsbüttel WK6;30206;STIMMBEZIRK;;;N;745;469;276;0;317;6;311;317;1;316;1574;361;59;150;31;25;87;9;;;;;562;246;95;148;73;;;;;;;197;127;12;2;7;48;1;;;;;23;5;0;14;0;4;0;;;;;62;36;10;13;3;;;;;;;335;256;79;;;34;21;13;;;;;;;;;;;
Bezirk Eimsbüttel;Wahlkreis 6 - Eidelstedt - Stellingen - Eimsbüttel-West;Eimsbüttel WK6;30301;STIMMBEZIRK;;;N;998;556;442;0;401;6;395;401;2;399;1983;383;99;163;13;21;81;6;;;;;749;375;113;199;62;;;;;;;128;73;12;3;8;26;6;;;;;35;7;2;7;12;6;1;;;;;99;57;12;14;16;;;;;;;478;342;136;;;111;72;39;;;;;;;;;;;
Bezirk Eimsbüttel;Wahlkreis 6 - Eidelstedt - Stellingen - Eimsbüttel-West;Eimsbüttel WK6;30303;STIMMBEZIRK;;;N;834;506;328;0;324;2;322;324;6;318;1574;492;122;187;39;34;95;15;;;;;429;205;76;95;53;;;;;;;168;80;15;8;5;58;2;;;;;23;10;0;0;6;5;2;;;;;55;22;6;15;12;;;;;;;300;219;81;;;107;67;40;;;;;;;;;;;
Bezirk Eimsbüttel;Wahlkreis 6 - Eidelstedt - Stellingen - Eimsbüttel-West;Eimsbüttel WK6;30304;STIMMBEZIRK;;;N;853;541;312;0;356;5;351;356;5;351;1749;460;120;223;25;17;59;16;;;;;621;321;81;135;84;;;;;;;158;97;13;5;8;31;4;;;;;42;8;3;2;13;10;6;;;;;83;55;15;10;3;;;;;;;323;244;79;;;62;40;22;;;;;;;;;;;
Bezirk Eimsbüttel;Wahlkreis 6 - Eidelstedt - Stellingen - Eimsbüttel-West;Eimsbüttel WK6;30305;STIMMBEZIRK;;;N;723;438;285;0;319;3;316;319;3;316;1573;345;98;137;40;10;51;9;;;;;506;261;92;112;41;;;;;;;217;118;17;5;12;59;6;;;;;15;1;0;5;7;2;0;;;;;98;54;10;26;8;;;;;;;343;251;92;;;49;35;14;;;;;;;;;;;
Bezirk Eimsbüttel;Wahlkreis 6 - Eidelstedt - Stellingen - Eimsbüttel-West;Eimsbüttel WK6;30306;STIMMBEZIRK;;;N;769;503;266;0;264;5;259;264;1;263;1294;340;104;112;28;18;70;8;;;;;392;176;78;87;51;;;;;;;125;57;12;8;6;37;5;;;;;39;9;3;8;4;8;7;;;;;58;35;10;7;6;;;;;;;258;185;73;;;82;41;41;;;;;;;;;;;
Bezirk Eimsbüttel;Wahlkreis 6 - Eidelstedt - Stellingen - Eimsbüttel-West;Eimsbüttel WK6;30401;STIMMBEZIRK;;;N;1071;628;443;0;413;10;403;413;2;411;2041;432;126;188;35;11;61;11;;;;;756;357;117;196;86;;;;;;;205;107;27;5;10;48;8;;;;;39;19;0;4;5;4;7;;;;;98;56;20;13;9;;;;;;;459;367;92;;;52;36;16;;;;;;;;;;;
Bezirk Eimsbüttel;Wahlkreis 6 - Eidelstedt - Stellingen - Eimsbüttel-West;Eimsbüttel WK6;30402;STIMMBEZIRK;;;N;980;660;320;0;388;7;381;387;13;374;1858;504;136;220;38;25;77;8;;;;;646;301;122;152;71;;;;;;;150;81;8;9;15;23;14;;;;;8;0;0;0;5;3;0;;;;;69;34;9;15;11;;;;;;;396;317;79;;;85;39;46;;;;;;;;;;;
Bezirk Eimsbüttel;Wahlkreis 6 - Eidelstedt - Stellingen - Eimsbüttel-West;Eimsbüttel WK6;30403;STIMMBEZIRK;;;N;1024;668;356;0;482;4;478;482;6;476;2367;496;154;210;34;17;64;17;;;;;920;387;168;250;115;;;;;;;133;59;12;7;2;48;5;;;;;29;8;3;8;7;2;1;;;;;89;60;9;11;9;;;;;;;619;470;149;;;81;38;43;;;;;;;;;;;
Bezirk Eimsbüttel;Wahlkreis 6 - Eidelstedt - Stellingen - Eimsbüttel-West;Eimsbüttel WK6;30405;STIMMBEZIRK;;;N;920;623;297;0;392;4;388;388;6;382;1891;458;99;194;43;24;80;18;;;;;530;250;96;120;64;;;;;;;179;97;19;11;16;32;4;;;;;28;8;0;9;3;6;2;;;;;118;71;11;18;18;;;;;;;450;314;136;;;128;62;66;;;;;;;;;;;
Bezirk Eimsbüttel;Wahlkreis 6 - Eidelstedt - Stellingen - Eimsbüttel-West;Eimsbüttel WK6;30406;STIMMBEZIRK;;;N;1011;695;316;0;379;5;374;379;7;372;1851;516;151;218;33;21;81;12;;;;;512;257;89;134;32;;;;;;;176;58;8;5;11;79;15;;;;;20;6;0;5;7;1;1;;;;;87;49;19;12;7;;;;;;;424;331;93;;;116;70;46;;;;;;;;;;;
Bezirk Eimsbüttel;Wahlkreis 6 - Eidelstedt - Stellingen - Eimsbüttel-West;Eimsbüttel WK6;3019901;BRIEFWAHLBEZIRK;;;N;0;0;0;0;674;674;0;674;1;673;3321;872;284;241;80;27;174;66;;;;;1301;554;235;366;146;;;;;;;374;168;27;12;32;117;18;;;;;71;15;4;28;15;5;4;;;;;155;83;15;35;22;;;;;;;451;294;157;;;97;50;47;;;;;;;;;;;
Bezirk Eimsbüttel;Wahlkreis 6 - Eidelstedt - Stellingen - Eimsbüttel-West;Eimsbüttel WK6;3019902;BRIEFWAHLBEZIRK;;;N;0;0;0;0;671;671;0;671;3;668;3333;777;192;292;65;31;182;15;;;;;1248;578;200;331;139;;;;;;;389;167;28;21;34;119;20;;;;;96;19;4;32;21;17;3;;;;;239;125;31;48;35;;;;;;;486;351;135;;;98;55;43;;;;;;;;;;;
Bezirk Eimsbüttel;Wahlkreis 6 - Eidelstedt - Stellingen - Eimsbüttel-West;Eimsbüttel WK6;3019903;BRIEFWAHLBEZIRK;;;N;0;0;0;0;671;671;0;671;2;669;3344;770;213;246;82;35;159;35;;;;;1220;502;215;366;137;;;;;;;402;194;30;14;34;123;7;;;;;86;24;8;19;8;23;4;;;;;272;150;26;83;13;;;;;;;485;320;165;;;109;44;65;;;;;;;;;;;
Bezirk Eimsbüttel;Wahlkreis 6 - Eidelstedt - Stellingen - Eimsbüttel-West;Eimsbüttel WK6;3019904;BRIEFWAHLBEZIRK;;;N;0;0;0;0;672;672;0;672;3;669;3332;630;180;200;76;33;120;21;;;;;1286;619;192;335;140;;;;;;;413;190;36;14;34;118;21;;;;;97;17;10;20;23;23;4;;;;;276;147;52;56;21;;;;;;;531;366;165;;;99;69;30;;;;;;;;;;;
Bezirk Eimsbüttel;Wahlkreis 6 - Eidelstedt - Stellingen - Eimsbüttel-West;Eimsbüttel WK6;3019905;BRIEFWAHLBEZIRK;;;N;0;0;0;0;471;471;0;471;2;469;2343;448;139;169;57;17;57;9;;;;;934;406;190;248;90;;;;;;;250;117;15;12;21;81;4;;;;;45;14;1;2;7;14;7;;;;;146;89;19;30;8;;;;;;;473;338;135;;;47;37;10;;;;;;;;;;;
Bezirk Eimsbüttel;Wahlkreis 6 - Eidelstedt - Stellingen - Eimsbüttel-West;Eimsbüttel WK6;3019906;BRIEFWAHLBEZIRK;;;N;0;0;0;0;669;669;0;667;3;664;3309;617;181;243;52;28;96;17;;;;;1396;601;233;418;144;;;;;;;249;116;26;13;27;55;12;;;;;81;14;3;12;34;13;5;;;;;202;121;26;34;21;;;;;;;694;485;209;;;70;35;35;;;;;;;;;;;
Bezirk Eimsbüttel;Wahlkreis 6 - Eidelstedt - Stellingen - Eimsbüttel-West;Eimsbüttel WK6;3019907;BRIEFWAHLBEZIRK;;;N;0;0;0;0;695;695;0;677;6;671;3328;700;270;245;60;19;87;19;;;;;1201;503;217;341;140;;;;;;;398;234;34;8;22;89;11;;;;;102;30;5;23;18;23;3;;;;;313;179;51;42;41;;;;;;;539;397;142;;;75;43;32;;;;;;;;;;;
Bezirk Eimsbüttel;Wahlkreis 6 - Eidelstedt - Stellingen - Eimsbüttel-West;Eimsbüttel WK6;3019908;BRIEFWAHLBEZIRK;;;N;0;0;0;0;673;673;0;672;1;671;3355;699;220;251;72;24;104;28;;;;;1273;557;237;334;145;;;;;;;333;162;30;6;30;95;10;;;;;63;9;5;22;15;8;4;;;;;335;208;39;54;34;;;;;;;572;394;178;;;80;39;41;;;;;;;;;;;
Bezirk Eimsbüttel;Wahlkreis 6 - Eidelstedt - Stellingen - Eimsbüttel-West;Eimsbüttel WK6;3019909;BRIEFWAHLBEZIRK;;;N;0;0;0;0;679;679;0;676;1;675;3364;685;195;232;71;35;135;17;;;;;1217;522;195;371;129;;;;;;;287;135;30;9;24;82;7;;;;;119;36;5;24;26;23;5;;;;;352;220;38;55;39;;;;;;;663;466;197;;;41;15;26;;;;;;;;;;;
Bezirk Eimsbüttel;Wahlkreis 6 - Eidelstedt - Stellingen - Eimsbüttel-West;Eimsbüttel WK6;3019910;BRIEFWAHLBEZIRK;;;N;0;0;0;0;514;514;0;514;22;492;2452;484;129;193;42;33;71;16;;;;;956;407;155;278;116;;;;;;;245;106;14;18;20;78;9;;;;;82;13;1;23;11;25;9;;;;;202;127;32;31;12;;;;;;;448;309;139;;;35;19;16;;;;;;;;;;;
Bezirk Eimsbüttel;Wahlkreis 6 - Eidelstedt - Stellingen - Eimsbüttel-West;Eidelstedt;32001;STIMMBEZIRK;;;N;1195;974;221;0;280;1;279;280;10;270;1324;520;254;89;52;31;69;25;;;;;146;57;16;49;24;;;;;;;200;142;19;9;12;14;4;;;;;39;14;2;4;6;7;6;;;;;42;17;18;5;2;;;;;;;229;169;60;;;148;97;51;;;;;;;;;;;
Bezirk Eimsbüttel;Wahlkreis 6 - Eidelstedt - Stellingen - Eimsbüttel-West;Eidelstedt;32002;STIMMBEZIRK;;;N;1058;734;324;0;488;2;486;488;4;484;2393;729;451;86;56;29;69;38;;;;;453;228;46;100;79;;;;;;;591;465;26;12;40;34;14;;;;;30;21;2;3;4;0;0;;;;;66;28;3;21;14;;;;;;;326;233;93;;;198;119;79;;;;;;;;;;;
Bezirk Eimsbüttel;Wahlkreis 6 - Eidelstedt - Stellingen - Eimsbüttel-West;Eidelstedt;32003;STIMMBEZIRK;;;N;1329;930;399;0;558;5;553;558;10;548;2702;886;545;135;49;32;104;21;;;;;554;250;75;142;87;;;;;;;573;426;40;24;32;35;16;;;;;96;52;7;22;3;8;4;;;;;108;62;24;9;13;;;;;;;290;231;59;;;195;115;80;;;;;;;;;;;
Bezirk Eimsbüttel;Wahlkreis 6 - Eidelstedt - Stellingen - Eimsbüttel-West;Eidelstedt;32005;STIMMBEZIRK;;;N;963;750;213;0;449;4;445;449;6;443;2193;710;396;88;58;44;92;32;;;;;393;166;53;79;95;;;;;;;405;259;28;23;28;47;20;;;;;38;23;1;6;1;7;0;;;;;69;24;15;15;15;;;;;;;307;249;58;;;271;153;118;;;;;;;;;;;
Bezirk Eimsbüttel;Wahlkreis 6 - Eidelstedt - Stellingen - Eimsbüttel-West;Eidelstedt;32006;STIMMBEZIRK;;;N;1024;763;261;0;396;7;389;396;8;388;1927;601;392;71;29;27;59;23;;;;;349;174;37;63;75;;;;;;;334;233;41;13;19;20;8;;;;;35;22;2;2;1;8;0;;;;;53;30;10;7;6;;;;;;;341;279;62;;;214;141;73;;;;;;;;;;;
Bezirk Eimsbüttel;Wahlkreis 6 - Eidelstedt - Stellingen - Eimsbüttel-West;Eidelstedt;32007;STIMMBEZIRK;;;N;1008;742;266;0;364;2;362;364;10;354;1749;604;408;54;42;27;49;24;;;;;158;61;29;33;35;;;;;;;324;247;19;18;17;17;6;;;;;22;17;2;0;0;2;1;;;;;76;41;18;7;10;;;;;;;302;257;45;;;263;160;103;;;;;;;;;;;
Bezirk Eimsbüttel;Wahlkreis 6 - Eidelstedt - Stellingen - Eimsbüttel-West;Eidelstedt;32008;STIMMBEZIRK;;;N;918;676;242;0;366;5;361;366;11;355;1748;639;377;89;46;18;85;24;;;;;245;124;34;44;43;;;;;;;304;213;11;22;25;27;6;;;;;35;21;5;2;0;1;6;;;;;41;20;4;8;9;;;;;;;239;191;48;;;245;123;122;;;;;;;;;;;
Bezirk Eimsbüttel;Wahlkreis 6 - Eidelstedt - Stellingen - Eimsbüttel-West;Eidelstedt;32009;STIMMBEZIRK;;;N;940;674;266;0;378;3;375;378;6;372;1844;692;471;64;41;31;70;15;;;;;274;142;32;58;42;;;;;;;369;274;22;18;19;26;10;;;;;36;22;0;4;9;0;1;;;;;70;41;11;12;6;;;;;;;202;148;54;;;201;133;68;;;;;;;;;;;
Bezirk Eimsbüttel;Wahlkreis 6 - Eidelstedt - Stellingen - Eimsbüttel-West;Eidelstedt;32010;STIMMBEZIRK;;;N;1045;731;314;0;546;1;545;546;6;540;2678;892;615;90;51;30;78;28;;;;;614;230;78;139;167;;;;;;;609;524;26;8;20;20;11;;;;;66;53;2;3;3;3;2;;;;;52;22;5;17;8;;;;;;;287;213;74;;;158;104;54;;;;;;;;;;;
Bezirk Eimsbüttel;Wahlkreis 6 - Eidelstedt - Stellingen - Eimsbüttel-West;Eidelstedt;32011;STIMMBEZIRK;;;N;1054;693;361;0;501;8;493;500;11;489;2444;828;492;123;67;48;74;24;;;;;558;280;82;94;102;;;;;;;537;404;31;19;14;58;11;;;;;54;30;0;4;13;3;4;;;;;46;28;3;11;4;;;;;;;261;202;59;;;160;111;49;;;;;;;;;;;
Bezirk Eimsbüttel;Wahlkreis 6 - Eidelstedt - Stellingen - Eimsbüttel-West;Eidelstedt;32012;STIMMBEZIRK;;;N;1143;902;241;0;439;0;439;439;12;427;2099;746;452;84;44;48;92;26;;;;;287;143;23;64;57;;;;;;;319;228;8;23;20;33;7;;;;;30;21;1;3;2;2;1;;;;;58;28;7;19;4;;;;;;;314;224;90;;;345;223;122;;;;;;;;;;;
Bezirk Eimsbüttel;Wahlkreis 6 - Eidelstedt - Stellingen - Eimsbüttel-West;Eidelstedt;32013;STIMMBEZIRK;;;N;1071;817;254;0;384;2;382;384;21;363;1789;585;373;87;41;24;54;6;;;;;224;103;34;49;38;;;;;;;315;229;24;25;10;17;10;;;;;37;20;1;5;2;2;7;;;;;48;18;3;21;6;;;;;;;215;158;57;;;365;228;137;;;;;;;;;;;
Bezirk Eimsbüttel;Wahlkreis 6 - Eidelstedt - Stellingen - Eimsbüttel-West;Eidelstedt;32014;STIMMBEZIRK;;;N;1140;832;308;0;336;0;336;336;7;329;1634;622;361;66;43;47;88;17;;;;;169;80;22;45;22;;;;;;;316;207;11;26;41;18;13;;;;;17;10;2;1;0;1;3;;;;;47;17;15;9;6;;;;;;;205;152;53;;;258;150;108;;;;;;;;;;;
Bezirk Eimsbüttel;Wahlkreis 6 - Eidelstedt - Stellingen - Eimsbüttel-West;Eidelstedt;32015;STIMMBEZIRK;;;N;990;697;293;0;412;3;409;411;11;400;1978;593;329;112;61;25;45;21;;;;;368;181;38;72;77;;;;;;;363;217;32;20;36;37;21;;;;;53;30;14;5;2;0;2;;;;;73;31;9;22;11;;;;;;;319;251;68;;;209;132;77;;;;;;;;;;;
Bezirk Eimsbüttel;Wahlkreis 6 - Eidelstedt - Stellingen - Eimsbüttel-West;Eidelstedt;32016;STIMMBEZIRK;;;N;979;754;225;0;395;1;394;394;10;384;1906;720;473;82;40;28;64;33;;;;;259;119;34;48;58;;;;;;;284;222;8;14;20;15;5;;;;;26;16;1;6;2;0;1;;;;;34;16;9;4;5;;;;;;;285;233;52;;;298;194;104;;;;;;;;;;;
Bezirk Eimsbüttel;Wahlkreis 6 - Eidelstedt - Stellingen - Eimsbüttel-West;Eidelstedt;32017;STIMMBEZIRK;;;N;1190;903;287;0;367;3;364;364;6;358;1751;609;406;67;49;28;43;16;;;;;221;114;26;43;38;;;;;;;322;240;20;21;15;15;11;;;;;25;13;0;5;0;0;7;;;;;37;20;6;4;7;;;;;;;277;234;43;;;260;163;97;;;;;;;;;;;
Bezirk Eimsbüttel;Wahlkreis 6 - Eidelstedt - Stellingen - Eimsbüttel-West;Eidelstedt;32018;STIMMBEZIRK;;;N;983;737;246;0;425;3;422;422;13;409;1998;700;455;87;35;35;59;29;;;;;307;133;39;61;74;;;;;;;428;269;36;25;33;47;18;;;;;44;13;9;10;6;5;1;;;;;41;25;7;4;5;;;;;;;227;180;47;;;251;150;101;;;;;;;;;;;
Bezirk Eimsbüttel;Wahlkreis 6 - Eidelstedt - Stellingen - Eimsbüttel-West;Eidelstedt;32019;STIMMBEZIRK;;;N;1127;832;295;0;465;4;461;465;18;447;2209;750;479;91;44;33;77;26;;;;;334;150;62;63;59;;;;;;;512;397;34;16;29;21;15;;;;;7;1;0;6;0;0;0;;;;;62;15;21;9;17;;;;;;;238;186;52;;;306;188;118;;;;;;;;;;;
Bezirk Eimsbüttel;Wahlkreis 6 - Eidelstedt - Stellingen - Eimsbüttel-West;Eidelstedt;32020;STIMMBEZIRK;;;N;1074;839;235;0;367;1;366;367;15;352;1742;626;375;77;40;18;87;29;;;;;180;92;24;27;37;;;;;;;343;237;25;28;31;10;12;;;;;37;13;11;2;1;7;3;;;;;67;52;7;5;3;;;;;;;282;217;65;;;207;124;83;;;;;;;;;;;
Bezirk Eimsbüttel;Wahlkreis 6 - Eidelstedt - Stellingen - Eimsbüttel-West;Eidelstedt;32021;STIMMBEZIRK;;;N;1171;807;364;0;378;3;375;378;15;363;1787;669;402;80;63;27;68;29;;;;;254;131;26;48;49;;;;;;;347;241;19;25;15;34;13;;;;;18;13;1;1;0;1;2;;;;;51;20;11;12;8;;;;;;;250;209;41;;;198;118;80;;;;;;;;;;;
Bezirk Eimsbüttel;Wahlkreis 6 - Eidelstedt - Stellingen - Eimsbüttel-West;Eidelstedt;32022;STIMMBEZIRK;;;N;957;708;249;0;290;5;285;290;16;274;1334;402;213;61;28;27;55;18;;;;;183;83;25;33;42;;;;;;;243;177;12;7;18;14;15;;;;;51;37;4;1;6;0;3;;;;;56;36;8;10;2;;;;;;;136;106;30;;;263;106;157;;;;;;;;;;;
Bezirk Eimsbüttel;Wahlkreis 6 - Eidelstedt - Stellingen - Eimsbüttel-West;Eidelstedt;32025;STIMMBEZIRK;;;N;870;659;211;0;311;2;309;311;11;300;1492;549;355;61;42;16;58;17;;;;;157;86;23;23;25;;;;;;;342;269;19;8;14;19;13;;;;;40;19;3;8;8;1;1;;;;;42;13;15;10;4;;;;;;;126;104;22;;;236;143;93;;;;;;;;;;;
Bezirk Eimsbüttel;Wahlkreis 6 - Eidelstedt - Stellingen - Eimsbüttel-West;Eidelstedt;3209901;BRIEFWAHLBEZIRK;;;N;0;0;0;0;578;578;0;576;4;572;2821;1285;774;149;98;53;167;44;;;;;562;232;88;103;139;;;;;;;512;318;25;30;53;69;17;;;;;44;16;2;6;7;7;6;;;;;93;47;13;14;19;;;;;;;167;141;26;;;158;107;51;;;;;;;;;;;
Bezirk Eimsbüttel;Wahlkreis 6 - Eidelstedt - Stellingen - Eimsbüttel-West;Eidelstedt;3209902;BRIEFWAHLBEZIRK;;;N;0;0;0;0;569;569;0;567;10;557;2780;1019;591;123;67;33;152;53;;;;;407;153;61;87;106;;;;;;;650;427;54;39;42;54;34;;;;;50;15;8;8;7;5;7;;;;;132;77;14;22;19;;;;;;;220;157;63;;;302;161;141;;;;;;;;;;;
Bezirk Eimsbüttel;Wahlkreis 6 - Eidelstedt - Stellingen - Eimsbüttel-West;Eidelstedt;3209903;BRIEFWAHLBEZIRK;;;N;0;0;0;0;596;596;0;595;4;591;2941;1115;609;147;87;38;184;50;;;;;376;159;52;89;76;;;;;;;792;523;45;27;38;116;43;;;;;61;34;3;10;9;3;2;;;;;96;36;19;24;17;;;;;;;288;221;67;;;213;130;83;;;;;;;;;;;
Bezirk Eimsbüttel;Wahlkreis 6 - Eidelstedt - Stellingen - Eimsbüttel-West;Eidelstedt;3209904;BRIEFWAHLBEZIRK;;;N;0;0;0;0;553;553;0;550;3;547;2719;1062;611;132;82;38;167;32;;;;;469;185;63;113;108;;;;;;;554;312;51;39;37;80;35;;;;;70;44;7;5;3;9;2;;;;;88;43;12;13;20;;;;;;;283;219;64;;;193;120;73;;;;;;;;;;;
Bezirk Eimsbüttel;Wahlkreis 6 - Eidelstedt - Stellingen - Eimsbüttel-West;Eidelstedt;3209905;BRIEFWAHLBEZIRK;;;N;0;0;0;0;595;595;0;593;3;590;2934;1115;590;152;73;55;195;50;;;;;359;193;39;63;64;;;;;;;684;373;55;46;66;96;48;;;;;101;44;9;14;6;17;11;;;;;178;90;23;48;17;;;;;;;265;194;71;;;232;143;89;;;;;;;;;;;
Bezirk Eimsbüttel;Wahlkreis 6 - Eidelstedt - Stellingen - Eimsbüttel-West;Eidelstedt;3209906;BRIEFWAHLBEZIRK;;;N;0;0;0;0;600;600;0;600;8;592;2904;898;419;126;113;52;150;38;;;;;564;240;84;120;120;;;;;;;557;343;35;46;34;74;25;;;;;90;35;5;19;14;11;6;;;;;141;58;22;30;31;;;;;;;424;331;93;;;230;139;91;;;;;;;;;;;
Bezirk Eimsbüttel;Wahlkreis 6 - Eidelstedt - Stellingen - Eimsbüttel-West;Eidelstedt;3209907;BRIEFWAHLBEZIRK;;;N;0;0;0;0;597;597;0;597;8;589;2931;975;555;134;77;50;134;25;;;;;549;248;88;107;106;;;;;;;709;402;44;40;89;111;23;;;;;101;31;9;25;12;10;14;;;;;164;89;19;29;27;;;;;;;274;232;42;;;159;100;59;;;;;;;;;;;
Bezirk Eimsbüttel;Wahlkreis 6 - Eidelstedt - Stellingen - Eimsbüttel-West;Eidelstedt;3209908;BRIEFWAHLBEZIRK;;;N;0;0;0;0;596;596;0;596;6;590;2936;1137;606;173;89;56;147;66;;;;;469;198;69;127;75;;;;;;;533;352;36;32;30;66;17;;;;;110;34;14;34;6;20;2;;;;;158;63;24;41;30;;;;;;;335;244;91;;;194;122;72;;;;;;;;;;;
Bezirk Eimsbüttel;Wahlkreis 6 - Eidelstedt - Stellingen - Eimsbüttel-West;Eidelstedt;3209909;BRIEFWAHLBEZIRK;;;N;0;0;0;0;597;597;0;597;10;587;2929;993;485;120;120;60;169;39;;;;;417;171;58;99;89;;;;;;;500;291;55;34;34;58;28;;;;;160;74;4;25;22;16;19;;;;;158;91;16;34;17;;;;;;;462;347;115;;;239;144;95;;;;;;;;;;;
Bezirk Eimsbüttel;Wahlkreis 6 - Eidelstedt - Stellingen - Eimsbüttel-West;Eidelstedt;3209910;BRIEFWAHLBEZIRK;;;N;0;0;0;0;305;305;0;304;5;299;1492;521;252;89;46;42;63;29;;;;;291;135;36;70;50;;;;;;;256;154;29;20;16;32;5;;;;;26;11;1;5;4;3;2;;;;;68;29;7;23;9;;;;;;;207;162;45;;;123;74;49;;;;;;;;;;;
Bezirk Eimsbüttel;Wahlkreis 6 - Eidelstedt - Stellingen - Eimsbüttel-West;Stellingen;32101;STIMMBEZIRK;;;N;1120;706;414;0;487;10;477;487;6;481;2384;672;265;150;114;18;62;63;;;;;567;298;95;126;48;;;;;;;516;326;60;15;27;63;25;;;;;53;22;3;14;1;10;3;;;;;146;84;23;25;14;;;;;;;326;243;83;;;104;77;27;;;;;;;;;;;
Bezirk Eimsbüttel;Wahlkreis 6 - Eidelstedt - Stellingen - Eimsbüttel-West;Stellingen;32102;STIMMBEZIRK;;;N;1114;722;392;0;463;5;458;463;7;456;2280;642;238;137;123;30;81;33;;;;;641;269;93;200;79;;;;;;;277;146;60;6;5;48;12;;;;;33;9;4;8;4;6;2;;;;;94;45;8;37;4;;;;;;;447;361;86;;;146;91;55;;;;;;;;;;;
Bezirk Eimsbüttel;Wahlkreis 6 - Eidelstedt - Stellingen - Eimsbüttel-West;Stellingen;32103;STIMMBEZIRK;;;N;1148;685;463;0;478;8;470;478;3;475;2359;595;196;182;70;37;78;32;;;;;905;449;131;253;72;;;;;;;258;139;27;7;16;53;16;;;;;27;7;4;9;4;2;1;;;;;96;57;8;27;4;;;;;;;391;298;93;;;87;49;38;;;;;;;;;;;
Bezirk Eimsbüttel;Wahlkreis 6 - Eidelstedt - Stellingen - Eimsbüttel-West;Stellingen;32104;STIMMBEZIRK;;;N;1131;703;428;0;518;8;510;518;9;509;2533;667;256;195;86;25;85;20;;;;;963;459;171;234;99;;;;;;;283;172;43;7;13;39;9;;;;;53;9;5;22;8;7;2;;;;;92;58;12;15;7;;;;;;;380;309;71;;;95;46;49;;;;;;;;;;;
Bezirk Eimsbüttel;Wahlkreis 6 - Eidelstedt - Stellingen - Eimsbüttel-West;Stellingen;32105;STIMMBEZIRK;;;N;1009;728;281;0;515;10;505;515;10;505;2507;675;262;161;91;43;55;63;;;;;710;342;131;158;79;;;;;;;413;241;59;14;17;57;25;;;;;34;23;0;5;0;0;6;;;;;75;30;10;24;11;;;;;;;464;345;119;;;136;94;42;;;;;;;;;;;
Bezirk Eimsbüttel;Wahlkreis 6 - Eidelstedt - Stellingen - Eimsbüttel-West;Stellingen;32106;STIMMBEZIRK;;;N;995;754;241;0;433;5;428;433;17;416;2072;665;231;135;139;28;71;61;;;;;463;237;65;119;42;;;;;;;311;180;59;5;21;41;5;;;;;46;18;3;9;3;12;1;;;;;67;26;21;11;9;;;;;;;370;265;105;;;150;88;62;;;;;;;;;;;
Bezirk Eimsbüttel;Wahlkreis 6 - Eidelstedt - Stellingen - Eimsbüttel-West;Stellingen;32107;STIMMBEZIRK;;;N;1217;835;382;0;475;5;470;475;19;456;2245;778;302;106;178;36;98;58;;;;;343;140;51;107;45;;;;;;;334;184;52;13;26;49;10;;;;;42;8;7;11;4;6;6;;;;;91;30;8;41;12;;;;;;;382;300;82;;;275;180;95;;;;;;;;;;;
Bezirk Eimsbüttel;Wahlkreis 6 - Eidelstedt - Stellingen - Eimsbüttel-West;Stellingen;32108;STIMMBEZIRK;;;N;940;674;266;0;339;2;337;337;4;333;1651;509;150;83;141;36;61;38;;;;;324;150;39;107;28;;;;;;;357;195;62;22;16;43;19;;;;;32;9;3;11;2;7;0;;;;;52;29;3;18;2;;;;;;;267;220;47;;;110;67;43;;;;;;;;;;;
Bezirk Eimsbüttel;Wahlkreis 6 - Eidelstedt - Stellingen - Eimsbüttel-West;Stellingen;32109;STIMMBEZIRK;;;N;861;617;244;0;311;0;311;311;5;306;1506;453;182;68;114;18;27;44;;;;;281;127;46;61;47;;;;;;;280;175;50;3;7;16;29;;;;;44;17;5;12;7;2;1;;;;;67;27;9;28;3;;;;;;;271;212;59;;;110;74;36;;;;;;;;;;;
Bezirk Eimsbüttel;Wahlkreis 6 - Eidelstedt - Stellingen - Eimsbüttel-West;Stellingen;32110;STIMMBEZIRK;;;N;651;439;212;0;261;5;256;261;4;257;1270;516;192;65;135;26;48;50;;;;;190;98;30;37;25;;;;;;;218;112;39;4;7;36;20;;;;;42;11;5;11;12;0;3;;;;;10;4;2;4;0;;;;;;;174;131;43;;;120;66;54;;;;;;;;;;;
Bezirk Eimsbüttel;Wahlkreis 6 - Eidelstedt - Stellingen - Eimsbüttel-West;Stellingen;32111;STIMMBEZIRK;;;N;1043;729;314;0;403;9;394;403;9;394;1960;701;275;97;188;35;41;65;;;;;374;200;68;71;35;;;;;;;325;220;43;7;15;25;15;;;;;45;29;0;5;7;4;0;;;;;49;21;16;7;5;;;;;;;283;229;54;;;183;93;90;;;;;;;;;;;
Bezirk Eimsbüttel;Wahlkreis 6 - Eidelstedt - Stellingen - Eimsbüttel-West;Stellingen;32112;STIMMBEZIRK;;;N;918;707;211;0;406;5;401;406;10;396;1956;637;292;79;132;25;72;37;;;;;325;185;37;74;29;;;;;;;417;251;64;25;23;41;13;;;;;20;8;3;1;1;5;2;;;;;89;30;10;30;19;;;;;;;265;223;42;;;203;122;81;;;;;;;;;;;
Bezirk Eimsbüttel;Wahlkreis 6 - Eidelstedt - Stellingen - Eimsbüttel-West;Stellingen;32113;STIMMBEZIRK;;;N;1318;829;489;0;547;2;545;547;14;533;2625;816;288;129;172;47;107;73;;;;;562;231;80;186;65;;;;;;;492;281;67;31;36;52;25;;;;;49;11;4;10;9;8;7;;;;;95;48;11;21;15;;;;;;;414;325;89;;;197;124;73;;;;;;;;;;;
Bezirk Eimsbüttel;Wahlkreis 6 - Eidelstedt - Stellingen - Eimsbüttel-West;Stellingen;32115;STIMMBEZIRK;;;N;1181;710;471;0;400;10;390;400;7;393;1951;387;82;136;71;14;63;21;;;;;658;302;109;178;69;;;;;;;156;88;12;2;3;45;6;;;;;52;16;5;15;9;5;2;;;;;53;20;10;17;6;;;;;;;528;420;108;;;117;48;69;;;;;;;;;;;
Bezirk Eimsbüttel;Wahlkreis 6 - Eidelstedt - Stellingen - Eimsbüttel-West;Stellingen;32117;STIMMBEZIRK;;;N;1032;784;248;0;443;5;438;443;13;430;2069;780;310;96;145;37;113;79;;;;;343;137;62;102;42;;;;;;;289;162;68;8;9;35;7;;;;;11;2;1;0;5;2;1;;;;;43;21;7;12;3;;;;;;;378;277;101;;;225;113;112;;;;;;;;;;;
Bezirk Eimsbüttel;Wahlkreis 6 - Eidelstedt - Stellingen - Eimsbüttel-West;Stellingen;32118;STIMMBEZIRK;;;N;1352;1015;337;0;525;5;520;525;11;514;2533;803;284;143;145;41;95;95;;;;;626;329;82;154;61;;;;;;;342;186;56;11;21;49;19;;;;;45;25;2;7;2;9;0;;;;;103;53;15;25;10;;;;;;;435;347;88;;;179;88;91;;;;;;;;;;;
Bezirk Eimsbüttel;Wahlkreis 6 - Eidelstedt - Stellingen - Eimsbüttel-West;Stellingen;32120;STIMMBEZIRK;;;N;1238;864;374;0;496;7;489;496;8;488;2416;713;270;115;127;46;94;61;;;;;475;214;86;113;62;;;;;;;467;313;57;20;10;54;13;;;;;31;12;2;13;0;4;0;;;;;85;27;21;26;11;;;;;;;453;353;100;;;192;121;71;;;;;;;;;;;
Bezirk Eimsbüttel;Wahlkreis 6 - Eidelstedt - Stellingen - Eimsbüttel-West;Stellingen;32121;STIMMBEZIRK;;;N;525;374;151;0;179;1;178;179;5;174;866;262;122;31;51;11;36;11;;;;;136;66;12;42;16;;;;;;;168;91;28;9;6;28;6;;;;;13;0;7;0;6;0;0;;;;;18;7;8;2;1;;;;;;;134;100;34;;;135;82;53;;;;;;;;;;;
Bezirk Eimsbüttel;Wahlkreis 6 - Eidelstedt - Stellingen - Eimsbüttel-West;Stellingen;3219901;BRIEFWAHLBEZIRK;;;N;0;0;0;0;623;623;0;623;11;612;3060;1071;379;171;231;43;142;105;;;;;801;334;179;215;73;;;;;;;525;300;60;22;35;71;37;;;;;76;24;7;24;13;7;1;;;;;163;73;29;44;17;;;;;;;239;181;58;;;185;112;73;;;;;;;;;;;
Bezirk Eimsbüttel;Wahlkreis 6 - Eidelstedt - Stellingen - Eimsbüttel-West;Stellingen;3219902;BRIEFWAHLBEZIRK;;;N;0;0;0;0;614;614;0;611;5;606;3024;948;387;187;147;36;112;79;;;;;746;322;170;175;79;;;;;;;588;265;79;18;51;134;41;;;;;59;23;10;6;6;6;8;;;;;183;95;19;45;24;;;;;;;269;193;76;;;231;126;105;;;;;;;;;;;
Bezirk Eimsbüttel;Wahlkreis 6 - Eidelstedt - Stellingen - Eimsbüttel-West;Stellingen;3219903;BRIEFWAHLBEZIRK;;;N;0;0;0;0;632;632;0;631;5;626;3113;987;371;157;194;32;126;107;;;;;797;393;141;184;79;;;;;;;539;278;66;22;34;97;42;;;;;86;25;9;22;13;12;5;;;;;243;91;34;97;21;;;;;;;315;237;78;;;146;109;37;;;;;;;;;;;
Bezirk Eimsbüttel;Wahlkreis 6 - Eidelstedt - Stellingen - Eimsbüttel-West;Stellingen;3219904;BRIEFWAHLBEZIRK;;;N;0;0;0;0;610;610;0;610;12;598;2973;895;312;130;191;40;150;72;;;;;678;308;99;186;85;;;;;;;587;302;88;31;32;90;44;;;;;87;27;5;29;10;13;3;;;;;167;75;23;40;29;;;;;;;436;335;101;;;123;73;50;;;;;;;;;;;
Bezirk Eimsbüttel;Wahlkreis 6 - Eidelstedt - Stellingen - Eimsbüttel-West;Stellingen;3219905;BRIEFWAHLBEZIRK;;;N;0;0;0;0;639;639;0;636;2;634;3158;964;310;190;188;43;131;102;;;;;840;367;146;234;93;;;;;;;515;265;59;19;39;103;30;;;;;102;25;7;31;20;9;10;;;;;136;65;16;39;16;;;;;;;448;338;110;;;153;76;77;;;;;;;;;;;
Bezirk Eimsbüttel;Wahlkreis 6 - Eidelstedt - Stellingen - Eimsbüttel-West;Stellingen;3219906;BRIEFWAHLBEZIRK;;;N;0;0;0;0;618;618;0;618;10;608;3033;829;307;142;182;34;100;64;;;;;885;393;124;248;120;;;;;;;491;287;51;23;49;61;20;;;;;54;16;9;5;11;7;6;;;;;185;85;41;45;14;;;;;;;470;341;129;;;119;72;47;;;;;;;;;;;
Bezirk Eimsbüttel;Wahlkreis 6 - Eidelstedt - Stellingen - Eimsbüttel-West;Stellingen;3219907;BRIEFWAHLBEZIRK;;;N;0;0;0;0;636;636;0;634;7;627;3129;881;301;151;199;45;120;65;;;;;703;343;136;156;68;;;;;;;544;243;96;21;41;99;44;;;;;135;35;16;44;14;20;6;;;;;260;139;37;50;34;;;;;;;421;337;84;;;185;113;72;;;;;;;;;;;
Bezirk Eimsbüttel;Wahlkreis 6 - Eidelstedt - Stellingen - Eimsbüttel-West;Stellingen;3219908;BRIEFWAHLBEZIRK;;;N;0;0;0;0;632;632;0;632;10;622;3090;941;339;172;184;34;144;68;;;;;756;329;127;204;96;;;;;;;534;229;90;28;45;122;20;;;;;125;47;11;36;17;6;8;;;;;156;78;29;35;14;;;;;;;431;338;93;;;147;85;62;;;;;;;;;;;
Bezirk Eimsbüttel;Wahlkreis 6 - Eidelstedt - Stellingen - Eimsbüttel-West;Stellingen;3219909;BRIEFWAHLBEZIRK;;;N;0;0;0;0;436;436;0;436;2;434;2157;560;229;106;87;22;66;50;;;;;537;212;78;163;84;;;;;;;387;197;53;11;31;74;21;;;;;73;18;10;14;12;10;9;;;;;147;79;21;32;15;;;;;;;320;241;79;;;133;59;74;;;;;;;;;;;
Bezirk Eimsbüttel;Wahlkreis 7 - Lokstedt - Niendorf - Schnelsen;Lokstedt;31701;STIMMBEZIRK;;;N;1130;738;392;0;474;4;470;474;9;465;2154;797;450;213;70;64;;;;;;;576;384;101;76;15;;;;;;;147;15;49;22;61;;;;;;;225;131;66;28;;;;;;;;71;56;4;11;;;;;;;;309;170;139;;;29;29;;;;;;;;;;;;
Bezirk Eimsbüttel;Wahlkreis 7 - Lokstedt - Niendorf - Schnelsen;Lokstedt;31702;STIMMBEZIRK;;;N;1317;788;529;0;485;12;473;485;7;478;2374;811;408;274;75;54;;;;;;;700;410;175;79;36;;;;;;;379;183;54;28;114;;;;;;;144;88;36;20;;;;;;;;97;69;16;12;;;;;;;;191;86;105;;;52;52;;;;;;;;;;;;
Bezirk Eimsbüttel;Wahlkreis 7 - Lokstedt - Niendorf - Schnelsen;Lokstedt;31703;STIMMBEZIRK;;;N;1120;726;394;0;444;5;439;444;11;433;2154;619;299;194;81;45;;;;;;;651;404;99;112;36;;;;;;;269;115;46;36;72;;;;;;;92;61;14;17;;;;;;;;117;70;17;30;;;;;;;;342;206;136;;;64;64;;;;;;;;;;;;
Bezirk Eimsbüttel;Wahlkreis 7 - Lokstedt - Niendorf - Schnelsen;Lokstedt;31704;STIMMBEZIRK;;;N;1366;803;563;0;591;6;585;591;4;587;2917;822;366;315;92;49;;;;;;;789;489;164;96;40;;;;;;;754;395;61;68;230;;;;;;;135;82;32;21;;;;;;;;91;64;12;15;;;;;;;;249;143;106;;;77;77;;;;;;;;;;;;
Bezirk Eimsbüttel;Wahlkreis 7 - Lokstedt - Niendorf - Schnelsen;Lokstedt;31706;STIMMBEZIRK;;;N;1351;771;580;0;479;8;471;476;5;471;2341;574;326;159;49;40;;;;;;;705;417;179;82;27;;;;;;;427;193;54;49;131;;;;;;;167;106;33;28;;;;;;;;104;85;3;16;;;;;;;;306;194;112;;;58;58;;;;;;;;;;;;
Bezirk Eimsbüttel;Wahlkreis 7 - Lokstedt - Niendorf - Schnelsen;Lokstedt;31707;STIMMBEZIRK;;;N;1132;722;410;0;500;13;487;500;8;492;2452;720;406;180;72;62;;;;;;;713;444;153;83;33;;;;;;;360;187;30;39;104;;;;;;;93;29;37;27;;;;;;;;148;99;20;29;;;;;;;;353;174;179;;;65;65;;;;;;;;;;;;
Bezirk Eimsbüttel;Wahlkreis 7 - Lokstedt - Niendorf - Schnelsen;Lokstedt;31709;STIMMBEZIRK;;;N;1209;756;453;0;571;7;564;571;8;563;2798;727;393;184;81;69;;;;;;;996;621;228;114;33;;;;;;;418;230;71;47;70;;;;;;;137;92;32;13;;;;;;;;138;117;5;16;;;;;;;;326;174;152;;;56;56;;;;;;;;;;;;
Bezirk Eimsbüttel;Wahlkreis 7 - Lokstedt - Niendorf - Schnelsen;Lokstedt;31710;STIMMBEZIRK;;;N;1472;911;561;0;544;8;536;541;14;527;2604;957;581;210;67;99;;;;;;;585;344;114;87;40;;;;;;;426;222;56;41;107;;;;;;;194;146;32;16;;;;;;;;87;63;13;11;;;;;;;;307;181;126;;;48;48;;;;;;;;;;;;
Bezirk Eimsbüttel;Wahlkreis 7 - Lokstedt - Niendorf - Schnelsen;Lokstedt;31712;STIMMBEZIRK;;;N;1135;703;432;0;487;4;483;486;8;478;2377;806;462;194;103;47;;;;;;;645;410;139;70;26;;;;;;;411;209;72;38;92;;;;;;;186;114;48;24;;;;;;;;108;71;15;22;;;;;;;;196;80;116;;;25;25;;;;;;;;;;;;
Bezirk Eimsbüttel;Wahlkreis 7 - Lokstedt - Niendorf - Schnelsen;Lokstedt;31713;STIMMBEZIRK;;;N;1098;709;389;0;498;2;496;497;10;487;2396;797;360;328;66;43;;;;;;;734;478;140;69;47;;;;;;;433;228;63;42;100;;;;;;;81;40;29;12;;;;;;;;119;92;15;12;;;;;;;;193;98;95;;;39;39;;;;;;;;;;;;
Bezirk Eimsbüttel;Wahlkreis 7 - Lokstedt - Niendorf - Schnelsen;Lokstedt;31714;STIMMBEZIRK;;;N;1258;802;456;0;596;6;590;596;8;588;2938;978;558;307;73;40;;;;;;;911;468;334;82;27;;;;;;;368;210;51;31;76;;;;;;;221;136;40;45;;;;;;;;117;76;16;25;;;;;;;;290;152;138;;;53;53;;;;;;;;;;;;
Bezirk Eimsbüttel;Wahlkreis 7 - Lokstedt - Niendorf - Schnelsen;Lokstedt;31715;STIMMBEZIRK;;;N;1175;768;407;0;499;4;495;499;12;487;2432;677;387;216;51;23;;;;;;;582;383;106;62;31;;;;;;;519;315;63;30;111;;;;;;;286;179;62;45;;;;;;;;105;73;15;17;;;;;;;;236;131;105;;;27;27;;;;;;;;;;;;
Bezirk Eimsbüttel;Wahlkreis 7 - Lokstedt - Niendorf - Schnelsen;Lokstedt;31717;STIMMBEZIRK;;;N;1008;736;271;1;348;5;343;348;11;337;1662;504;181;222;40;61;;;;;;;401;254;81;53;13;;;;;;;234;97;44;29;64;;;;;;;93;64;14;15;;;;;;;;82;55;8;19;;;;;;;;297;165;132;;;51;51;;;;;;;;;;;;
Bezirk Eimsbüttel;Wahlkreis 7 - Lokstedt - Niendorf - Schnelsen;Lokstedt;31718;STIMMBEZIRK;;;N;1109;687;422;0;471;4;467;471;7;464;2296;730;404;235;43;48;;;;;;;568;318;169;60;21;;;;;;;416;208;80;34;94;;;;;;;138;100;19;19;;;;;;;;113;79;16;18;;;;;;;;316;159;157;;;15;15;;;;;;;;;;;;
Bezirk Eimsbüttel;Wahlkreis 7 - Lokstedt - Niendorf - Schnelsen;Lokstedt;31720;STIMMBEZIRK;;;N;1040;879;161;0;335;3;332;335;13;322;1593;602;260;172;77;93;;;;;;;160;75;60;24;1;;;;;;;156;67;25;13;51;;;;;;;131;81;29;21;;;;;;;;33;24;4;5;;;;;;;;508;220;288;;;3;3;;;;;;;;;;;;
Bezirk Eimsbüttel;Wahlkreis 7 - Lokstedt - Niendorf - Schnelsen;Lokstedt;31721;STIMMBEZIRK;;;N;1159;781;378;0;400;3;397;399;4;395;1926;551;259;160;79;53;;;;;;;497;255;117;96;29;;;;;;;219;120;35;27;37;;;;;;;145;99;29;17;;;;;;;;135;73;15;47;;;;;;;;337;169;168;;;42;42;;;;;;;;;;;;
Bezirk Eimsbüttel;Wahlkreis 7 - Lokstedt - Niendorf - Schnelsen;Lokstedt;31722;STIMMBEZIRK;;;N;1251;773;478;0;530;6;524;530;4;526;2619;781;362;321;67;31;;;;;;;649;414;130;77;28;;;;;;;589;279;84;64;162;;;;;;;105;78;14;13;;;;;;;;154;122;14;18;;;;;;;;278;155;123;;;63;63;;;;;;;;;;;;
Bezirk Eimsbüttel;Wahlkreis 7 - Lokstedt - Niendorf - Schnelsen;Lokstedt;31723;STIMMBEZIRK;;;N;1398;799;599;0;584;11;573;583;5;578;2871;848;375;355;63;55;;;;;;;906;548;180;138;40;;;;;;;511;260;93;45;113;;;;;;;127;86;23;18;;;;;;;;137;94;24;19;;;;;;;;292;154;138;;;50;50;;;;;;;;;;;;
Bezirk Eimsbüttel;Wahlkreis 7 - Lokstedt - Niendorf - Schnelsen;Lokstedt;3179901;BRIEFWAHLBEZIRK;;;N;0;0;0;0;573;573;0;571;2;569;2844;1042;561;281;99;101;;;;;;;574;319;131;90;34;;;;;;;709;338;105;96;170;;;;;;;105;60;21;24;;;;;;;;131;87;13;31;;;;;;;;216;84;132;;;67;67;;;;;;;;;;;;
Bezirk Eimsbüttel;Wahlkreis 7 - Lokstedt - Niendorf - Schnelsen;Lokstedt;3179902;BRIEFWAHLBEZIRK;;;N;0;0;0;0;596;596;0;596;1;595;2972;986;489;278;96;123;;;;;;;635;348;145;104;38;;;;;;;722;359;109;76;178;;;;;;;202;126;41;35;;;;;;;;178;137;14;27;;;;;;;;194;78;116;;;55;55;;;;;;;;;;;;
Bezirk Eimsbüttel;Wahlkreis 7 - Lokstedt - Niendorf - Schnelsen;Lokstedt;3179903;BRIEFWAHLBEZIRK;;;N;0;0;0;0;571;571;0;571;3;568;2825;902;489;230;78;105;;;;;;;580;328;123;93;36;;;;;;;759;343;116;95;205;;;;;;;156;108;39;9;;;;;;;;165;105;22;38;;;;;;;;140;74;66;;;123;123;;;;;;;;;;;;
Bezirk Eimsbüttel;Wahlkreis 7 - Lokstedt - Niendorf - Schnelsen;Lokstedt;3179904;BRIEFWAHLBEZIRK;;;N;0;0;0;0;573;573;0;573;4;569;2838;1031;475;302;104;150;;;;;;;691;414;160;80;37;;;;;;;656;306;79;66;205;;;;;;;96;66;18;12;;;;;;;;129;84;17;28;;;;;;;;158;89;69;;;77;77;;;;;;;;;;;;
Bezirk Eimsbüttel;Wahlkreis 7 - Lokstedt - Niendorf - Schnelsen;Lokstedt;3179905;BRIEFWAHLBEZIRK;;;N;0;0;0;0;576;576;0;574;4;570;2835;913;474;250;100;89;;;;;;;614;334;147;99;34;;;;;;;603;278;104;68;153;;;;;;;173;96;58;19;;;;;;;;196;127;36;33;;;;;;;;234;130;104;;;102;102;;;;;;;;;;;;
Bezirk Eimsbüttel;Wahlkreis 7 - Lokstedt - Niendorf - Schnelsen;Lokstedt;3179906;BRIEFWAHLBEZIRK;;;N;0;0;0;0;576;576;0;572;4;568;2834;852;399;252;87;114;;;;;;;684;419;133;89;43;;;;;;;609;280;115;63;151;;;;;;;131;86;22;23;;;;;;;;254;184;39;31;;;;;;;;194;97;97;;;110;110;;;;;;;;;;;;
Bezirk Eimsbüttel;Wahlkreis 7 - Lokstedt - Niendorf - Schnelsen;Lokstedt;3179907;BRIEFWAHLBEZIRK;;;N;0;0;0;0;534;534;0;532;5;527;2628;761;335;274;80;72;;;;;;;767;438;163;122;44;;;;;;;414;209;60;47;98;;;;;;;90;66;11;13;;;;;;;;147;103;12;32;;;;;;;;360;171;189;;;89;89;;;;;;;;;;;;
Bezirk Eimsbüttel;Wahlkreis 7 - Lokstedt - Niendorf - Schnelsen;Lokstedt;3179908;BRIEFWAHLBEZIRK;;;N;0;0;0;0;581;581;0;581;8;573;2864;852;468;218;78;88;;;;;;;731;430;146;118;37;;;;;;;562;250;64;79;169;;;;;;;104;66;30;8;;;;;;;;201;138;14;49;;;;;;;;312;166;146;;;102;102;;;;;;;;;;;;
Bezirk Eimsbüttel;Wahlkreis 7 - Lokstedt - Niendorf - Schnelsen;Lokstedt;3179909;BRIEFWAHLBEZIRK;;;N;0;0;0;0;573;573;0;572;5;567;2826;797;412;239;72;74;;;;;;;763;443;160;113;47;;;;;;;576;273;80;64;159;;;;;;;82;57;18;7;;;;;;;;263;192;30;41;;;;;;;;280;152;128;;;65;65;;;;;;;;;;;;
Bezirk Eimsbüttel;Wahlkreis 7 - Lokstedt - Niendorf - Schnelsen;Lokstedt;3179910;BRIEFWAHLBEZIRK;;;N;0;0;0;0;572;572;0;572;1;571;2845;777;369;264;74;70;;;;;;;759;439;165;123;32;;;;;;;514;218;47;67;182;;;;;;;117;76;23;18;;;;;;;;272;174;37;61;;;;;;;;275;172;103;;;131;131;;;;;;;;;;;;
Bezirk Eimsbüttel;Wahlkreis 7 - Lokstedt - Niendorf - Schnelsen;Lokstedt;3179911;BRIEFWAHLBEZIRK;;;N;0;0;0;0;574;574;0;574;4;570;2841;807;377;255;84;91;;;;;;;700;402;155;104;39;;;;;;;526;196;66;69;195;;;;;;;123;89;26;8;;;;;;;;215;147;24;44;;;;;;;;372;206;166;;;98;98;;;;;;;;;;;;
Bezirk Eimsbüttel;Wahlkreis 7 - Lokstedt - Niendorf - Schnelsen;Lokstedt;3179912;BRIEFWAHLBEZIRK;;;N;0;0;0;0;616;616;0;616;5;611;3050;917;470;274;119;54;;;;;;;862;548;158;108;48;;;;;;;522;223;78;71;150;;;;;;;110;80;12;18;;;;;;;;195;127;29;39;;;;;;;;352;194;158;;;92;92;;;;;;;;;;;;
Bezirk Eimsbüttel;Wahlkreis 7 - Lokstedt - Niendorf - Schnelsen;Lokstedt;3179913;BRIEFWAHLBEZIRK;;;N;0;0;0;0;360;360;0;360;5;355;1775;588;250;205;88;45;;;;;;;438;231;102;76;29;;;;;;;327;144;56;53;74;;;;;;;73;60;2;11;;;;;;;;128;81;12;35;;;;;;;;179;99;80;;;42;42;;;;;;;;;;;;
Bezirk Eimsbüttel;Wahlkreis 7 - Lokstedt - Niendorf - Schnelsen;Niendorf;31801;STIMMBEZIRK;;;N;1005;644;361;0;481;6;475;481;16;465;2305;952;801;82;38;31;;;;;;;359;222;57;66;14;;;;;;;609;293;67;48;201;;;;;;;184;138;31;15;;;;;;;;53;11;9;33;;;;;;;;123;86;37;;;25;25;;;;;;;;;;;;
Bezirk Eimsbüttel;Wahlkreis 7 - Lokstedt - Niendorf - Schnelsen;Niendorf;31802;STIMMBEZIRK;;;N;1094;726;368;0;513;1;512;513;11;502;2484;1084;902;96;48;38;;;;;;;381;195;69;82;35;;;;;;;538;281;61;43;153;;;;;;;283;192;55;36;;;;;;;;68;36;11;21;;;;;;;;113;60;53;;;17;17;;;;;;;;;;;;
Bezirk Eimsbüttel;Wahlkreis 7 - Lokstedt - Niendorf - Schnelsen;Niendorf;31803;STIMMBEZIRK;;;N;1043;643;400;0;412;4;408;411;6;405;1983;781;595;115;42;29;;;;;;;287;144;49;65;29;;;;;;;477;260;42;33;142;;;;;;;214;141;51;22;;;;;;;;33;21;8;4;;;;;;;;137;82;55;;;54;54;;;;;;;;;;;;
Bezirk Eimsbüttel;Wahlkreis 7 - Lokstedt - Niendorf - Schnelsen;Niendorf;31805;STIMMBEZIRK;;;N;1099;671;428;0;425;3;422;425;11;414;2048;760;659;59;22;20;;;;;;;368;217;37;85;29;;;;;;;453;235;60;26;132;;;;;;;189;152;19;18;;;;;;;;77;32;16;29;;;;;;;;167;95;72;;;34;34;;;;;;;;;;;;
Bezirk Eimsbüttel;Wahlkreis 7 - Lokstedt - Niendorf - Schnelsen;Niendorf;31806;STIMMBEZIRK;;;N;1014;686;328;0;366;4;362;365;9;356;1766;784;634;66;57;27;;;;;;;187;110;15;46;16;;;;;;;297;118;40;25;114;;;;;;;217;124;50;43;;;;;;;;52;37;9;6;;;;;;;;189;95;94;;;40;40;;;;;;;;;;;;
Bezirk Eimsbüttel;Wahlkreis 7 - Lokstedt - Niendorf - Schnelsen;Niendorf;31807;STIMMBEZIRK;;;N;1339;757;582;0;440;2;438;440;0;440;2140;724;526;153;27;18;;;;;;;375;237;60;59;19;;;;;;;463;230;49;34;150;;;;;;;208;145;38;25;;;;;;;;84;54;14;16;;;;;;;;220;105;115;;;66;66;;;;;;;;;;;;
Bezirk Eimsbüttel;Wahlkreis 7 - Lokstedt - Niendorf - Schnelsen;Niendorf;31808;STIMMBEZIRK;;;N;893;626;267;0;360;5;355;360;6;354;1758;610;479;79;37;15;;;;;;;359;208;71;66;14;;;;;;;327;195;37;23;72;;;;;;;205;134;29;42;;;;;;;;32;17;11;4;;;;;;;;176;74;102;;;49;49;;;;;;;;;;;;
Bezirk Eimsbüttel;Wahlkreis 7 - Lokstedt - Niendorf - Schnelsen;Niendorf;31809;STIMMBEZIRK;;;N;779;555;224;0;350;4;346;350;1;349;1586;713;523;91;74;25;;;;;;;213;110;36;47;20;;;;;;;362;183;56;37;86;;;;;;;162;120;22;20;;;;;;;;69;46;8;15;;;;;;;;40;23;17;;;27;27;;;;;;;;;;;;
Bezirk Eimsbüttel;Wahlkreis 7 - Lokstedt - Niendorf - Schnelsen;Niendorf;31810;STIMMBEZIRK;;;N;835;546;289;0;337;1;336;337;7;330;1643;634;541;54;26;13;;;;;;;322;166;51;83;22;;;;;;;362;198;42;22;100;;;;;;;117;77;21;19;;;;;;;;52;23;12;17;;;;;;;;144;86;58;;;12;12;;;;;;;;;;;;
Bezirk Eimsbüttel;Wahlkreis 7 - Lokstedt - Niendorf - Schnelsen;Niendorf;31811;STIMMBEZIRK;;;N;1139;698;441;0;480;3;477;480;11;469;2302;957;749;106;64;38;;;;;;;552;299;86;127;40;;;;;;;441;221;53;40;127;;;;;;;102;79;15;8;;;;;;;;72;32;17;23;;;;;;;;152;102;50;;;26;26;;;;;;;;;;;;
Bezirk Eimsbüttel;Wahlkreis 7 - Lokstedt - Niendorf - Schnelsen;Niendorf;31812;STIMMBEZIRK;;;N;1032;613;419;0;409;18;391;396;8;388;1933;754;638;74;18;24;;;;;;;352;212;49;73;18;;;;;;;374;190;43;21;120;;;;;;;137;94;26;17;;;;;;;;62;39;7;16;;;;;;;;210;109;101;;;44;44;;;;;;;;;;;;
Bezirk Eimsbüttel;Wahlkreis 7 - Lokstedt - Niendorf - Schnelsen;Niendorf;31813;STIMMBEZIRK;;;N;1096;724;372;0;518;3;515;518;10;508;2512;1041;849;106;40;46;;;;;;;500;256;73;135;36;;;;;;;470;250;54;27;139;;;;;;;221;147;34;40;;;;;;;;85;58;13;14;;;;;;;;155;95;60;;;40;40;;;;;;;;;;;;
Bezirk Eimsbüttel;Wahlkreis 7 - Lokstedt - Niendorf - Schnelsen;Niendorf;31814;STIMMBEZIRK;;;N;907;592;315;0;415;2;413;415;14;401;1997;903;756;55;67;25;;;;;;;285;160;35;55;35;;;;;;;484;262;45;61;116;;;;;;;161;113;26;22;;;;;;;;34;13;13;8;;;;;;;;107;63;44;;;23;23;;;;;;;;;;;;
Bezirk Eimsbüttel;Wahlkreis 7 - Lokstedt - Niendorf - Schnelsen;Niendorf;31815;STIMMBEZIRK;;;N;1113;751;362;0;498;6;492;498;5;493;2427;1012;845;85;38;44;;;;;;;472;219;126;98;29;;;;;;;481;271;61;38;111;;;;;;;184;148;19;17;;;;;;;;76;35;16;25;;;;;;;;159;103;56;;;43;43;;;;;;;;;;;;
Bezirk Eimsbüttel;Wahlkreis 7 - Lokstedt - Niendorf - Schnelsen;Niendorf;31817;STIMMBEZIRK;;;N;909;526;383;0;330;5;325;330;4;326;1601;637;546;57;23;11;;;;;;;296;144;45;89;18;;;;;;;276;119;29;9;119;;;;;;;140;96;23;21;;;;;;;;51;36;6;9;;;;;;;;165;73;92;;;36;36;;;;;;;;;;;;
Bezirk Eimsbüttel;Wahlkreis 7 - Lokstedt - Niendorf - Schnelsen;Niendorf;31818;STIMMBEZIRK;;;N;1027;696;331;0;404;3;401;404;9;395;1944;724;560;65;72;27;;;;;;;341;185;56;76;24;;;;;;;374;169;33;26;146;;;;;;;258;166;58;34;;;;;;;;78;25;23;30;;;;;;;;136;82;54;;;33;33;;;;;;;;;;;;
Bezirk Eimsbüttel;Wahlkreis 7 - Lokstedt - Niendorf - Schnelsen;Niendorf;31819;STIMMBEZIRK;;;N;1137;709;428;0;468;8;460;468;5;463;2315;1082;960;71;26;25;;;;;;;423;240;49;94;40;;;;;;;387;208;32;29;118;;;;;;;189;139;32;18;;;;;;;;67;20;16;31;;;;;;;;138;79;59;;;29;29;;;;;;;;;;;;
Bezirk Eimsbüttel;Wahlkreis 7 - Lokstedt - Niendorf - Schnelsen;Niendorf;31820;STIMMBEZIRK;;;N;922;578;344;0;362;3;359;362;4;358;1771;743;603;61;51;28;;;;;;;284;158;44;68;14;;;;;;;434;203;84;18;129;;;;;;;134;102;5;27;;;;;;;;59;32;16;11;;;;;;;;93;48;45;;;24;24;;;;;;;;;;;;
Bezirk Eimsbüttel;Wahlkreis 7 - Lokstedt - Niendorf - Schnelsen;Niendorf;31821;STIMMBEZIRK;;;N;1001;701;297;3;407;2;405;404;8;396;1966;792;654;73;43;22;;;;;;;231;112;38;64;17;;;;;;;468;280;42;35;111;;;;;;;161;117;22;22;;;;;;;;88;31;22;35;;;;;;;;194;124;70;;;32;32;;;;;;;;;;;;
Bezirk Eimsbüttel;Wahlkreis 7 - Lokstedt - Niendorf - Schnelsen;Niendorf;31822;STIMMBEZIRK;;;N;1019;625;394;0;410;5;405;410;13;397;1976;671;585;47;13;26;;;;;;;258;158;20;60;20;;;;;;;553;250;80;58;165;;;;;;;225;171;26;28;;;;;;;;53;26;18;9;;;;;;;;166;87;79;;;50;50;;;;;;;;;;;;
Bezirk Eimsbüttel;Wahlkreis 7 - Lokstedt - Niendorf - Schnelsen;Niendorf;31823;STIMMBEZIRK;;;N;1030;676;354;0;497;3;494;496;1;495;2378;973;812;83;60;18;;;;;;;396;210;71;80;35;;;;;;;551;279;77;41;154;;;;;;;197;152;18;27;;;;;;;;54;29;13;12;;;;;;;;148;89;59;;;59;59;;;;;;;;;;;;
Bezirk Eimsbüttel;Wahlkreis 7 - Lokstedt - Niendorf - Schnelsen;Niendorf;31824;STIMMBEZIRK;;;N;995;733;262;0;418;1;417;418;24;394;1918;920;782;65;40;33;;;;;;;142;60;23;45;14;;;;;;;322;145;29;30;118;;;;;;;276;176;40;60;;;;;;;;36;12;17;7;;;;;;;;201;97;104;;;21;21;;;;;;;;;;;;
Bezirk Eimsbüttel;Wahlkreis 7 - Lokstedt - Niendorf - Schnelsen;Niendorf;31825;STIMMBEZIRK;;;N;877;562;315;0;396;5;391;395;6;389;1944;606;469;76;35;26;;;;;;;499;308;51;104;36;;;;;;;532;289;51;37;155;;;;;;;93;73;12;8;;;;;;;;42;21;14;7;;;;;;;;130;76;54;;;42;42;;;;;;;;;;;;
Bezirk Eimsbüttel;Wahlkreis 7 - Lokstedt - Niendorf - Schnelsen;Niendorf;31826;STIMMBEZIRK;;;N;997;674;323;0;461;2;459;461;4;457;2273;1045;864;119;39;23;;;;;;;314;187;25;86;16;;;;;;;471;216;73;34;148;;;;;;;222;150;50;22;;;;;;;;49;27;12;10;;;;;;;;138;68;70;;;34;34;;;;;;;;;;;;
Bezirk Eimsbüttel;Wahlkreis 7 - Lokstedt - Niendorf - Schnelsen;Niendorf;31827;STIMMBEZIRK;;;N;959;618;341;0;390;0;390;390;6;384;1871;762;618;72;48;24;;;;;;;335;185;52;69;29;;;;;;;405;191;59;32;123;;;;;;;115;75;8;32;;;;;;;;82;49;18;15;;;;;;;;140;86;54;;;32;32;;;;;;;;;;;;
Bezirk Eimsbüttel;Wahlkreis 7 - Lokstedt - Niendorf - Schnelsen;Niendorf;31828;STIMMBEZIRK;;;N;1103;707;396;0;457;3;454;457;8;449;2220;961;816;79;39;27;;;;;;;348;220;25;82;21;;;;;;;479;214;47;27;191;;;;;;;240;175;36;29;;;;;;;;46;18;13;15;;;;;;;;125;73;52;;;21;21;;;;;;;;;;;;
Bezirk Eimsbüttel;Wahlkreis 7 - Lokstedt - Niendorf - Schnelsen;Niendorf;31830;STIMMBEZIRK;;;N;1059;675;384;0;498;8;490;498;2;496;2449;976;817;85;50;24;;;;;;;484;272;43;121;48;;;;;;;551;255;46;32;218;;;;;;;133;60;32;41;;;;;;;;106;39;22;45;;;;;;;;151;79;72;;;48;48;;;;;;;;;;;;
Bezirk Eimsbüttel;Wahlkreis 7 - Lokstedt - Niendorf - Schnelsen;Niendorf;31832;STIMMBEZIRK;;;N;998;657;341;0;402;1;401;401;8;393;1945;784;676;61;35;12;;;;;;;354;171;40;120;23;;;;;;;396;200;51;27;118;;;;;;;117;80;18;19;;;;;;;;117;24;27;66;;;;;;;;155;88;67;;;22;22;;;;;;;;;;;;
Bezirk Eimsbüttel;Wahlkreis 7 - Lokstedt - Niendorf - Schnelsen;Niendorf;31833;STIMMBEZIRK;;;N;904;672;232;0;390;3;387;388;13;375;1822;803;622;90;40;51;;;;;;;176;85;15;69;7;;;;;;;423;189;51;38;145;;;;;;;243;167;35;41;;;;;;;;29;13;5;11;;;;;;;;130;75;55;;;18;18;;;;;;;;;;;;
Bezirk Eimsbüttel;Wahlkreis 7 - Lokstedt - Niendorf - Schnelsen;Niendorf;31834;STIMMBEZIRK;;;N;837;536;301;0;325;0;325;325;4;321;1584;638;488;67;37;46;;;;;;;300;137;50;87;26;;;;;;;294;163;26;18;87;;;;;;;123;99;14;10;;;;;;;;39;18;9;12;;;;;;;;159;90;69;;;31;31;;;;;;;;;;;;
Bezirk Eimsbüttel;Wahlkreis 7 - Lokstedt - Niendorf - Schnelsen;Niendorf;31835;STIMMBEZIRK;;;N;923;593;330;0;434;0;434;433;7;426;2100;954;829;48;44;33;;;;;;;348;208;49;56;35;;;;;;;395;202;38;29;126;;;;;;;181;127;29;25;;;;;;;;62;33;10;19;;;;;;;;145;96;49;;;15;15;;;;;;;;;;;;
Bezirk Eimsbüttel;Wahlkreis 7 - Lokstedt - Niendorf - Schnelsen;Niendorf;3189901;BRIEFWAHLBEZIRK;;;N;0;0;0;0;614;614;0;612;1;611;3036;1365;1138;118;47;62;;;;;;;554;275;58;155;66;;;;;;;628;324;66;42;196;;;;;;;122;103;11;8;;;;;;;;140;79;21;40;;;;;;;;188;117;71;;;39;39;;;;;;;;;;;;
Bezirk Eimsbüttel;Wahlkreis 7 - Lokstedt - Niendorf - Schnelsen;Niendorf;3189902;BRIEFWAHLBEZIRK;;;N;0;0;0;0;605;605;0;605;6;599;2973;1430;1146;126;57;101;;;;;;;445;196;81;114;54;;;;;;;649;329;71;47;202;;;;;;;147;105;23;19;;;;;;;;143;56;30;57;;;;;;;;102;57;45;;;57;57;;;;;;;;;;;;
Bezirk Eimsbüttel;Wahlkreis 7 - Lokstedt - Niendorf - Schnelsen;Niendorf;3189903;BRIEFWAHLBEZIRK;;;N;0;0;0;0;610;610;0;610;3;607;3026;1414;1077;145;73;119;;;;;;;384;197;50;102;35;;;;;;;742;389;68;63;222;;;;;;;231;153;39;39;;;;;;;;101;57;31;13;;;;;;;;106;63;43;;;48;48;;;;;;;;;;;;
Bezirk Eimsbüttel;Wahlkreis 7 - Lokstedt - Niendorf - Schnelsen;Niendorf;3189904;BRIEFWAHLBEZIRK;;;N;0;0;0;0;618;618;0;618;4;614;3067;1149;894;98;66;91;;;;;;;460;244;66;110;40;;;;;;;904;420;87;59;338;;;;;;;246;188;38;20;;;;;;;;129;63;39;27;;;;;;;;117;53;64;;;62;62;;;;;;;;;;;;
Bezirk Eimsbüttel;Wahlkreis 7 - Lokstedt - Niendorf - Schnelsen;Niendorf;3189905;BRIEFWAHLBEZIRK;;;N;0;0;0;0;604;604;0;604;1;603;3005;1298;1039;98;75;86;;;;;;;409;200;76;93;40;;;;;;;856;380;137;69;270;;;;;;;147;118;18;11;;;;;;;;91;67;7;17;;;;;;;;137;84;53;;;67;67;;;;;;;;;;;;
Bezirk Eimsbüttel;Wahlkreis 7 - Lokstedt - Niendorf - Schnelsen;Niendorf;3189906;BRIEFWAHLBEZIRK;;;N;0;0;0;0;612;612;0;612;4;608;3025;1170;892;120;59;99;;;;;;;464;234;64;118;48;;;;;;;810;420;82;59;249;;;;;;;146;82;37;27;;;;;;;;164;53;55;56;;;;;;;;189;97;92;;;82;82;;;;;;;;;;;;
Bezirk Eimsbüttel;Wahlkreis 7 - Lokstedt - Niendorf - Schnelsen;Niendorf;3189907;BRIEFWAHLBEZIRK;;;N;0;0;0;0;573;573;0;572;5;567;2820;1218;991;90;61;76;;;;;;;348;152;46;103;47;;;;;;;741;347;92;66;236;;;;;;;194;151;22;21;;;;;;;;128;56;27;45;;;;;;;;88;43;45;;;103;103;;;;;;;;;;;;
Bezirk Eimsbüttel;Wahlkreis 7 - Lokstedt - Niendorf - Schnelsen;Niendorf;3189908;BRIEFWAHLBEZIRK;;;N;0;0;0;0;630;630;0;618;8;610;3005;1160;921;92;67;80;;;;;;;480;248;71;125;36;;;;;;;806;373;82;48;303;;;;;;;145;101;19;25;;;;;;;;150;64;37;49;;;;;;;;177;97;80;;;87;87;;;;;;;;;;;;
Bezirk Eimsbüttel;Wahlkreis 7 - Lokstedt - Niendorf - Schnelsen;Niendorf;3189909;BRIEFWAHLBEZIRK;;;N;0;0;0;0;613;613;0;612;0;612;3049;1160;885;120;74;81;;;;;;;485;242;67;128;48;;;;;;;802;383;92;90;237;;;;;;;207;149;30;28;;;;;;;;177;83;36;58;;;;;;;;153;91;62;;;65;65;;;;;;;;;;;;
Bezirk Eimsbüttel;Wahlkreis 7 - Lokstedt - Niendorf - Schnelsen;Niendorf;3189910;BRIEFWAHLBEZIRK;;;N;0;0;0;0;609;609;0;608;1;607;3009;1090;811;119;90;70;;;;;;;496;247;79;122;48;;;;;;;776;349;94;66;267;;;;;;;162;120;24;18;;;;;;;;178;96;30;52;;;;;;;;223;109;114;;;84;84;;;;;;;;;;;;
Bezirk Eimsbüttel;Wahlkreis 7 - Lokstedt - Niendorf - Schnelsen;Niendorf;3189911;BRIEFWAHLBEZIRK;;;N;0;0;0;0;625;625;0;619;6;613;3058;1182;877;148;78;79;;;;;;;562;265;104;137;56;;;;;;;688;341;68;50;229;;;;;;;117;106;6;5;;;;;;;;212;89;64;59;;;;;;;;221;113;108;;;76;76;;;;;;;;;;;;
Bezirk Eimsbüttel;Wahlkreis 7 - Lokstedt - Niendorf - Schnelsen;Niendorf;3189912;BRIEFWAHLBEZIRK;;;N;0;0;0;0;616;616;0;611;3;608;3028;1240;955;130;98;57;;;;;;;529;255;84;147;43;;;;;;;591;278;80;56;177;;;;;;;147;116;17;14;;;;;;;;153;76;26;51;;;;;;;;273;146;127;;;95;95;;;;;;;;;;;;
Bezirk Eimsbüttel;Wahlkreis 7 - Lokstedt - Niendorf - Schnelsen;Niendorf;3189913;BRIEFWAHLBEZIRK;;;N;0;0;0;0;618;618;0;616;5;611;3051;1067;804;114;92;57;;;;;;;512;268;88;114;42;;;;;;;797;383;90;72;252;;;;;;;222;156;38;28;;;;;;;;125;74;27;24;;;;;;;;237;152;85;;;91;91;;;;;;;;;;;;
Bezirk Eimsbüttel;Wahlkreis 7 - Lokstedt - Niendorf - Schnelsen;Niendorf;3189914;BRIEFWAHLBEZIRK;;;N;0;0;0;0;605;605;0;605;8;597;2963;1159;854;125;76;104;;;;;;;488;226;74;127;61;;;;;;;791;357;78;61;295;;;;;;;175;128;26;21;;;;;;;;109;61;16;32;;;;;;;;154;98;56;;;87;87;;;;;;;;;;;;
Bezirk Eimsbüttel;Wahlkreis 7 - Lokstedt - Niendorf - Schnelsen;Niendorf;3189915;BRIEFWAHLBEZIRK;;;N;0;0;0;0;614;614;0;614;3;611;2996;1117;889;117;60;51;;;;;;;542;269;88;134;51;;;;;;;657;337;71;53;196;;;;;;;198;164;15;19;;;;;;;;171;55;46;70;;;;;;;;214;107;107;;;97;97;;;;;;;;;;;;
Bezirk Eimsbüttel;Wahlkreis 7 - Lokstedt - Niendorf - Schnelsen;Niendorf;3189916;BRIEFWAHLBEZIRK;;;N;0;0;0;0;610;610;0;607;18;589;2924;1166;882;138;101;45;;;;;;;409;204;87;95;23;;;;;;;630;330;57;58;185;;;;;;;150;91;30;29;;;;;;;;151;70;45;36;;;;;;;;298;140;158;;;120;120;;;;;;;;;;;;
Bezirk Eimsbüttel;Wahlkreis 7 - Lokstedt - Niendorf - Schnelsen;Niendorf;3189917;BRIEFWAHLBEZIRK;;;N;0;0;0;0;502;502;0;502;1;501;2464;991;751;84;84;72;;;;;;;437;211;64;110;52;;;;;;;610;303;57;68;182;;;;;;;127;92;17;18;;;;;;;;121;67;27;27;;;;;;;;99;53;46;;;79;79;;;;;;;;;;;;
Bezirk Eimsbüttel;Wahlkreis 7 - Lokstedt - Niendorf - Schnelsen;Schnelsen;31901;STIMMBEZIRK;;;N;1073;771;302;0;530;11;519;519;0;519;2594;1222;611;119;441;51;;;;;;;320;194;26;65;35;;;;;;;565;387;71;24;83;;;;;;;252;179;48;25;;;;;;;;78;38;27;13;;;;;;;;119;79;40;;;38;38;;;;;;;;;;;;
Bezirk Eimsbüttel;Wahlkreis 7 - Lokstedt - Niendorf - Schnelsen;Schnelsen;31902;STIMMBEZIRK;;;N;1125;780;345;0;447;5;442;446;13;433;2150;890;407;106;342;35;;;;;;;298;179;60;44;15;;;;;;;534;330;125;26;53;;;;;;;180;141;21;18;;;;;;;;34;25;3;6;;;;;;;;164;85;79;;;50;50;;;;;;;;;;;;
Bezirk Eimsbüttel;Wahlkreis 7 - Lokstedt - Niendorf - Schnelsen;Schnelsen;31903;STIMMBEZIRK;;;N;1281;881;400;0;528;4;524;528;8;520;2595;975;400;130;412;33;;;;;;;379;186;68;100;25;;;;;;;629;398;115;68;48;;;;;;;286;214;39;33;;;;;;;;70;47;5;18;;;;;;;;227;104;123;;;29;29;;;;;;;;;;;;
Bezirk Eimsbüttel;Wahlkreis 7 - Lokstedt - Niendorf - Schnelsen;Schnelsen;31904;STIMMBEZIRK;;;N;1375;1042;333;0;291;1;290;291;16;275;1361;522;163;85;248;26;;;;;;;123;66;17;28;12;;;;;;;212;117;50;15;30;;;;;;;234;147;51;36;;;;;;;;28;14;5;9;;;;;;;;218;98;120;;;24;24;;;;;;;;;;;;
Bezirk Eimsbüttel;Wahlkreis 7 - Lokstedt - Niendorf - Schnelsen;Schnelsen;31905;STIMMBEZIRK;;;N;920;661;259;0;391;3;388;391;9;382;1889;825;364;58;358;45;;;;;;;212;127;28;43;14;;;;;;;404;238;87;35;44;;;;;;;198;152;25;21;;;;;;;;44;22;13;9;;;;;;;;180;87;93;;;26;26;;;;;;;;;;;;
Bezirk Eimsbüttel;Wahlkreis 7 - Lokstedt - Niendorf - Schnelsen;Schnelsen;31906;STIMMBEZIRK;;;N;1368;894;474;0;450;6;444;449;6;443;2191;763;335;102;284;42;;;;;;;384;201;63;89;31;;;;;;;429;292;72;17;48;;;;;;;248;188;40;20;;;;;;;;61;25;19;17;;;;;;;;260;138;122;;;46;46;;;;;;;;;;;;
Bezirk Eimsbüttel;Wahlkreis 7 - Lokstedt - Niendorf - Schnelsen;Schnelsen;31907;STIMMBEZIRK;;;N;1081;661;420;0;460;14;446;460;11;449;2240;865;358;64;418;25;;;;;;;411;214;72;84;41;;;;;;;516;362;74;29;51;;;;;;;182;137;30;15;;;;;;;;73;31;26;16;;;;;;;;172;97;75;;;21;21;;;;;;;;;;;;
Bezirk Eimsbüttel;Wahlkreis 7 - Lokstedt - Niendorf - Schnelsen;Schnelsen;31908;STIMMBEZIRK;;;N;1268;889;379;0;442;1;441;442;10;432;2138;825;356;97;346;26;;;;;;;364;224;51;63;26;;;;;;;515;323;88;37;67;;;;;;;157;121;21;15;;;;;;;;69;38;7;24;;;;;;;;183;104;79;;;25;25;;;;;;;;;;;;
Bezirk Eimsbüttel;Wahlkreis 7 - Lokstedt - Niendorf - Schnelsen;Schnelsen;31910;STIMMBEZIRK;;;N;1210;833;377;0;529;3;526;528;7;521;2558;1026;527;90;376;33;;;;;;;345;199;45;71;30;;;;;;;677;421;140;33;83;;;;;;;206;128;36;42;;;;;;;;81;49;18;14;;;;;;;;182;91;91;;;41;41;;;;;;;;;;;;
Bezirk Eimsbüttel;Wahlkreis 7 - Lokstedt - Niendorf - Schnelsen;Schnelsen;31911;STIMMBEZIRK;;;N;1058;752;306;0;446;2;444;446;5;441;2168;793;370;82;310;31;;;;;;;274;136;39;82;17;;;;;;;578;398;87;30;63;;;;;;;253;173;34;46;;;;;;;;87;56;9;22;;;;;;;;154;94;60;;;29;29;;;;;;;;;;;;
Bezirk Eimsbüttel;Wahlkreis 7 - Lokstedt - Niendorf - Schnelsen;Schnelsen;31912;STIMMBEZIRK;;;N;1086;768;318;0;346;4;342;343;6;337;1685;678;311;57;294;16;;;;;;;189;108;29;38;14;;;;;;;363;201;83;20;59;;;;;;;182;117;27;38;;;;;;;;69;34;22;13;;;;;;;;175;103;72;;;29;29;;;;;;;;;;;;
Bezirk Eimsbüttel;Wahlkreis 7 - Lokstedt - Niendorf - Schnelsen;Schnelsen;31913;STIMMBEZIRK;;;N;857;596;261;0;441;5;436;441;14;427;2080;888;488;103;233;64;;;;;;;324;176;66;48;34;;;;;;;578;375;96;40;67;;;;;;;90;67;9;14;;;;;;;;52;21;19;12;;;;;;;;111;54;57;;;37;37;;;;;;;;;;;;
Bezirk Eimsbüttel;Wahlkreis 7 - Lokstedt - Niendorf - Schnelsen;Schnelsen;31914;STIMMBEZIRK;;;N;1237;828;409;0;532;8;524;532;12;520;2600;1037;388;122;485;42;;;;;;;333;224;35;64;10;;;;;;;616;395;109;51;61;;;;;;;239;168;28;43;;;;;;;;84;29;17;38;;;;;;;;233;128;105;;;58;58;;;;;;;;;;;;
Bezirk Eimsbüttel;Wahlkreis 7 - Lokstedt - Niendorf - Schnelsen;Schnelsen;31915;STIMMBEZIRK;;;N;1166;812;354;0;445;2;443;445;5;440;2185;915;409;104;357;45;;;;;;;240;134;35;56;15;;;;;;;456;287;87;28;54;;;;;;;202;124;57;21;;;;;;;;68;37;19;12;;;;;;;;261;120;141;;;43;43;;;;;;;;;;;;
Bezirk Eimsbüttel;Wahlkreis 7 - Lokstedt - Niendorf - Schnelsen;Schnelsen;31917;STIMMBEZIRK;;;N;1126;830;296;0;472;6;466;470;2;468;2216;1031;350;192;441;48;;;;;;;318;167;59;73;19;;;;;;;443;274;87;30;52;;;;;;;142;110;20;12;;;;;;;;77;43;18;16;;;;;;;;195;124;71;;;10;10;;;;;;;;;;;;
Bezirk Eimsbüttel;Wahlkreis 7 - Lokstedt - Niendorf - Schnelsen;Schnelsen;31918;STIMMBEZIRK;;;N;1256;944;312;0;403;1;402;403;6;397;1978;723;319;97;290;17;;;;;;;288;148;32;88;20;;;;;;;386;266;53;11;56;;;;;;;244;151;53;40;;;;;;;;49;22;9;18;;;;;;;;279;149;130;;;9;9;;;;;;;;;;;;
Bezirk Eimsbüttel;Wahlkreis 7 - Lokstedt - Niendorf - Schnelsen;Schnelsen;31919;STIMMBEZIRK;;;N;1423;972;451;0;437;3;434;434;13;421;2104;839;373;127;323;16;;;;;;;314;178;41;77;18;;;;;;;380;255;53;43;29;;;;;;;221;133;36;52;;;;;;;;81;39;18;24;;;;;;;;241;132;109;;;28;28;;;;;;;;;;;;
Bezirk Eimsbüttel;Wahlkreis 7 - Lokstedt - Niendorf - Schnelsen;Schnelsen;31920;STIMMBEZIRK;;;N;1051;672;379;0;497;6;491;497;6;491;2443;1095;495;104;454;42;;;;;;;447;267;73;72;35;;;;;;;579;355;112;26;86;;;;;;;136;124;4;8;;;;;;;;76;45;14;17;;;;;;;;85;54;31;;;25;25;;;;;;;;;;;;
Bezirk Eimsbüttel;Wahlkreis 7 - Lokstedt - Niendorf - Schnelsen;Schnelsen;3199901;BRIEFWAHLBEZIRK;;;N;0;0;0;0;600;600;0;599;8;591;2922;1212;499;85;533;95;;;;;;;458;224;66;126;42;;;;;;;863;520;215;38;90;;;;;;;179;117;26;36;;;;;;;;89;59;12;18;;;;;;;;75;41;34;;;46;46;;;;;;;;;;;;
Bezirk Eimsbüttel;Wahlkreis 7 - Lokstedt - Niendorf - Schnelsen;Schnelsen;3199902;BRIEFWAHLBEZIRK;;;N;0;0;0;0;592;592;0;592;3;589;2937;1253;510;147;488;108;;;;;;;416;206;51;127;32;;;;;;;803;481;170;34;118;;;;;;;165;114;28;23;;;;;;;;89;55;22;12;;;;;;;;138;63;75;;;73;73;;;;;;;;;;;;
Bezirk Eimsbüttel;Wahlkreis 7 - Lokstedt - Niendorf - Schnelsen;Schnelsen;3199903;BRIEFWAHLBEZIRK;;;N;0;0;0;0;595;595;0;594;2;592;2952;1249;521;155;471;102;;;;;;;406;205;69;96;36;;;;;;;781;477;139;55;110;;;;;;;174;114;24;36;;;;;;;;134;74;23;37;;;;;;;;132;77;55;;;76;76;;;;;;;;;;;;
Bezirk Eimsbüttel;Wahlkreis 7 - Lokstedt - Niendorf - Schnelsen;Schnelsen;3199904;BRIEFWAHLBEZIRK;;;N;0;0;0;0;591;591;0;591;10;581;2894;1155;486;140;426;103;;;;;;;360;189;65;79;27;;;;;;;885;510;152;89;134;;;;;;;194;131;29;34;;;;;;;;93;41;19;33;;;;;;;;132;82;50;;;75;75;;;;;;;;;;;;
Bezirk Eimsbüttel;Wahlkreis 7 - Lokstedt - Niendorf - Schnelsen;Schnelsen;3199905;BRIEFWAHLBEZIRK;;;N;0;0;0;0;596;596;0;596;9;587;2903;1202;588;141;369;104;;;;;;;422;202;80;104;36;;;;;;;779;420;168;62;129;;;;;;;213;154;31;28;;;;;;;;111;59;17;35;;;;;;;;113;70;43;;;63;63;;;;;;;;;;;;
Bezirk Eimsbüttel;Wahlkreis 7 - Lokstedt - Niendorf - Schnelsen;Schnelsen;3199906;BRIEFWAHLBEZIRK;;;N;0;0;0;0;588;588;0;588;8;580;2898;1053;450;137;402;64;;;;;;;542;319;75;129;19;;;;;;;517;290;113;43;71;;;;;;;256;194;35;27;;;;;;;;161;79;23;59;;;;;;;;272;124;148;;;97;97;;;;;;;;;;;;
Bezirk Eimsbüttel;Wahlkreis 7 - Lokstedt - Niendorf - Schnelsen;Schnelsen;3199907;BRIEFWAHLBEZIRK;;;N;0;0;0;0;594;594;0;594;6;588;2933;1077;438;112;484;43;;;;;;;489;279;74;101;35;;;;;;;779;495;144;56;84;;;;;;;165;98;24;43;;;;;;;;129;64;32;33;;;;;;;;252;122;130;;;42;42;;;;;;;;;;;;
Bezirk Eimsbüttel;Wahlkreis 7 - Lokstedt - Niendorf - Schnelsen;Schnelsen;3199908;BRIEFWAHLBEZIRK;;;N;0;0;0;0;549;549;0;549;3;546;2713;1002;441;116;388;57;;;;;;;473;250;67;111;45;;;;;;;679;418;157;28;76;;;;;;;153;109;24;20;;;;;;;;110;57;15;38;;;;;;;;206;68;138;;;90;90;;;;;;;;;;;;
Bezirk Eimsbüttel;Wahlkreis 7 - Lokstedt - Niendorf - Schnelsen;Schnelsen;3199909;BRIEFWAHLBEZIRK;;;N;0;0;0;0;599;599;0;599;5;594;2957;1178;532;172;386;88;;;;;;;429;208;86;105;30;;;;;;;693;414;147;43;89;;;;;;;163;117;27;19;;;;;;;;203;93;63;47;;;;;;;;202;91;111;;;89;89;;;;;;;;;;;;
Bezirk Eimsbüttel;Wahlkreis 7 - Lokstedt - Niendorf - Schnelsen;Schnelsen;3199910;BRIEFWAHLBEZIRK;;;N;0;0;0;0;543;543;0;543;3;540;2688;1019;428;137;383;71;;;;;;;442;223;78;110;31;;;;;;;651;343;127;62;119;;;;;;;176;133;20;23;;;;;;;;114;69;16;29;;;;;;;;237;105;132;;;49;49;;;;;;;;;;;;
Bezirk Hamburg-Nord;Wahlkreis 8 - Eppendorf - Winterhude - Hoheluft-Ost;Hoheluft-Ost;40101;STIMMBEZIRK;;;N;862;455;407;0;309;7;302;308;5;303;1507;449;205;105;49;90;;;;;;;306;137;23;32;29;27;12;13;33;;;65;26;5;6;8;7;1;7;5;;;61;23;12;11;8;7;;;;;;414;379;35;;;;;;;;;164;104;60;;;43;43;;;5;5;;;;;;;;
Bezirk Hamburg-Nord;Wahlkreis 8 - Eppendorf - Winterhude - Hoheluft-Ost;Hoheluft-Ost;40103;STIMMBEZIRK;;;N;1068;622;446;0;415;11;404;414;5;409;2044;607;272;154;64;117;;;;;;;435;214;53;23;58;41;13;14;19;;;84;54;1;4;10;9;3;2;1;;;115;29;17;28;21;20;;;;;;563;479;84;;;;;;;;;182;125;57;;;58;58;;;0;0;;;;;;;;
Bezirk Hamburg-Nord;Wahlkreis 8 - Eppendorf - Winterhude - Hoheluft-Ost;Hoheluft-Ost;40104;STIMMBEZIRK;;;N;1217;758;459;0;475;11;464;474;2;472;2347;560;267;133;62;98;;;;;;;428;202;54;49;24;29;27;20;23;;;67;29;2;10;7;12;3;0;4;;;111;40;8;28;14;21;;;;;;652;536;116;;;;;;;;;433;254;179;;;91;91;;;5;5;;;;;;;;
Bezirk Hamburg-Nord;Wahlkreis 8 - Eppendorf - Winterhude - Hoheluft-Ost;Hoheluft-Ost;40106;STIMMBEZIRK;;;N;1285;726;559;0;482;3;479;481;6;475;2357;528;249;120;61;98;;;;;;;469;218;51;59;37;41;16;20;27;;;62;35;2;8;8;1;0;3;5;;;123;48;16;28;18;13;;;;;;760;633;127;;;;;;;;;316;198;118;;;94;94;;;5;5;;;;;;;;
Bezirk Hamburg-Nord;Wahlkreis 8 - Eppendorf - Winterhude - Hoheluft-Ost;Hoheluft-Ost;40201;STIMMBEZIRK;;;N;1396;804;592;0;538;13;525;538;9;529;2628;860;425;214;73;148;;;;;;;444;186;50;33;48;56;15;21;35;;;88;40;2;4;10;10;9;5;8;;;141;56;21;14;17;33;;;;;;802;684;118;;;;;;;;;190;125;65;;;103;103;;;0;0;;;;;;;;
Bezirk Hamburg-Nord;Wahlkreis 8 - Eppendorf - Winterhude - Hoheluft-Ost;Hoheluft-Ost;40202;STIMMBEZIRK;;;N;919;546;373;0;415;1;414;415;3;412;2036;495;252;122;38;83;;;;;;;575;296;69;35;60;42;14;28;31;;;117;81;3;3;12;0;7;0;11;;;100;36;27;13;10;14;;;;;;567;482;85;;;;;;;;;118;78;40;;;52;52;;;12;12;;;;;;;;
Bezirk Hamburg-Nord;Wahlkreis 8 - Eppendorf - Winterhude - Hoheluft-Ost;Hoheluft-Ost;40205;STIMMBEZIRK;;;N;854;502;352;0;340;11;329;340;4;336;1680;371;160;100;43;68;;;;;;;254;87;44;22;31;31;12;12;15;;;44;25;0;2;5;1;2;1;8;;;89;31;19;11;17;11;;;;;;564;474;90;;;;;;;;;232;136;96;;;126;126;;;0;0;;;;;;;;
Bezirk Hamburg-Nord;Wahlkreis 8 - Eppendorf - Winterhude - Hoheluft-Ost;Hoheluft-Ost;4019901;BRIEFWAHLBEZIRK;;;N;0;0;0;0;501;501;0;501;0;501;2500;602;240;150;68;144;;;;;;;655;275;89;65;62;58;24;32;50;;;167;87;4;14;28;13;11;3;7;;;183;58;36;40;33;16;;;;;;605;499;106;;;;;;;;;212;123;89;;;70;70;;;6;6;;;;;;;;
Bezirk Hamburg-Nord;Wahlkreis 8 - Eppendorf - Winterhude - Hoheluft-Ost;Hoheluft-Ost;4019902;BRIEFWAHLBEZIRK;;;N;0;0;0;0;579;579;0;576;3;573;2860;659;304;136;84;135;;;;;;;629;305;95;51;45;52;25;11;45;;;171;85;17;14;18;13;4;5;15;;;216;57;50;44;30;35;;;;;;792;661;131;;;;;;;;;294;181;113;;;86;86;;;13;13;;;;;;;;
Bezirk Hamburg-Nord;Wahlkreis 8 - Eppendorf - Winterhude - Hoheluft-Ost;Hoheluft-Ost;4019903;BRIEFWAHLBEZIRK;;;N;0;0;0;0;554;554;0;554;5;549;2711;596;291;115;82;108;;;;;;;600;204;87;54;64;48;41;26;76;;;141;81;5;8;14;2;5;9;17;;;223;84;30;41;42;26;;;;;;791;657;134;;;;;;;;;307;199;108;;;37;37;;;16;16;;;;;;;;
Bezirk Hamburg-Nord;Wahlkreis 8 - Eppendorf - Winterhude - Hoheluft-Ost;Hoheluft-Ost;4019904;BRIEFWAHLBEZIRK;;;N;0;0;0;0;532;532;0;531;3;528;2626;604;240;140;86;138;;;;;;;589;280;56;50;67;40;36;13;47;;;174;66;20;20;10;15;12;4;27;;;163;37;27;32;46;21;;;;;;711;609;102;;;;;;;;;269;178;91;;;78;78;;;38;38;;;;;;;;
Bezirk Hamburg-Nord;Wahlkreis 8 - Eppendorf - Winterhude - Hoheluft-Ost;Hoheluft-Ost;4019905;BRIEFWAHLBEZIRK;;;N;0;0;0;0;400;400;0;400;3;397;1982;403;153;91;71;88;;;;;;;466;206;43;43;53;48;20;17;36;;;87;34;1;3;21;5;5;0;18;;;125;34;29;29;21;12;;;;;;674;550;124;;;;;;;;;168;116;52;;;40;40;;;19;19;;;;;;;;
Bezirk Hamburg-Nord;Wahlkreis 8 - Eppendorf - Winterhude - Hoheluft-Ost;Hoheluft-Ost;4019906;BRIEFWAHLBEZIRK;;;N;0;0;0;0;380;380;0;380;5;375;1866;411;212;83;47;69;;;;;;;497;206;72;59;40;43;18;15;44;;;92;45;11;5;3;3;20;0;5;;;152;41;31;26;36;18;;;;;;495;440;55;;;;;;;;;186;120;66;;;32;32;;;1;1;;;;;;;;
Bezirk Hamburg-Nord;Wahlkreis 8 - Eppendorf - Winterhude - Hoheluft-Ost;Eppendorf;40301;STIMMBEZIRK;;;N;1143;632;511;0;415;6;409;415;2;413;2061;530;241;136;45;108;;;;;;;314;146;39;9;42;35;9;8;26;;;78;24;3;15;18;3;5;6;4;;;100;39;19;15;13;14;;;;;;683;597;86;;;;;;;;;269;175;94;;;87;87;;;0;0;;;;;;;;
Bezirk Hamburg-Nord;Wahlkreis 8 - Eppendorf - Winterhude - Hoheluft-Ost;Eppendorf;40302;STIMMBEZIRK;;;N;1111;649;462;0;411;0;411;408;5;403;2008;558;282;137;52;87;;;;;;;371;179;47;10;51;35;13;17;19;;;75;10;6;18;11;5;5;11;9;;;138;47;33;21;17;20;;;;;;553;483;70;;;;;;;;;235;155;80;;;71;71;;;7;7;;;;;;;;
Bezirk Hamburg-Nord;Wahlkreis 8 - Eppendorf - Winterhude - Hoheluft-Ost;Eppendorf;40303;STIMMBEZIRK;;;N;1119;628;491;0;396;4;392;396;4;392;1949;581;303;156;40;82;;;;;;;415;187;60;6;50;51;8;24;29;;;89;28;11;9;12;6;8;6;9;;;88;34;14;12;18;10;;;;;;510;446;64;;;;;;;;;192;130;62;;;74;74;;;0;0;;;;;;;;
Bezirk Hamburg-Nord;Wahlkreis 8 - Eppendorf - Winterhude - Hoheluft-Ost;Eppendorf;40304;STIMMBEZIRK;;;N;797;451;346;0;294;4;290;292;5;287;1431;408;191;108;40;69;;;;;;;229;100;24;2;51;17;7;9;19;;;27;17;1;0;1;2;2;1;3;;;63;15;8;8;17;15;;;;;;395;329;66;;;;;;;;;227;143;84;;;82;82;;;0;0;;;;;;;;
Bezirk Hamburg-Nord;Wahlkreis 8 - Eppendorf - Winterhude - Hoheluft-Ost;Eppendorf;40305;STIMMBEZIRK;;;N;1108;627;481;0;447;5;442;447;2;445;2217;684;307;193;46;138;;;;;;;573;272;65;49;52;53;15;18;49;;;97;34;5;12;19;5;4;12;6;;;95;32;24;21;8;10;;;;;;498;433;65;;;;;;;;;158;80;78;;;103;103;;;9;9;;;;;;;;
Bezirk Hamburg-Nord;Wahlkreis 8 - Eppendorf - Winterhude - Hoheluft-Ost;Eppendorf;40306;STIMMBEZIRK;;;N;999;528;471;0;375;10;365;375;2;373;1861;502;220;121;50;111;;;;;;;437;195;51;20;67;23;15;39;27;;;90;52;7;3;9;7;3;4;5;;;84;21;11;22;10;20;;;;;;487;412;75;;;;;;;;;185;136;49;;;59;59;;;17;17;;;;;;;;
Bezirk Hamburg-Nord;Wahlkreis 8 - Eppendorf - Winterhude - Hoheluft-Ost;Eppendorf;40307;STIMMBEZIRK;;;N;755;452;303;0;231;1;230;231;7;224;1114;390;179;96;42;73;;;;;;;202;67;19;4;45;22;14;12;19;;;29;11;0;0;6;0;3;2;7;;;47;17;5;5;15;5;;;;;;255;230;25;;;;;;;;;139;94;45;;;51;51;;;1;1;;;;;;;;
Bezirk Hamburg-Nord;Wahlkreis 8 - Eppendorf - Winterhude - Hoheluft-Ost;Eppendorf;40401;STIMMBEZIRK;;;N;1203;699;504;0;481;13;468;481;7;474;2359;654;302;166;58;128;;;;;;;449;195;51;17;61;35;30;18;42;;;72;33;0;0;9;3;7;12;8;;;115;38;11;28;25;13;;;;;;733;633;100;;;;;;;;;262;170;92;;;70;70;;;4;4;;;;;;;;
Bezirk Hamburg-Nord;Wahlkreis 8 - Eppendorf - Winterhude - Hoheluft-Ost;Eppendorf;40402;STIMMBEZIRK;;;N;1031;578;453;0;442;6;436;442;5;437;2176;525;249;132;47;97;;;;;;;698;379;60;19;73;53;36;36;42;;;76;52;1;4;7;7;4;0;1;;;81;21;20;13;8;19;;;;;;618;547;71;;;;;;;;;113;67;46;;;65;65;;;0;0;;;;;;;;
Bezirk Hamburg-Nord;Wahlkreis 8 - Eppendorf - Winterhude - Hoheluft-Ost;Eppendorf;40403;STIMMBEZIRK;;;N;1069;589;480;0;425;2;423;425;6;419;2089;461;195;130;37;99;;;;;;;732;409;69;31;79;49;18;23;54;;;88;42;16;6;10;1;1;3;9;;;160;46;28;30;15;41;;;;;;496;414;82;;;;;;;;;102;69;33;;;40;40;;;10;10;;;;;;;;
Bezirk Hamburg-Nord;Wahlkreis 8 - Eppendorf - Winterhude - Hoheluft-Ost;Eppendorf;40404;STIMMBEZIRK;;;N;777;479;298;0;390;10;380;390;4;386;1926;548;262;123;43;120;;;;;;;432;190;67;28;43;48;15;10;31;;;96;45;4;3;24;4;10;2;4;;;119;47;4;38;17;13;;;;;;519;467;52;;;;;;;;;156;103;53;;;50;50;;;6;6;;;;;;;;
Bezirk Hamburg-Nord;Wahlkreis 8 - Eppendorf - Winterhude - Hoheluft-Ost;Eppendorf;40405;STIMMBEZIRK;;;N;1020;575;445;0;430;3;427;430;5;425;2118;462;197;99;40;126;;;;;;;819;414;86;44;88;59;33;42;53;;;103;72;7;4;5;5;1;4;5;;;146;62;8;51;13;12;;;;;;388;353;35;;;;;;;;;132;96;36;;;68;68;;;0;0;;;;;;;;
Bezirk Hamburg-Nord;Wahlkreis 8 - Eppendorf - Winterhude - Hoheluft-Ost;Eppendorf;40407;STIMMBEZIRK;;;N;676;375;301;0;275;0;275;274;1;273;1363;336;133;87;45;71;;;;;;;277;128;35;19;24;22;26;11;12;;;57;32;1;0;3;4;6;7;4;;;67;23;11;23;2;8;;;;;;449;405;44;;;;;;;;;126;80;46;;;47;47;;;4;4;;;;;;;;
Bezirk Hamburg-Nord;Wahlkreis 8 - Eppendorf - Winterhude - Hoheluft-Ost;Eppendorf;40501;STIMMBEZIRK;;;N;958;572;386;0;418;7;411;418;3;415;2067;601;277;143;75;106;;;;;;;459;232;50;13;53;36;21;18;36;;;49;15;7;3;11;3;2;1;7;;;114;33;31;21;14;15;;;;;;504;427;77;;;;;;;;;271;180;91;;;64;64;;;5;5;;;;;;;;
Bezirk Hamburg-Nord;Wahlkreis 8 - Eppendorf - Winterhude - Hoheluft-Ost;Eppendorf;40502;STIMMBEZIRK;;;N;1237;690;547;0;516;9;507;516;1;515;2539;660;301;150;74;135;;;;;;;673;343;71;23;86;40;31;39;40;;;65;21;2;7;9;9;6;1;10;;;87;38;18;9;12;10;;;;;;644;537;107;;;;;;;;;321;208;113;;;87;87;;;2;2;;;;;;;;
Bezirk Hamburg-Nord;Wahlkreis 8 - Eppendorf - Winterhude - Hoheluft-Ost;Eppendorf;40504;STIMMBEZIRK;;;N;1213;680;533;0;409;0;409;407;7;400;1998;508;240;94;53;121;;;;;;;373;151;48;12;57;48;11;5;41;;;56;35;2;6;1;2;4;4;2;;;60;29;6;15;5;5;;;;;;590;519;71;;;;;;;;;344;190;154;;;66;66;;;1;1;;;;;;;;
Bezirk Hamburg-Nord;Wahlkreis 8 - Eppendorf - Winterhude - Hoheluft-Ost;Eppendorf;40505;STIMMBEZIRK;;;N;938;673;265;0;349;5;344;349;11;338;1665;622;273;138;57;154;;;;;;;348;153;33;12;60;28;10;19;33;;;42;15;2;8;3;10;2;0;2;;;40;7;11;4;13;5;;;;;;308;257;51;;;;;;;;;215;116;99;;;71;71;;;19;19;;;;;;;;
Bezirk Hamburg-Nord;Wahlkreis 8 - Eppendorf - Winterhude - Hoheluft-Ost;Eppendorf;40507;STIMMBEZIRK;;;N;1152;631;521;0;380;2;378;378;3;375;1874;508;247;115;54;92;;;;;;;267;143;38;10;31;13;8;10;14;;;40;22;2;5;2;3;1;2;3;;;117;57;17;17;12;14;;;;;;589;486;103;;;;;;;;;285;207;78;;;67;67;;;1;1;;;;;;;;
Bezirk Hamburg-Nord;Wahlkreis 8 - Eppendorf - Winterhude - Hoheluft-Ost;Eppendorf;40508;STIMMBEZIRK;;;N;1140;661;479;0;426;4;422;426;6;420;2097;566;303;91;64;108;;;;;;;289;126;35;13;29;35;23;8;20;;;68;29;0;4;14;4;6;1;10;;;96;41;14;14;14;13;;;;;;716;617;99;;;;;;;;;295;170;125;;;55;55;;;12;12;;;;;;;;
Bezirk Hamburg-Nord;Wahlkreis 8 - Eppendorf - Winterhude - Hoheluft-Ost;Eppendorf;4039901;BRIEFWAHLBEZIRK;;;N;0;0;0;0;657;657;0;654;3;651;3254;854;370;200;81;203;;;;;;;827;390;70;49;90;84;32;54;58;;;116;24;9;9;13;14;14;4;29;;;261;94;56;29;61;21;;;;;;812;692;120;;;;;;;;;280;150;130;;;78;78;;;26;26;;;;;;;;
Bezirk Hamburg-Nord;Wahlkreis 8 - Eppendorf - Winterhude - Hoheluft-Ost;Eppendorf;4039902;BRIEFWAHLBEZIRK;;;N;0;0;0;0;596;596;0;595;0;595;2964;711;300;195;73;143;;;;;;;755;354;86;18;89;76;37;49;46;;;166;87;10;11;22;10;11;6;9;;;228;76;43;28;38;43;;;;;;779;628;151;;;;;;;;;265;171;94;;;44;44;;;16;16;;;;;;;;
Bezirk Hamburg-Nord;Wahlkreis 8 - Eppendorf - Winterhude - Hoheluft-Ost;Eppendorf;4039903;BRIEFWAHLBEZIRK;;;N;0;0;0;0;595;595;0;594;7;587;2925;801;321;170;88;222;;;;;;;821;355;100;43;112;48;54;31;78;;;101;37;4;10;27;8;3;5;7;;;144;31;39;41;15;18;;;;;;705;592;113;;;;;;;;;237;160;77;;;95;95;;;21;21;;;;;;;;
Bezirk Hamburg-Nord;Wahlkreis 8 - Eppendorf - Winterhude - Hoheluft-Ost;Eppendorf;4039904;BRIEFWAHLBEZIRK;;;N;0;0;0;0;616;616;0;615;5;610;3019;718;362;151;59;146;;;;;;;767;301;74;40;128;65;37;30;92;;;147;71;7;15;11;1;10;14;18;;;197;61;38;43;32;23;;;;;;779;665;114;;;;;;;;;304;184;120;;;84;84;;;23;23;;;;;;;;
Bezirk Hamburg-Nord;Wahlkreis 8 - Eppendorf - Winterhude - Hoheluft-Ost;Eppendorf;4039905;BRIEFWAHLBEZIRK;;;N;0;0;0;0;600;600;0;595;3;592;2950;742;319;165;84;174;;;;;;;727;299;117;53;70;66;42;25;55;;;104;24;4;17;12;13;8;12;14;;;244;92;48;51;27;26;;;;;;786;681;105;;;;;;;;;294;164;130;;;51;51;;;2;2;;;;;;;;
Bezirk Hamburg-Nord;Wahlkreis 8 - Eppendorf - Winterhude - Hoheluft-Ost;Eppendorf;4039906;BRIEFWAHLBEZIRK;;;N;0;0;0;0;599;599;0;598;4;594;2958;671;329;146;68;128;;;;;;;837;317;108;19;131;95;42;34;91;;;183;75;11;11;34;15;18;4;15;;;209;74;37;48;33;17;;;;;;759;659;100;;;;;;;;;237;163;74;;;44;44;;;18;18;;;;;;;;
Bezirk Hamburg-Nord;Wahlkreis 8 - Eppendorf - Winterhude - Hoheluft-Ost;Eppendorf;4039907;BRIEFWAHLBEZIRK;;;N;0;0;0;0;603;603;0;600;5;595;2949;678;277;153;83;165;;;;;;;851;407;117;42;86;77;34;31;57;;;176;87;9;17;20;16;7;3;17;;;210;74;47;27;39;23;;;;;;726;631;95;;;;;;;;;242;145;97;;;54;54;;;12;12;;;;;;;;
Bezirk Hamburg-Nord;Wahlkreis 8 - Eppendorf - Winterhude - Hoheluft-Ost;Eppendorf;4039908;BRIEFWAHLBEZIRK;;;N;0;0;0;0;596;596;0;596;5;591;2950;706;335;153;71;147;;;;;;;793;381;76;26;83;96;47;25;59;;;226;64;6;28;34;27;14;37;16;;;192;76;41;20;26;29;;;;;;694;600;94;;;;;;;;;277;165;112;;;48;48;;;14;14;;;;;;;;
Bezirk Hamburg-Nord;Wahlkreis 8 - Eppendorf - Winterhude - Hoheluft-Ost;Eppendorf;4039909;BRIEFWAHLBEZIRK;;;N;0;0;0;0;599;599;0;598;8;590;2940;736;315;190;76;155;;;;;;;751;351;109;18;81;54;46;34;58;;;128;37;4;18;22;13;5;13;16;;;242;80;44;42;32;44;;;;;;722;608;114;;;;;;;;;267;174;93;;;90;90;;;4;4;;;;;;;;
Bezirk Hamburg-Nord;Wahlkreis 8 - Eppendorf - Winterhude - Hoheluft-Ost;Eppendorf;4039910;BRIEFWAHLBEZIRK;;;N;0;0;0;0;590;590;0;589;1;588;2924;698;292;152;76;178;;;;;;;737;327;103;34;80;80;32;33;48;;;180;68;18;18;23;14;8;4;27;;;165;59;44;25;15;22;;;;;;781;682;99;;;;;;;;;321;232;89;;;40;40;;;2;2;;;;;;;;
Bezirk Hamburg-Nord;Wahlkreis 8 - Eppendorf - Winterhude - Hoheluft-Ost;Eppendorf;4039911;BRIEFWAHLBEZIRK;;;N;0;0;0;0;598;598;0;597;3;594;2959;728;344;186;71;127;;;;;;;761;330;100;34;100;63;31;36;67;;;183;71;10;13;20;19;18;7;25;;;242;106;29;35;27;45;;;;;;777;639;138;;;;;;;;;230;144;86;;;24;24;;;14;14;;;;;;;;
Bezirk Hamburg-Nord;Wahlkreis 8 - Eppendorf - Winterhude - Hoheluft-Ost;Eppendorf;4039912;BRIEFWAHLBEZIRK;;;N;0;0;0;0;594;594;0;594;3;591;2917;606;279;148;56;123;;;;;;;747;296;111;36;103;84;34;19;64;;;150;52;8;16;30;10;6;15;13;;;268;75;57;61;38;37;;;;;;762;639;123;;;;;;;;;267;137;130;;;103;103;;;14;14;;;;;;;;
Bezirk Hamburg-Nord;Wahlkreis 8 - Eppendorf - Winterhude - Hoheluft-Ost;Eppendorf;4039913;BRIEFWAHLBEZIRK;;;N;0;0;0;0;494;494;0;493;2;491;2450;553;290;131;65;67;;;;;;;596;334;54;19;43;57;18;18;53;;;156;77;13;11;24;10;2;4;15;;;177;54;23;50;35;15;;;;;;627;538;89;;;;;;;;;292;212;80;;;37;37;;;12;12;;;;;;;;
Bezirk Hamburg-Nord;Wahlkreis 8 - Eppendorf - Winterhude - Hoheluft-Ost;Winterhude;40801;STIMMBEZIRK;;;N;1369;919;450;0;540;12;528;540;6;534;2648;783;482;133;87;81;;;;;;;351;188;37;5;36;31;13;3;38;;;41;16;7;4;2;3;1;0;8;;;101;44;19;8;11;19;;;;;;725;591;134;;;;;;;;;472;331;141;;;150;150;;;25;25;;;;;;;;
Bezirk Hamburg-Nord;Wahlkreis 8 - Eppendorf - Winterhude - Hoheluft-Ost;Winterhude;40802;STIMMBEZIRK;;;N;1148;676;472;0;425;7;418;425;9;416;2054;523;344;62;52;65;;;;;;;411;176;47;22;45;40;15;16;50;;;26;12;2;5;4;1;1;0;1;;;110;44;15;13;21;17;;;;;;464;429;35;;;;;;;;;333;207;126;;;177;177;;;10;10;;;;;;;;
Bezirk Hamburg-Nord;Wahlkreis 8 - Eppendorf - Winterhude - Hoheluft-Ost;Winterhude;40803;STIMMBEZIRK;;;N;1506;1082;424;0;470;1;469;470;8;462;2273;697;395;137;81;84;;;;;;;368;180;28;5;39;31;29;7;49;;;70;28;9;5;3;7;3;2;13;;;101;34;17;16;14;20;;;;;;402;317;85;;;;;;;;;358;227;131;;;249;249;;;28;28;;;;;;;;
Bezirk Hamburg-Nord;Wahlkreis 8 - Eppendorf - Winterhude - Hoheluft-Ost;Winterhude;40805;STIMMBEZIRK;;;N;1207;770;437;0;500;17;483;500;3;497;2469;818;516;110;99;93;;;;;;;373;180;28;14;64;30;19;11;27;;;61;29;3;3;4;9;9;1;3;;;122;44;38;9;16;15;;;;;;553;454;99;;;;;;;;;369;223;146;;;172;172;;;1;1;;;;;;;;
Bezirk Hamburg-Nord;Wahlkreis 8 - Eppendorf - Winterhude - Hoheluft-Ost;Winterhude;40806;STIMMBEZIRK;;;N;1106;655;451;0;449;7;442;449;6;443;2195;686;400;109;107;70;;;;;;;297;134;28;11;51;22;22;6;23;;;62;27;3;18;7;3;0;3;1;;;92;37;22;10;10;13;;;;;;688;579;109;;;;;;;;;319;222;97;;;46;46;;;5;5;;;;;;;;
Bezirk Hamburg-Nord;Wahlkreis 8 - Eppendorf - Winterhude - Hoheluft-Ost;Winterhude;40807;STIMMBEZIRK;;;N;850;527;323;0;406;8;398;406;5;401;2002;538;348;75;80;35;;;;;;;346;148;61;12;30;19;30;12;34;;;61;30;4;5;4;7;8;0;3;;;106;40;31;13;8;14;;;;;;692;587;105;;;;;;;;;195;111;84;;;53;53;;;11;11;;;;;;;;
Bezirk Hamburg-Nord;Wahlkreis 8 - Eppendorf - Winterhude - Hoheluft-Ost;Winterhude;40808;STIMMBEZIRK;;;N;1204;724;480;0;433;11;422;433;7;426;2123;604;381;76;75;72;;;;;;;292;93;35;10;56;36;20;11;31;;;36;5;3;8;3;3;3;2;9;;;117;55;13;14;20;15;;;;;;528;475;53;;;;;;;;;416;232;184;;;107;107;;;23;23;;;;;;;;
Bezirk Hamburg-Nord;Wahlkreis 8 - Eppendorf - Winterhude - Hoheluft-Ost;Winterhude;40809;STIMMBEZIRK;;;N;800;522;278;0;371;10;361;371;6;365;1810;518;328;85;59;46;;;;;;;276;144;24;12;39;22;11;13;11;;;35;3;6;1;5;4;5;3;8;;;87;47;21;5;12;2;;;;;;532;451;81;;;;;;;;;281;197;84;;;56;56;;;25;25;;;;;;;;
Bezirk Hamburg-Nord;Wahlkreis 8 - Eppendorf - Winterhude - Hoheluft-Ost;Winterhude;40901;STIMMBEZIRK;;;N;948;558;390;0;353;4;349;353;8;345;1711;453;290;68;56;39;;;;;;;463;215;33;25;45;42;25;19;59;;;50;24;2;9;2;2;0;10;1;;;75;26;10;10;21;8;;;;;;413;355;58;;;;;;;;;156;106;50;;;98;98;;;3;3;;;;;;;;
Bezirk Hamburg-Nord;Wahlkreis 8 - Eppendorf - Winterhude - Hoheluft-Ost;Winterhude;40904;STIMMBEZIRK;;;N;1248;739;509;0;491;4;487;491;4;487;2417;595;368;81;70;76;;;;;;;518;303;27;19;41;29;40;14;45;;;102;47;17;8;9;9;9;0;3;;;125;61;25;12;19;8;;;;;;683;595;88;;;;;;;;;288;169;119;;;106;106;;;0;0;;;;;;;;
Bezirk Hamburg-Nord;Wahlkreis 8 - Eppendorf - Winterhude - Hoheluft-Ost;Winterhude;40905;STIMMBEZIRK;;;N;1091;681;410;0;487;7;480;485;4;481;2405;663;450;105;63;45;;;;;;;535;292;54;17;38;39;28;19;48;;;103;43;2;20;9;12;2;3;12;;;73;39;17;5;7;5;;;;;;714;641;73;;;;;;;;;241;156;85;;;74;74;;;2;2;;;;;;;;
Bezirk Hamburg-Nord;Wahlkreis 8 - Eppendorf - Winterhude - Hoheluft-Ost;Winterhude;40906;STIMMBEZIRK;;;N;946;615;331;0;485;12;473;484;7;477;2370;583;371;51;61;100;;;;;;;477;254;45;7;38;34;40;16;43;;;55;19;2;8;7;9;1;1;8;;;143;71;31;22;13;6;;;;;;767;656;111;;;;;;;;;292;170;122;;;47;47;;;6;6;;;;;;;;
Bezirk Hamburg-Nord;Wahlkreis 8 - Eppendorf - Winterhude - Hoheluft-Ost;Winterhude;40907;STIMMBEZIRK;;;N;824;474;350;0;326;11;315;326;0;326;1616;437;278;59;68;32;;;;;;;312;169;32;8;24;20;19;10;30;;;51;31;7;1;3;4;0;0;5;;;92;30;30;16;13;3;;;;;;435;373;62;;;;;;;;;192;118;74;;;86;86;;;11;11;;;;;;;;
Bezirk Hamburg-Nord;Wahlkreis 8 - Eppendorf - Winterhude - Hoheluft-Ost;Winterhude;40908;STIMMBEZIRK;;;N;1362;734;628;0;513;6;507;513;7;506;2528;715;487;83;63;82;;;;;;;521;335;38;13;57;19;18;1;40;;;34;11;6;3;6;1;1;1;5;;;104;40;19;25;11;9;;;;;;804;698;106;;;;;;;;;238;152;86;;;90;90;;;22;22;;;;;;;;
Bezirk Hamburg-Nord;Wahlkreis 8 - Eppendorf - Winterhude - Hoheluft-Ost;Winterhude;40909;STIMMBEZIRK;;;N;1052;575;477;0;395;8;387;395;0;395;1936;502;350;51;60;41;;;;;;;415;252;46;20;17;25;21;4;30;;;46;23;6;1;7;0;0;5;4;;;79;31;23;8;11;6;;;;;;511;435;76;;;;;;;;;273;167;106;;;100;100;;;10;10;;;;;;;;
Bezirk Hamburg-Nord;Wahlkreis 8 - Eppendorf - Winterhude - Hoheluft-Ost;Winterhude;40910;STIMMBEZIRK;;;N;1226;756;470;0;563;17;546;563;5;558;2771;778;529;115;81;53;;;;;;;628;296;111;22;45;36;49;5;64;;;78;20;3;27;5;10;5;1;7;;;129;54;29;21;17;8;;;;;;852;771;81;;;;;;;;;195;124;71;;;94;94;;;17;17;;;;;;;;
Bezirk Hamburg-Nord;Wahlkreis 8 - Eppendorf - Winterhude - Hoheluft-Ost;Winterhude;40911;STIMMBEZIRK;;;N;1354;850;504;0;522;8;514;522;7;515;2568;775;449;157;97;72;;;;;;;318;157;51;4;27;21;23;6;29;;;100;24;11;17;13;26;6;2;1;;;89;36;16;6;20;11;;;;;;723;610;113;;;;;;;;;451;254;197;;;91;91;;;21;21;;;;;;;;
Bezirk Hamburg-Nord;Wahlkreis 8 - Eppendorf - Winterhude - Hoheluft-Ost;Winterhude;41001;STIMMBEZIRK;;;N;846;512;334;0;348;10;338;348;1;347;1722;421;296;51;49;25;;;;;;;218;105;31;10;21;9;15;7;20;;;57;20;4;5;11;6;3;1;7;;;96;34;19;21;13;9;;;;;;471;415;56;;;;;;;;;349;238;111;;;97;97;;;13;13;;;;;;;;
Bezirk Hamburg-Nord;Wahlkreis 8 - Eppendorf - Winterhude - Hoheluft-Ost;Winterhude;41002;STIMMBEZIRK;;;N;800;511;289;0;262;4;258;262;2;260;1288;289;175;42;41;31;;;;;;;222;108;27;7;13;11;8;21;27;;;58;13;11;5;2;12;5;5;5;;;58;33;18;0;6;1;;;;;;339;282;57;;;;;;;;;253;176;77;;;63;63;;;6;6;;;;;;;;
Bezirk Hamburg-Nord;Wahlkreis 8 - Eppendorf - Winterhude - Hoheluft-Ost;Winterhude;41003;STIMMBEZIRK;;;N;870;589;281;0;347;7;340;347;5;342;1705;518;325;91;62;40;;;;;;;256;125;24;10;31;20;17;5;24;;;79;29;10;5;11;6;2;0;16;;;109;47;23;18;11;10;;;;;;430;369;61;;;;;;;;;213;139;74;;;92;92;;;8;8;;;;;;;;
Bezirk Hamburg-Nord;Wahlkreis 8 - Eppendorf - Winterhude - Hoheluft-Ost;Winterhude;41004;STIMMBEZIRK;;;N;881;541;340;0;361;8;353;361;11;350;1743;531;334;76;79;42;;;;;;;350;203;34;5;28;10;29;5;36;;;41;12;3;2;8;1;12;3;0;;;68;22;11;16;17;2;;;;;;426;390;36;;;;;;;;;229;158;71;;;94;94;;;4;4;;;;;;;;
Bezirk Hamburg-Nord;Wahlkreis 8 - Eppendorf - Winterhude - Hoheluft-Ost;Winterhude;41005;STIMMBEZIRK;;;N;1218;813;405;0;558;5;553;558;10;548;2708;763;513;90;84;76;;;;;;;561;296;45;20;84;34;26;9;47;;;69;24;15;10;4;8;3;2;3;;;130;60;45;10;10;5;;;;;;662;575;87;;;;;;;;;376;242;134;;;142;142;;;5;5;;;;;;;;
Bezirk Hamburg-Nord;Wahlkreis 8 - Eppendorf - Winterhude - Hoheluft-Ost;Winterhude;41006;STIMMBEZIRK;;;N;981;560;421;0;373;8;365;365;1;364;1808;502;331;82;51;38;;;;;;;481;258;43;23;37;35;25;6;54;;;69;28;6;0;2;14;6;8;5;;;55;36;7;8;2;2;;;;;;501;454;47;;;;;;;;;159;108;51;;;35;35;;;6;6;;;;;;;;
Bezirk Hamburg-Nord;Wahlkreis 8 - Eppendorf - Winterhude - Hoheluft-Ost;Winterhude;41008;STIMMBEZIRK;;;N;1107;681;426;0;466;10;456;466;2;464;2304;626;367;91;110;58;;;;;;;414;217;34;10;40;26;37;7;43;;;77;22;4;15;3;7;16;3;7;;;114;52;23;6;19;14;;;;;;713;628;85;;;;;;;;;238;138;100;;;111;111;;;11;11;;;;;;;;
Bezirk Hamburg-Nord;Wahlkreis 8 - Eppendorf - Winterhude - Hoheluft-Ost;Winterhude;41101;STIMMBEZIRK;;;N;1114;663;451;0;437;6;431;437;0;437;2178;575;361;65;77;72;;;;;;;269;100;33;17;38;21;17;6;37;;;75;28;9;9;13;8;4;0;4;;;114;61;23;11;11;8;;;;;;730;605;125;;;;;;;;;322;214;108;;;87;87;;;6;6;;;;;;;;
Bezirk Hamburg-Nord;Wahlkreis 8 - Eppendorf - Winterhude - Hoheluft-Ost;Winterhude;41102;STIMMBEZIRK;;;N;1173;763;410;0;499;9;490;499;4;495;2454;677;462;60;99;56;;;;;;;262;143;24;6;26;10;16;4;33;;;74;30;8;5;11;11;4;0;5;;;129;47;36;21;14;11;;;;;;680;582;98;;;;;;;;;509;344;165;;;103;103;;;20;20;;;;;;;;
Bezirk Hamburg-Nord;Wahlkreis 8 - Eppendorf - Winterhude - Hoheluft-Ost;Winterhude;41103;STIMMBEZIRK;;;N;1262;780;482;0;538;12;526;538;5;533;2627;650;438;64;79;69;;;;;;;325;173;33;7;31;21;26;0;34;;;67;24;12;4;1;14;5;2;5;;;111;47;29;7;18;10;;;;;;787;682;105;;;;;;;;;518;330;188;;;148;148;;;21;21;;;;;;;;
Bezirk Hamburg-Nord;Wahlkreis 8 - Eppendorf - Winterhude - Hoheluft-Ost;Winterhude;41105;STIMMBEZIRK;;;N;1220;725;495;0;437;0;437;437;5;432;2145;659;473;77;64;45;;;;;;;234;128;21;3;20;14;18;5;25;;;35;12;2;9;7;1;2;1;1;;;99;51;18;9;18;3;;;;;;576;519;57;;;;;;;;;414;278;136;;;120;120;;;8;8;;;;;;;;
Bezirk Hamburg-Nord;Wahlkreis 8 - Eppendorf - Winterhude - Hoheluft-Ost;Winterhude;41106;STIMMBEZIRK;;;N;978;598;380;0;379;14;365;379;4;375;1869;541;356;39;85;61;;;;;;;212;114;21;2;16;19;13;2;25;;;29;7;4;6;2;1;3;2;4;;;76;20;31;8;13;4;;;;;;562;501;61;;;;;;;;;393;279;114;;;51;51;;;5;5;;;;;;;;
Bezirk Hamburg-Nord;Wahlkreis 8 - Eppendorf - Winterhude - Hoheluft-Ost;Winterhude;41107;STIMMBEZIRK;;;N;1158;692;466;0;495;7;488;495;6;489;2416;737;436;132;88;81;;;;;;;382;197;34;12;45;29;30;3;32;;;55;10;7;16;8;5;3;1;5;;;82;27;27;5;16;7;;;;;;656;563;93;;;;;;;;;323;235;88;;;168;168;;;13;13;;;;;;;;
Bezirk Hamburg-Nord;Wahlkreis 8 - Eppendorf - Winterhude - Hoheluft-Ost;Winterhude;41109;STIMMBEZIRK;;;N;837;549;288;0;400;11;389;400;1;399;1941;567;403;56;63;45;;;;;;;290;126;41;5;39;20;11;7;41;;;65;17;8;10;11;5;12;2;0;;;64;30;15;11;6;2;;;;;;549;476;73;;;;;;;;;315;220;95;;;81;81;;;10;10;;;;;;;;
Bezirk Hamburg-Nord;Wahlkreis 8 - Eppendorf - Winterhude - Hoheluft-Ost;Winterhude;41202;STIMMBEZIRK;;;N;1160;700;460;0;486;13;473;485;6;479;2383;724;498;83;81;62;;;;;;;435;232;43;9;48;36;32;4;31;;;109;36;17;22;7;12;9;0;6;;;118;35;32;12;25;14;;;;;;547;470;77;;;;;;;;;346;232;114;;;99;99;;;5;5;;;;;;;;
Bezirk Hamburg-Nord;Wahlkreis 8 - Eppendorf - Winterhude - Hoheluft-Ost;Winterhude;41203;STIMMBEZIRK;;;N;1252;758;494;0;516;4;512;516;6;510;2544;735;499;89;82;65;;;;;;;478;234;61;17;30;46;25;11;54;;;51;12;2;10;4;4;8;1;10;;;141;67;36;10;14;14;;;;;;682;589;93;;;;;;;;;317;196;121;;;129;129;;;11;11;;;;;;;;
Bezirk Hamburg-Nord;Wahlkreis 8 - Eppendorf - Winterhude - Hoheluft-Ost;Winterhude;41205;STIMMBEZIRK;;;N;1261;752;509;0;523;8;515;523;3;520;2584;711;447;95;95;74;;;;;;;496;252;58;17;61;29;16;26;37;;;110;19;14;16;20;16;11;4;10;;;141;58;31;16;15;21;;;;;;686;621;65;;;;;;;;;370;265;105;;;60;60;;;10;10;;;;;;;;
Bezirk Hamburg-Nord;Wahlkreis 8 - Eppendorf - Winterhude - Hoheluft-Ost;Winterhude;41206;STIMMBEZIRK;;;N;985;552;433;0;340;6;334;340;4;336;1678;426;298;59;43;26;;;;;;;315;157;27;14;23;22;28;12;32;;;58;23;7;4;15;2;3;2;2;;;128;74;18;14;8;14;;;;;;491;406;85;;;;;;;;;211;133;78;;;44;44;;;5;5;;;;;;;;
Bezirk Hamburg-Nord;Wahlkreis 8 - Eppendorf - Winterhude - Hoheluft-Ost;Winterhude;41302;STIMMBEZIRK;;;N;1059;561;498;0;370;10;360;370;4;366;1823;390;215;75;40;60;;;;;;;616;383;63;27;33;20;32;19;39;;;93;45;10;5;12;6;11;0;4;;;71;27;19;6;9;10;;;;;;406;357;49;;;;;;;;;159;107;52;;;78;78;;;10;10;;;;;;;;
Bezirk Hamburg-Nord;Wahlkreis 8 - Eppendorf - Winterhude - Hoheluft-Ost;Winterhude;41303;STIMMBEZIRK;;;N;648;401;247;0;266;8;258;266;5;261;1301;399;238;76;51;34;;;;;;;264;163;18;8;17;11;11;11;25;;;34;2;2;13;3;4;3;2;5;;;58;35;11;6;4;2;;;;;;356;313;43;;;;;;;;;158;106;52;;;32;32;;;0;0;;;;;;;;
Bezirk Hamburg-Nord;Wahlkreis 8 - Eppendorf - Winterhude - Hoheluft-Ost;Winterhude;41304;STIMMBEZIRK;;;N;1205;697;508;0;444;18;426;444;4;440;2190;602;379;110;66;47;;;;;;;490;267;49;16;39;42;26;10;41;;;71;14;10;15;11;10;4;3;4;;;99;41;19;15;14;10;;;;;;597;508;89;;;;;;;;;232;149;83;;;92;92;;;7;7;;;;;;;;
Bezirk Hamburg-Nord;Wahlkreis 8 - Eppendorf - Winterhude - Hoheluft-Ost;Winterhude;41306;STIMMBEZIRK;;;N;1126;558;568;0;360;14;346;359;2;357;1777;311;195;54;30;32;;;;;;;914;500;80;57;60;35;40;23;119;;;96;56;11;12;5;8;2;1;1;;;51;16;6;7;10;12;;;;;;228;216;12;;;;;;;;;45;27;18;;;127;127;;;5;5;;;;;;;;
Bezirk Hamburg-Nord;Wahlkreis 8 - Eppendorf - Winterhude - Hoheluft-Ost;Winterhude;41308;STIMMBEZIRK;;;N;1153;571;582;0;355;3;352;355;3;352;1731;399;239;49;64;47;;;;;;;673;378;75;50;32;27;35;15;61;;;46;23;6;4;1;6;3;1;2;;;44;27;6;3;7;1;;;;;;389;339;50;;;;;;;;;81;38;43;;;88;88;;;11;11;;;;;;;;
Bezirk Hamburg-Nord;Wahlkreis 8 - Eppendorf - Winterhude - Hoheluft-Ost;Winterhude;41309;STIMMBEZIRK;;;N;1063;589;474;0;374;11;363;374;0;374;1853;486;329;66;52;39;;;;;;;508;309;59;9;21;24;42;1;43;;;60;11;6;19;4;10;2;1;7;;;107;48;23;18;9;9;;;;;;368;328;40;;;;;;;;;201;116;85;;;123;123;;;0;0;;;;;;;;
Bezirk Hamburg-Nord;Wahlkreis 8 - Eppendorf - Winterhude - Hoheluft-Ost;Winterhude;4089901;BRIEFWAHLBEZIRK;;;N;0;0;0;0;695;695;0;695;8;687;3415;1086;692;127;139;128;;;;;;;746;322;90;35;92;30;55;28;94;;;109;46;10;13;12;13;5;3;7;;;239;97;74;22;27;19;;;;;;829;681;148;;;;;;;;;310;196;114;;;96;96;;;0;0;;;;;;;;
Bezirk Hamburg-Nord;Wahlkreis 8 - Eppendorf - Winterhude - Hoheluft-Ost;Winterhude;4089902;BRIEFWAHLBEZIRK;;;N;0;0;0;0;696;696;0;696;12;684;3386;927;570;131;117;109;;;;;;;774;364;92;27;67;53;70;10;91;;;135;37;18;12;16;14;25;5;8;;;160;50;36;17;40;17;;;;;;868;737;131;;;;;;;;;380;218;162;;;127;127;;;15;15;;;;;;;;
Bezirk Hamburg-Nord;Wahlkreis 8 - Eppendorf - Winterhude - Hoheluft-Ost;Winterhude;4089903;BRIEFWAHLBEZIRK;;;N;0;0;0;0;698;698;0;696;10;686;3411;924;514;134;133;143;;;;;;;763;377;82;29;65;46;51;15;98;;;150;48;13;21;9;13;28;6;12;;;198;90;50;14;28;16;;;;;;845;709;136;;;;;;;;;393;236;157;;;92;92;;;46;46;;;;;;;;
Bezirk Hamburg-Nord;Wahlkreis 8 - Eppendorf - Winterhude - Hoheluft-Ost;Winterhude;4089904;BRIEFWAHLBEZIRK;;;N;0;0;0;0;694;694;0;693;7;686;3407;847;558;83;104;102;;;;;;;881;430;102;29;69;72;69;10;100;;;204;70;12;36;18;30;18;6;14;;;224;81;66;24;31;22;;;;;;824;715;109;;;;;;;;;333;211;122;;;72;72;;;22;22;;;;;;;;
Bezirk Hamburg-Nord;Wahlkreis 8 - Eppendorf - Winterhude - Hoheluft-Ost;Winterhude;4089905;BRIEFWAHLBEZIRK;;;N;0;0;0;0;695;695;0;695;3;692;3450;1014;638;142;125;109;;;;;;;741;339;85;24;70;39;64;31;89;;;144;51;15;15;11;20;14;7;11;;;194;86;41;29;21;17;;;;;;950;823;127;;;;;;;;;320;220;100;;;74;74;;;13;13;;;;;;;;
Bezirk Hamburg-Nord;Wahlkreis 8 - Eppendorf - Winterhude - Hoheluft-Ost;Winterhude;4089906;BRIEFWAHLBEZIRK;;;N;0;0;0;0;700;700;0;694;7;687;3435;788;483;89;120;96;;;;;;;842;326;114;32;103;46;85;25;111;;;174;56;26;23;5;12;26;4;22;;;306;114;84;32;48;28;;;;;;844;718;126;;;;;;;;;357;249;108;;;93;93;;;31;31;;;;;;;;
Bezirk Hamburg-Nord;Wahlkreis 8 - Eppendorf - Winterhude - Hoheluft-Ost;Winterhude;4089907;BRIEFWAHLBEZIRK;;;N;0;0;0;0;693;693;0;693;3;690;3450;836;503;131;114;88;;;;;;;829;390;82;29;93;57;40;24;114;;;213;47;34;26;15;42;21;3;25;;;252;86;63;42;30;31;;;;;;806;688;118;;;;;;;;;361;214;147;;;135;135;;;18;18;;;;;;;;
Bezirk Hamburg-Nord;Wahlkreis 8 - Eppendorf - Winterhude - Hoheluft-Ost;Winterhude;4089908;BRIEFWAHLBEZIRK;;;N;0;0;0;0;696;696;0;696;18;678;3383;861;523;97;111;130;;;;;;;709;366;63;21;61;68;47;15;68;;;165;43;20;13;14;34;11;7;23;;;252;137;48;28;24;15;;;;;;895;757;138;;;;;;;;;355;250;105;;;111;111;;;35;35;;;;;;;;
Bezirk Hamburg-Nord;Wahlkreis 8 - Eppendorf - Winterhude - Hoheluft-Ost;Winterhude;4089909;BRIEFWAHLBEZIRK;;;N;0;0;0;0;596;596;0;596;5;591;2949;731;448;116;92;75;;;;;;;731;348;111;18;57;74;32;13;78;;;128;32;16;24;17;16;9;2;12;;;204;75;59;30;21;19;;;;;;787;669;118;;;;;;;;;271;185;86;;;83;83;;;14;14;;;;;;;;
Bezirk Hamburg-Nord;Wahlkreis 8 - Eppendorf - Winterhude - Hoheluft-Ost;Winterhude;4089910;BRIEFWAHLBEZIRK;;;N;0;0;0;0;602;602;0;602;15;587;2905;715;423;105;89;98;;;;;;;703;330;85;25;63;40;40;25;95;;;146;41;13;14;19;20;21;10;8;;;201;65;51;34;35;16;;;;;;730;620;110;;;;;;;;;318;218;100;;;60;60;;;32;32;;;;;;;;
Bezirk Hamburg-Nord;Wahlkreis 8 - Eppendorf - Winterhude - Hoheluft-Ost;Winterhude;4089911;BRIEFWAHLBEZIRK;;;N;0;0;0;0;596;596;0;596;6;590;2938;718;433;97;105;83;;;;;;;718;356;74;24;58;62;58;17;69;;;143;36;5;33;11;24;23;4;7;;;203;98;38;22;24;21;;;;;;750;644;106;;;;;;;;;313;214;99;;;85;85;;;8;8;;;;;;;;
Bezirk Hamburg-Nord;Wahlkreis 8 - Eppendorf - Winterhude - Hoheluft-Ost;Winterhude;4089912;BRIEFWAHLBEZIRK;;;N;0;0;0;0;596;596;0;596;11;585;2910;738;449;119;84;86;;;;;;;711;291;100;25;75;52;38;23;107;;;185;58;18;22;10;27;21;5;24;;;207;86;37;46;26;12;;;;;;767;623;144;;;;;;;;;244;158;86;;;55;55;;;3;3;;;;;;;;
Bezirk Hamburg-Nord;Wahlkreis 8 - Eppendorf - Winterhude - Hoheluft-Ost;Winterhude;4089913;BRIEFWAHLBEZIRK;;;N;0;0;0;0;596;596;0;596;8;588;2899;680;407;95;105;73;;;;;;;712;346;81;28;60;46;45;20;86;;;145;47;11;26;22;12;18;3;6;;;191;75;50;23;25;18;;;;;;836;684;152;;;;;;;;;246;146;100;;;81;81;;;8;8;;;;;;;;
Bezirk Hamburg-Nord;Wahlkreis 8 - Eppendorf - Winterhude - Hoheluft-Ost;Winterhude;4089914;BRIEFWAHLBEZIRK;;;N;0;0;0;0;592;592;0;591;5;586;2927;792;479;100;112;101;;;;;;;656;339;58;30;65;46;35;14;69;;;160;54;14;13;22;21;20;9;7;;;217;82;50;32;30;23;;;;;;730;640;90;;;;;;;;;303;202;101;;;52;52;;;17;17;;;;;;;;
Bezirk Hamburg-Nord;Wahlkreis 8 - Eppendorf - Winterhude - Hoheluft-Ost;Winterhude;4089915;BRIEFWAHLBEZIRK;;;N;0;0;0;0;598;598;0;598;3;595;2957;814;502;98;110;104;;;;;;;777;380;85;45;82;35;48;25;77;;;172;65;28;22;14;19;10;5;9;;;168;66;46;18;25;13;;;;;;664;556;108;;;;;;;;;275;171;104;;;66;66;;;21;21;;;;;;;;
Bezirk Hamburg-Nord;Wahlkreis 8 - Eppendorf - Winterhude - Hoheluft-Ost;Winterhude;4089916;BRIEFWAHLBEZIRK;;;N;0;0;0;0;597;597;0;593;3;590;2948;751;440;90;107;114;;;;;;;555;249;59;29;62;43;37;7;69;;;134;28;10;12;12;34;19;5;14;;;243;113;46;30;37;17;;;;;;757;601;156;;;;;;;;;397;251;146;;;102;102;;;9;9;;;;;;;;
Bezirk Hamburg-Nord;Wahlkreis 8 - Eppendorf - Winterhude - Hoheluft-Ost;Winterhude;4089917;BRIEFWAHLBEZIRK;;;N;0;0;0;0;600;600;0;600;4;596;2960;693;359;95;138;101;;;;;;;724;330;77;24;78;64;62;27;62;;;131;34;17;15;9;19;17;3;17;;;231;97;56;23;45;10;;;;;;764;649;115;;;;;;;;;318;192;126;;;76;76;;;23;23;;;;;;;;
Bezirk Hamburg-Nord;Wahlkreis 8 - Eppendorf - Winterhude - Hoheluft-Ost;Winterhude;4089918;BRIEFWAHLBEZIRK;;;N;0;0;0;0;596;596;0;596;3;593;2948;759;465;88;115;91;;;;;;;728;369;72;31;68;37;58;16;77;;;143;37;9;15;15;26;14;2;25;;;214;74;36;52;33;19;;;;;;763;640;123;;;;;;;;;231;159;72;;;90;90;;;20;20;;;;;;;;
Bezirk Hamburg-Nord;Wahlkreis 8 - Eppendorf - Winterhude - Hoheluft-Ost;Winterhude;4089919;BRIEFWAHLBEZIRK;;;N;0;0;0;0;596;596;0;596;6;590;2945;718;458;97;92;71;;;;;;;666;285;72;22;78;65;42;15;87;;;158;46;9;22;16;20;21;8;16;;;254;100;61;36;32;25;;;;;;726;629;97;;;;;;;;;292;179;113;;;115;115;;;16;16;;;;;;;;
Bezirk Hamburg-Nord;Wahlkreis 8 - Eppendorf - Winterhude - Hoheluft-Ost;Winterhude;4089920;BRIEFWAHLBEZIRK;;;N;0;0;0;0;594;594;0;593;9;584;2915;763;428;120;119;96;;;;;;;672;337;75;20;89;33;38;14;66;;;121;46;8;9;20;23;5;6;4;;;215;74;56;32;28;25;;;;;;689;602;87;;;;;;;;;350;206;144;;;88;88;;;17;17;;;;;;;;
Bezirk Hamburg-Nord;Wahlkreis 8 - Eppendorf - Winterhude - Hoheluft-Ost;Winterhude;4089921;BRIEFWAHLBEZIRK;;;N;0;0;0;0;598;598;0;598;8;590;2935;766;471;85;130;80;;;;;;;681;317;70;38;58;35;35;18;110;;;95;32;8;17;9;10;11;3;5;;;205;90;51;21;18;25;;;;;;818;689;129;;;;;;;;;290;181;109;;;62;62;;;18;18;;;;;;;;
Bezirk Hamburg-Nord;Wahlkreis 8 - Eppendorf - Winterhude - Hoheluft-Ost;Winterhude;4089922;BRIEFWAHLBEZIRK;;;N;0;0;0;0;601;601;0;601;1;600;2990;708;440;109;89;70;;;;;;;772;336;108;28;71;59;52;16;102;;;144;54;10;6;7;17;22;6;22;;;227;81;46;31;41;28;;;;;;731;601;130;;;;;;;;;302;194;108;;;70;70;;;36;36;;;;;;;;
Bezirk Hamburg-Nord;Wahlkreis 8 - Eppendorf - Winterhude - Hoheluft-Ost;Winterhude;4089923;BRIEFWAHLBEZIRK;;;N;0;0;0;0;597;597;0;596;5;591;2949;705;429;99;91;86;;;;;;;637;293;75;40;63;51;40;11;64;;;156;44;18;28;13;13;18;5;17;;;181;67;34;34;30;16;;;;;;808;661;147;;;;;;;;;336;213;123;;;104;104;;;22;22;;;;;;;;
Bezirk Hamburg-Nord;Wahlkreis 8 - Eppendorf - Winterhude - Hoheluft-Ost;Winterhude;4089924;BRIEFWAHLBEZIRK;;;N;0;0;0;0;599;599;0;599;5;594;2965;769;430;118;125;96;;;;;;;709;385;70;23;65;38;43;9;76;;;95;34;5;15;14;5;13;4;5;;;183;86;30;24;28;15;;;;;;791;664;127;;;;;;;;;304;205;99;;;95;95;;;19;19;;;;;;;;
Bezirk Hamburg-Nord;Wahlkreis 8 - Eppendorf - Winterhude - Hoheluft-Ost;Winterhude;4089925;BRIEFWAHLBEZIRK;;;N;0;0;0;0;400;400;0;400;1;399;1989;456;267;72;52;65;;;;;;;490;191;74;20;56;47;40;4;58;;;121;36;7;7;20;23;14;3;11;;;176;77;58;19;15;7;;;;;;474;413;61;;;;;;;;;225;149;76;;;29;29;;;18;18;;;;;;;;
Bezirk Hamburg-Nord;Wahlkreis 8 - Eppendorf - Winterhude - Hoheluft-Ost;Winterhude;4089926;BRIEFWAHLBEZIRK;;;N;0;0;0;0;354;354;0;354;7;347;1734;373;210;44;71;48;;;;;;;518;240;56;11;50;28;37;16;80;;;88;23;22;11;6;10;4;10;2;;;98;54;16;7;13;8;;;;;;440;369;71;;;;;;;;;168;119;49;;;42;42;;;7;7;;;;;;;;
Bezirk Hamburg-Nord;Wahlkreis 8 - Eppendorf - Winterhude - Hoheluft-Ost;Winterhude;4089927;BRIEFWAHLBEZIRK;;;N;0;0;0;0;370;370;0;370;3;367;1833;458;283;41;93;41;;;;;;;495;230;59;25;42;33;33;20;53;;;73;14;11;7;6;18;10;3;4;;;123;58;28;11;13;13;;;;;;479;412;67;;;;;;;;;154;90;64;;;43;43;;;8;8;;;;;;;;
Bezirk Hamburg-Nord;Wahlkreis 9 - Barmbek - Uhlenhorst - Dulsberg;Uhlenhorst;41401;STIMMBEZIRK;;;N;1056;612;444;0;378;7;371;378;6;372;1844;578;297;75;61;82;29;34;;;;;417;200;39;25;23;27;6;57;13;6;21;62;13;26;6;3;3;3;6;0;2;0;10;0;0;0;0;1;0;7;1;0;1;215;151;45;19;;;;;;;;92;56;32;4;;392;281;111;;78;45;33;0;0;0;0;;;
Bezirk Hamburg-Nord;Wahlkreis 9 - Barmbek - Uhlenhorst - Dulsberg;Uhlenhorst;41403;STIMMBEZIRK;;;N;1112;669;443;0;465;8;457;465;9;456;2265;703;382;106;60;100;30;25;;;;;464;189;87;32;23;21;6;75;22;3;6;101;11;38;8;17;5;13;5;1;3;0;6;2;0;1;0;0;2;1;0;0;0;185;122;48;15;;;;;;;;143;90;47;6;;602;438;164;;59;38;21;2;2;0;0;;;
Bezirk Hamburg-Nord;Wahlkreis 9 - Barmbek - Uhlenhorst - Dulsberg;Uhlenhorst;41405;STIMMBEZIRK;;;N;1097;561;536;0;337;5;332;337;3;334;1641;462;272;40;41;71;21;17;;;;;462;239;52;32;27;15;13;55;10;4;15;72;11;3;28;14;1;8;6;1;0;0;0;0;0;0;0;0;0;0;0;0;0;96;68;23;5;;;;;;;;81;45;31;5;;342;253;89;;120;72;48;5;5;1;1;;;
Bezirk Hamburg-Nord;Wahlkreis 9 - Barmbek - Uhlenhorst - Dulsberg;Uhlenhorst;41406;STIMMBEZIRK;;;N;1314;708;606;0;452;13;439;451;3;448;2228;656;372;92;64;76;20;32;;;;;516;255;81;31;19;33;3;70;11;2;11;126;25;20;16;6;17;24;8;3;5;2;5;0;0;0;0;0;5;0;0;0;0;223;157;54;12;;;;;;;;62;35;22;5;;471;331;140;;164;127;37;0;0;5;5;;;
Bezirk Hamburg-Nord;Wahlkreis 9 - Barmbek - Uhlenhorst - Dulsberg;Uhlenhorst;41407;STIMMBEZIRK;;;N;1110;633;477;0;402;1;401;402;3;399;1977;515;243;76;55;109;15;17;;;;;712;315;119;41;27;38;15;126;14;5;12;109;33;19;10;2;2;35;2;1;5;0;7;5;0;0;0;0;0;2;0;0;0;106;71;29;6;;;;;;;;73;47;19;7;;327;235;92;;127;54;73;1;1;0;0;;;
Bezirk Hamburg-Nord;Wahlkreis 9 - Barmbek - Uhlenhorst - Dulsberg;Uhlenhorst;41408;STIMMBEZIRK;;;N;1027;639;388;0;423;10;413;423;8;415;2073;567;296;76;54;79;23;39;;;;;479;205;86;34;37;37;9;39;14;5;13;76;22;10;10;8;13;9;1;3;0;0;1;0;0;0;0;0;0;0;0;0;1;226;169;39;18;;;;;;;;138;64;65;9;;485;323;162;;101;68;33;0;0;0;0;;;
Bezirk Hamburg-Nord;Wahlkreis 9 - Barmbek - Uhlenhorst - Dulsberg;Uhlenhorst;41501;STIMMBEZIRK;;;N;1451;921;530;0;613;10;603;613;10;603;2998;878;452;142;98;90;45;51;;;;;551;265;73;46;30;36;11;46;26;8;10;134;32;46;9;14;5;6;6;7;4;5;6;2;0;0;2;1;1;0;0;0;0;347;223;90;34;;;;;;;;157;80;63;14;;746;509;237;;157;109;48;21;21;1;1;;;
Bezirk Hamburg-Nord;Wahlkreis 9 - Barmbek - Uhlenhorst - Dulsberg;Uhlenhorst;41502;STIMMBEZIRK;;;N;1412;928;484;0;565;7;558;565;5;560;2800;800;416;105;94;113;21;51;;;;;566;249;88;50;27;32;12;64;23;8;13;95;28;15;10;15;9;8;8;1;0;1;11;1;0;2;0;4;1;0;2;0;1;459;357;76;26;;;;;;;;131;71;52;8;;562;357;205;;161;118;43;10;10;5;5;;;
Bezirk Hamburg-Nord;Wahlkreis 9 - Barmbek - Uhlenhorst - Dulsberg;Uhlenhorst;41503;STIMMBEZIRK;;;N;1147;610;537;0;417;6;411;417;5;412;2050;488;264;66;33;91;12;22;;;;;590;323;71;45;26;34;6;58;4;10;13;98;19;30;8;14;6;13;4;0;3;1;5;2;1;0;1;0;0;0;1;0;0;229;139;61;29;;;;;;;;103;60;38;5;;430;280;150;;104;63;41;3;3;0;0;;;
Bezirk Hamburg-Nord;Wahlkreis 9 - Barmbek - Uhlenhorst - Dulsberg;Uhlenhorst;41505;STIMMBEZIRK;;;N;1187;628;559;0;402;7;395;402;7;395;1964;516;268;57;43;121;18;9;;;;;651;336;93;63;30;41;10;55;8;2;13;96;40;17;4;2;13;6;10;0;1;3;7;3;0;0;0;1;3;0;0;0;0;133;100;23;10;;;;;;;;99;61;29;9;;398;283;115;;58;41;17;6;6;0;0;;;
Bezirk Hamburg-Nord;Wahlkreis 9 - Barmbek - Uhlenhorst - Dulsberg;Uhlenhorst;41507;STIMMBEZIRK;;;N;1281;750;531;0;520;10;510;520;5;515;2559;706;351;101;84;116;19;35;;;;;566;292;68;26;18;22;22;88;11;14;5;88;19;14;8;13;18;9;2;1;0;4;15;5;0;0;0;0;0;0;10;0;0;323;203;85;35;;;;;;;;163;76;71;16;;609;371;238;;87;52;35;1;1;1;1;;;
Bezirk Hamburg-Nord;Wahlkreis 9 - Barmbek - Uhlenhorst - Dulsberg;Uhlenhorst;41508;STIMMBEZIRK;;;N;1321;745;576;0;439;7;432;439;8;431;2096;641;317;119;75;88;14;28;;;;;473;228;53;37;13;42;17;52;19;2;10;92;25;12;4;23;8;12;8;0;0;0;6;2;1;1;1;1;0;0;0;0;0;215;149;51;15;;;;;;;;106;43;51;12;;465;312;153;;97;72;25;1;1;0;0;;;
Bezirk Hamburg-Nord;Wahlkreis 9 - Barmbek - Uhlenhorst - Dulsberg;Uhlenhorst;4149901;BRIEFWAHLBEZIRK;;;N;0;0;0;0;499;499;0;494;1;493;2464;667;339;94;52;101;32;49;;;;;623;239;104;62;29;34;6;98;25;8;18;143;26;26;30;17;7;17;16;1;1;2;5;0;1;0;1;0;1;1;0;0;1;157;108;31;18;;;;;;;;169;78;73;18;;610;407;203;;89;47;42;0;0;1;1;;;
Bezirk Hamburg-Nord;Wahlkreis 9 - Barmbek - Uhlenhorst - Dulsberg;Uhlenhorst;4149902;BRIEFWAHLBEZIRK;;;N;0;0;0;0;492;492;0;491;0;491;2443;683;338;73;75;123;43;31;;;;;645;242;65;75;35;63;14;97;17;4;33;143;34;26;20;14;9;28;9;2;0;1;12;1;1;1;0;4;1;1;0;3;0;143;93;43;7;;;;;;;;122;81;31;10;;571;377;194;;124;88;36;0;0;0;0;;;
Bezirk Hamburg-Nord;Wahlkreis 9 - Barmbek - Uhlenhorst - Dulsberg;Uhlenhorst;4149903;BRIEFWAHLBEZIRK;;;N;0;0;0;0;501;501;0;500;6;494;2467;635;314;87;77;90;28;39;;;;;779;276;120;83;53;58;14;126;8;15;26;154;28;34;28;13;5;32;10;1;3;0;13;8;0;0;3;2;0;0;0;0;0;186;132;41;13;;;;;;;;142;82;53;7;;507;308;199;;51;26;25;0;0;0;0;;;
Bezirk Hamburg-Nord;Wahlkreis 9 - Barmbek - Uhlenhorst - Dulsberg;Uhlenhorst;4149904;BRIEFWAHLBEZIRK;;;N;0;0;0;0;500;500;0;500;4;496;2474;597;290;83;83;84;27;30;;;;;689;273;102;48;43;51;17;102;24;6;23;217;23;43;54;27;22;25;19;3;1;0;16;5;0;0;0;0;0;3;6;0;2;163;91;52;20;;;;;;;;196;107;74;15;;503;341;162;;93;66;27;0;0;0;0;;;
Bezirk Hamburg-Nord;Wahlkreis 9 - Barmbek - Uhlenhorst - Dulsberg;Uhlenhorst;4149905;BRIEFWAHLBEZIRK;;;N;0;0;0;0;500;500;0;499;2;497;2480;530;277;75;49;73;21;35;;;;;734;305;116;68;48;44;6;100;17;6;24;215;33;44;32;32;14;43;11;2;3;1;8;0;3;0;0;4;1;0;0;0;0;198;140;45;13;;;;;;;;205;96;93;16;;481;316;165;;104;70;34;5;5;0;0;;;
Bezirk Hamburg-Nord;Wahlkreis 9 - Barmbek - Uhlenhorst - Dulsberg;Uhlenhorst;4149906;BRIEFWAHLBEZIRK;;;N;0;0;0;0;497;497;0;495;3;492;2460;687;315;108;77;127;20;40;;;;;641;254;79;42;44;43;16;105;20;15;23;231;40;34;52;31;28;28;11;2;4;1;6;0;0;0;0;2;1;2;0;1;0;144;88;42;14;;;;;;;;166;85;67;14;;527;311;216;;58;46;12;0;0;0;0;;;
Bezirk Hamburg-Nord;Wahlkreis 9 - Barmbek - Uhlenhorst - Dulsberg;Uhlenhorst;4149907;BRIEFWAHLBEZIRK;;;N;0;0;0;0;497;497;0;497;3;494;2445;636;353;76;64;91;21;31;;;;;738;279;87;99;49;46;15;97;31;12;23;166;56;44;8;17;15;6;9;2;2;7;14;1;2;0;2;5;0;0;3;0;1;138;89;27;22;;;;;;;;161;89;57;15;;509;334;175;;79;66;13;4;4;0;0;;;
Bezirk Hamburg-Nord;Wahlkreis 9 - Barmbek - Uhlenhorst - Dulsberg;Uhlenhorst;4149908;BRIEFWAHLBEZIRK;;;N;0;0;0;0;495;495;0;495;2;493;2457;651;315;121;61;102;20;32;;;;;716;305;108;77;38;42;12;85;21;6;22;197;46;29;25;12;21;43;12;6;3;0;7;1;1;0;1;0;2;0;2;0;0;209;149;40;20;;;;;;;;125;68;49;8;;472;290;182;;80;30;50;0;0;0;0;;;
Bezirk Hamburg-Nord;Wahlkreis 9 - Barmbek - Uhlenhorst - Dulsberg;Uhlenhorst;4149909;BRIEFWAHLBEZIRK;;;N;0;0;0;0;497;497;0;497;4;493;2452;628;299;102;63;119;17;28;;;;;652;250;92;50;28;49;4;122;26;5;26;241;36;59;32;24;10;38;22;9;1;10;1;0;0;0;0;0;0;0;0;1;0;206;120;69;17;;;;;;;;178;96;67;15;;469;299;170;;75;58;17;2;2;0;0;;;
Bezirk Hamburg-Nord;Wahlkreis 9 - Barmbek - Uhlenhorst - Dulsberg;Uhlenhorst;4149910;BRIEFWAHLBEZIRK;;;N;0;0;0;0;502;502;0;497;2;495;2461;676;364;74;58;134;22;24;;;;;741;322;112;56;39;30;7;116;21;5;33;227;47;51;51;22;14;16;20;3;2;1;17;9;3;1;1;1;0;0;2;0;0;125;93;21;11;;;;;;;;161;92;56;13;;441;286;155;;73;50;23;0;0;0;0;;;
Bezirk Hamburg-Nord;Wahlkreis 9 - Barmbek - Uhlenhorst - Dulsberg;Uhlenhorst;4149911;BRIEFWAHLBEZIRK;;;N;0;0;0;0;449;449;0;449;5;444;2218;528;226;82;51;96;25;48;;;;;648;220;107;47;36;37;12;111;37;18;23;174;33;24;22;24;16;28;22;2;1;2;21;12;0;1;0;2;2;1;1;1;1;197;128;51;18;;;;;;;;189;92;78;19;;370;211;159;;86;49;37;5;5;0;0;;;
Bezirk Hamburg-Nord;Wahlkreis 9 - Barmbek - Uhlenhorst - Dulsberg;Uhlenhorst;4149912;BRIEFWAHLBEZIRK;;;N;0;0;0;0;277;277;0;277;0;277;1380;335;145;64;34;64;9;19;;;;;390;154;58;25;20;12;12;87;9;6;7;114;22;24;8;25;10;11;9;0;3;2;0;0;0;0;0;0;0;0;0;0;0;85;58;20;7;;;;;;;;141;70;62;9;;264;166;98;;46;29;17;5;5;0;0;;;
Bezirk Hamburg-Nord;Wahlkreis 9 - Barmbek - Uhlenhorst - Dulsberg;Hohenfelde;41601;STIMMBEZIRK;;;N;807;499;308;0;342;1;341;341;0;341;1682;498;240;64;82;78;11;23;;;;;396;240;37;41;13;18;19;19;3;1;5;63;22;18;5;3;12;3;0;0;0;0;0;0;0;0;0;0;0;0;0;0;0;184;110;52;22;;;;;;;;113;58;51;4;;317;209;108;;106;56;50;5;5;0;0;;;
Bezirk Hamburg-Nord;Wahlkreis 9 - Barmbek - Uhlenhorst - Dulsberg;Hohenfelde;41602;STIMMBEZIRK;;;N;1166;780;386;0;466;8;458;466;9;457;2260;748;289;93;249;68;21;28;;;;;467;363;23;20;8;18;7;7;8;2;11;62;22;9;8;7;2;12;0;0;1;1;9;0;0;0;0;0;0;0;0;4;5;244;172;56;16;;;;;;;;125;72;46;7;;413;278;135;;161;99;62;31;31;0;0;;;
Bezirk Hamburg-Nord;Wahlkreis 9 - Barmbek - Uhlenhorst - Dulsberg;Hohenfelde;41604;STIMMBEZIRK;;;N;1182;791;391;0;488;8;480;488;2;486;2315;652;307;117;116;74;10;28;;;;;439;257;42;54;17;8;17;29;5;1;9;48;3;23;3;11;1;0;2;2;2;1;36;5;7;2;5;8;0;0;7;0;2;320;195;98;27;;;;;;;;127;68;38;21;;561;366;195;;125;74;51;7;7;0;0;;;
Bezirk Hamburg-Nord;Wahlkreis 9 - Barmbek - Uhlenhorst - Dulsberg;Hohenfelde;41701;STIMMBEZIRK;;;N;1026;621;405;0;385;14;371;385;3;382;1896;542;233;88;128;59;9;25;;;;;342;196;48;49;18;6;3;18;2;0;2;42;5;8;3;8;4;6;4;3;1;0;3;0;1;0;1;0;0;0;0;0;1;251;162;69;20;;;;;;;;118;60;45;13;;473;301;172;;95;39;56;30;30;0;0;;;
Bezirk Hamburg-Nord;Wahlkreis 9 - Barmbek - Uhlenhorst - Dulsberg;Hohenfelde;41702;STIMMBEZIRK;;;N;819;517;302;0;286;6;280;286;1;285;1412;348;136;43;111;29;16;13;;;;;258;132;35;48;6;4;10;12;7;0;4;56;5;14;5;8;3;13;6;1;1;0;12;3;0;3;0;2;0;1;2;0;1;216;142;50;24;;;;;;;;85;44;33;8;;362;237;125;;75;41;34;0;0;0;0;;;
Bezirk Hamburg-Nord;Wahlkreis 9 - Barmbek - Uhlenhorst - Dulsberg;Hohenfelde;41703;STIMMBEZIRK;;;N;1039;635;404;0;365;5;360;365;2;363;1797;478;230;69;94;63;8;14;;;;;332;202;42;29;9;6;10;8;10;9;7;44;14;13;6;0;3;3;2;0;3;0;1;0;0;0;0;0;0;0;1;0;0;282;175;77;30;;;;;;;;62;27;26;9;;514;321;193;;78;55;23;6;6;0;0;;;
Bezirk Hamburg-Nord;Wahlkreis 9 - Barmbek - Uhlenhorst - Dulsberg;Hohenfelde;41705;STIMMBEZIRK;;;N;905;618;287;0;323;6;317;323;5;318;1577;436;238;39;113;15;11;20;;;;;281;137;31;54;9;14;2;26;1;1;6;19;6;5;3;3;1;0;0;0;0;1;6;3;0;0;1;0;0;0;1;0;1;324;227;72;25;;;;;;;;91;52;25;14;;266;178;88;;149;77;72;5;5;0;0;;;
Bezirk Hamburg-Nord;Wahlkreis 9 - Barmbek - Uhlenhorst - Dulsberg;Hohenfelde;4169901;BRIEFWAHLBEZIRK;;;N;0;0;0;0;559;559;0;559;4;555;2767;732;303;76;197;79;23;54;;;;;561;270;81;97;17;26;4;34;12;5;15;126;38;33;22;14;3;6;7;1;1;1;15;7;1;1;0;0;1;0;3;1;1;333;218;78;37;;;;;;;;190;70;99;21;;636;354;282;;171;95;76;3;3;0;0;;;
Bezirk Hamburg-Nord;Wahlkreis 9 - Barmbek - Uhlenhorst - Dulsberg;Hohenfelde;4169902;BRIEFWAHLBEZIRK;;;N;0;0;0;0;509;509;0;495;1;494;2470;720;332;83;176;69;24;36;;;;;530;261;82;96;10;22;8;27;15;3;6;115;39;26;17;4;2;13;5;0;1;8;3;0;1;0;1;1;0;0;0;0;0;254;125;92;37;;;;;;;;220;108;90;22;;541;296;245;;82;62;20;5;5;0;0;;;
Bezirk Hamburg-Nord;Wahlkreis 9 - Barmbek - Uhlenhorst - Dulsberg;Hohenfelde;4169903;BRIEFWAHLBEZIRK;;;N;0;0;0;0;498;498;0;498;3;495;2470;642;287;85;159;67;19;25;;;;;457;205;68;70;27;13;5;25;18;5;21;127;21;28;14;26;1;23;8;3;3;0;16;1;0;6;0;6;0;0;0;1;2;372;221;125;26;;;;;;;;225;121;85;19;;556;322;234;;65;32;33;10;10;0;0;;;
Bezirk Hamburg-Nord;Wahlkreis 9 - Barmbek - Uhlenhorst - Dulsberg;Hohenfelde;4169904;BRIEFWAHLBEZIRK;;;N;0;0;0;0;501;501;0;501;3;498;2476;538;271;60;93;67;12;35;;;;;557;269;64;91;14;14;11;56;12;9;17;134;23;43;16;10;4;15;15;4;2;2;19;8;1;1;1;1;0;0;0;5;2;315;220;56;39;;;;;;;;202;103;80;19;;590;377;213;;101;51;50;20;20;0;0;;;
Bezirk Hamburg-Nord;Wahlkreis 9 - Barmbek - Uhlenhorst - Dulsberg;Hohenfelde;4169905;BRIEFWAHLBEZIRK;;;N;0;0;0;0;228;228;0;228;1;227;1129;204;79;27;56;31;5;6;;;;;268;172;33;27;8;5;3;9;2;4;5;59;16;16;8;7;5;5;1;1;0;0;5;0;0;2;2;0;1;0;0;0;0;123;81;30;12;;;;;;;;124;49;59;16;;292;156;136;;52;35;17;2;2;0;0;;;
Bezirk Hamburg-Nord;Wahlkreis 9 - Barmbek - Uhlenhorst - Dulsberg;Barmbek-Süd;41801;STIMMBEZIRK;;;N;1008;620;388;0;366;6;360;366;4;362;1799;576;268;96;64;63;24;61;;;;;203;103;41;19;7;2;3;15;6;0;7;62;11;23;6;0;1;8;1;1;10;1;0;0;0;0;0;0;0;0;0;0;0;314;217;69;28;;;;;;;;118;69;39;10;;463;299;164;;62;35;27;1;1;0;0;;;
Bezirk Hamburg-Nord;Wahlkreis 9 - Barmbek - Uhlenhorst - Dulsberg;Barmbek-Süd;41802;STIMMBEZIRK;;;N;962;638;324;0;313;5;308;313;3;310;1541;403;200;62;30;63;16;32;;;;;283;115;28;23;16;7;9;50;7;4;24;61;11;26;5;7;6;1;1;0;0;4;6;0;1;0;0;0;5;0;0;0;0;205;135;54;16;;;;;;;;104;46;50;8;;310;214;96;;159;104;55;10;10;0;0;;;
Bezirk Hamburg-Nord;Wahlkreis 9 - Barmbek - Uhlenhorst - Dulsberg;Barmbek-Süd;41804;STIMMBEZIRK;;;N;1079;687;392;0;388;11;377;388;9;379;1885;527;254;75;47;67;18;66;;;;;258;137;39;18;13;8;4;11;10;3;15;77;19;22;10;10;2;7;0;5;1;1;20;10;3;0;1;0;2;1;2;1;0;377;263;88;26;;;;;;;;92;38;49;5;;453;300;153;;75;57;18;6;6;0;0;;;
Bezirk Hamburg-Nord;Wahlkreis 9 - Barmbek - Uhlenhorst - Dulsberg;Barmbek-Süd;41805;STIMMBEZIRK;;;N;1142;767;375;0;504;8;496;502;8;494;2456;770;344;172;64;77;34;79;;;;;449;190;102;26;33;16;8;16;28;7;23;46;9;11;2;9;2;1;5;4;3;0;3;0;0;1;0;1;0;0;1;0;0;422;285;110;27;;;;;;;;143;72;55;16;;479;309;170;;143;98;45;0;0;1;1;;;
Bezirk Hamburg-Nord;Wahlkreis 9 - Barmbek - Uhlenhorst - Dulsberg;Barmbek-Süd;41901;STIMMBEZIRK;;;N;970;661;309;0;446;8;438;446;4;442;2153;643;297;116;55;41;27;107;;;;;304;104;99;28;9;5;2;19;26;6;6;51;12;23;2;8;2;2;0;0;1;1;11;5;0;0;1;0;1;0;1;3;0;424;285;104;35;;;;;;;;110;29;77;4;;475;328;147;;120;79;41;15;15;0;0;;;
Bezirk Hamburg-Nord;Wahlkreis 9 - Barmbek - Uhlenhorst - Dulsberg;Barmbek-Süd;41902;STIMMBEZIRK;;;N;1042;684;358;0;375;9;366;375;4;371;1838;564;290;94;52;47;25;56;;;;;271;85;60;20;28;15;11;15;9;6;22;46;6;14;5;5;10;3;1;0;0;2;9;1;1;0;1;1;2;1;1;1;0;348;237;85;26;;;;;;;;101;33;55;13;;357;247;110;;140;83;57;1;1;1;1;;;
Bezirk Hamburg-Nord;Wahlkreis 9 - Barmbek - Uhlenhorst - Dulsberg;Barmbek-Süd;41903;STIMMBEZIRK;;;N;1076;707;369;0;439;9;430;439;2;437;2134;556;276;79;50;46;19;86;;;;;328;104;96;8;32;6;14;24;22;5;17;32;10;14;0;7;1;0;0;0;0;0;8;0;0;1;1;4;1;0;0;1;0;347;225;82;40;;;;;;;;122;53;59;10;;623;450;173;;118;83;35;0;0;0;0;;;
Bezirk Hamburg-Nord;Wahlkreis 9 - Barmbek - Uhlenhorst - Dulsberg;Barmbek-Süd;41904;STIMMBEZIRK;;;N;957;639;318;0;357;4;353;357;4;353;1715;434;243;76;35;32;6;42;;;;;270;99;55;17;18;8;17;19;18;5;14;47;3;18;8;6;1;3;8;0;0;0;12;0;0;1;3;6;1;0;0;1;0;321;203;82;36;;;;;;;;88;36;38;14;;414;285;129;;112;76;36;12;12;5;5;;;
Bezirk Hamburg-Nord;Wahlkreis 9 - Barmbek - Uhlenhorst - Dulsberg;Barmbek-Süd;42001;STIMMBEZIRK;;;N;1077;688;389;0;433;13;420;433;3;430;2111;656;285;104;75;76;24;92;;;;;327;107;79;16;25;8;11;29;28;7;17;77;6;44;10;4;2;0;7;0;3;1;8;1;1;0;0;2;0;0;0;4;0;370;232;101;37;;;;;;;;87;33;50;4;;455;308;147;;121;74;47;10;10;0;0;;;
Bezirk Hamburg-Nord;Wahlkreis 9 - Barmbek - Uhlenhorst - Dulsberg;Barmbek-Süd;42002;STIMMBEZIRK;;;N;1192;726;466;0;422;7;415;422;4;418;2061;654;303;79;77;74;19;102;;;;;370;144;93;22;25;7;7;32;20;5;15;109;16;72;6;3;2;1;3;0;1;5;0;0;0;0;0;0;0;0;0;0;0;266;175;77;14;;;;;;;;97;36;53;8;;424;290;134;;131;72;59;10;10;0;0;;;
Bezirk Hamburg-Nord;Wahlkreis 9 - Barmbek - Uhlenhorst - Dulsberg;Barmbek-Süd;42005;STIMMBEZIRK;;;N;976;631;345;0;369;9;360;369;6;363;1731;481;234;87;40;48;19;53;;;;;153;65;46;11;3;2;1;2;2;1;20;42;11;19;1;4;0;2;4;1;0;0;13;3;0;0;1;1;1;1;5;0;1;340;232;76;32;;;;;;;;101;53;44;4;;459;315;144;;128;81;47;13;13;1;1;;;
Bezirk Hamburg-Nord;Wahlkreis 9 - Barmbek - Uhlenhorst - Dulsberg;Barmbek-Süd;42101;STIMMBEZIRK;;;N;1121;724;397;0;458;8;450;458;4;454;2264;775;378;124;41;65;28;139;;;;;371;118;71;53;34;17;7;8;31;8;24;68;20;29;3;3;2;2;1;1;2;5;15;10;0;0;1;1;1;0;2;0;0;334;227;68;39;;;;;;;;104;33;60;11;;434;306;128;;141;78;63;16;16;6;6;;;
Bezirk Hamburg-Nord;Wahlkreis 9 - Barmbek - Uhlenhorst - Dulsberg;Barmbek-Süd;42103;STIMMBEZIRK;;;N;855;533;322;0;342;9;333;342;0;342;1708;525;253;90;53;32;20;77;;;;;210;69;63;5;26;6;12;11;9;1;8;45;6;8;3;7;8;5;2;0;6;0;11;6;0;1;1;0;0;0;2;1;0;311;206;78;27;;;;;;;;101;48;44;9;;395;283;112;;95;58;37;15;15;0;0;;;
Bezirk Hamburg-Nord;Wahlkreis 9 - Barmbek - Uhlenhorst - Dulsberg;Barmbek-Süd;42104;STIMMBEZIRK;;;N;1044;679;365;0;349;5;344;349;2;347;1721;370;151;55;25;37;21;81;;;;;261;81;74;18;13;25;8;9;9;2;22;26;4;4;3;7;3;2;0;3;0;0;9;1;0;2;2;1;1;0;0;1;1;368;236;97;35;;;;;;;;58;29;26;3;;415;296;119;;200;121;79;7;7;7;7;;;
Bezirk Hamburg-Nord;Wahlkreis 9 - Barmbek - Uhlenhorst - Dulsberg;Barmbek-Süd;42105;STIMMBEZIRK;;;N;1111;770;341;0;528;3;525;528;3;525;2600;865;425;153;79;60;39;109;;;;;306;93;76;24;21;18;11;17;27;6;13;71;11;36;1;1;20;0;0;0;0;2;34;1;2;2;0;12;1;0;2;14;0;436;284;120;32;;;;;;;;101;48;41;12;;638;445;193;;134;79;55;15;15;0;0;;;
Bezirk Hamburg-Nord;Wahlkreis 9 - Barmbek - Uhlenhorst - Dulsberg;Barmbek-Süd;42106;STIMMBEZIRK;;;N;707;492;215;0;278;4;274;278;2;276;1361;398;199;84;23;23;15;54;;;;;190;46;32;16;30;8;6;14;10;7;21;23;1;12;1;0;1;6;1;0;1;0;17;0;1;0;1;7;0;1;0;6;1;239;145;68;26;;;;;;;;61;19;32;10;;287;191;96;;133;91;42;13;13;0;0;;;
Bezirk Hamburg-Nord;Wahlkreis 9 - Barmbek - Uhlenhorst - Dulsberg;Barmbek-Süd;42201;STIMMBEZIRK;;;N;1231;836;395;0;436;6;430;436;8;428;2124;649;331;92;50;29;25;122;;;;;313;111;61;16;26;7;14;9;15;11;43;51;17;17;6;7;1;1;0;0;0;2;9;2;1;2;0;1;0;0;0;2;1;396;273;92;31;;;;;;;;144;56;73;15;;407;288;119;;144;85;59;11;11;0;0;;;
Bezirk Hamburg-Nord;Wahlkreis 9 - Barmbek - Uhlenhorst - Dulsberg;Barmbek-Süd;42202;STIMMBEZIRK;;;N;1258;800;458;0;496;7;489;496;5;491;2455;770;422;86;50;76;21;115;;;;;468;209;112;34;30;8;3;32;13;5;22;89;26;34;0;8;2;8;0;0;6;5;2;1;0;0;0;0;0;0;1;0;0;349;253;72;24;;;;;;;;132;54;66;12;;439;324;115;;201;124;77;3;3;2;2;;;
Bezirk Hamburg-Nord;Wahlkreis 9 - Barmbek - Uhlenhorst - Dulsberg;Barmbek-Süd;42203;STIMMBEZIRK;;;N;1066;643;423;0;407;10;397;407;8;399;1986;680;361;79;40;70;28;102;;;;;369;163;73;34;13;13;5;27;16;8;17;38;5;11;0;5;0;4;7;1;2;3;5;0;0;0;5;0;0;0;0;0;0;269;198;47;24;;;;;;;;102;54;39;9;;413;267;146;;110;59;51;0;0;0;0;;;
Bezirk Hamburg-Nord;Wahlkreis 9 - Barmbek - Uhlenhorst - Dulsberg;Barmbek-Süd;42207;STIMMBEZIRK;;;N;1129;697;432;0;450;5;445;450;4;446;2196;768;344;115;81;55;39;134;;;;;349;127;87;23;17;10;1;20;24;5;35;31;12;18;0;0;1;0;0;0;0;0;4;0;0;1;2;1;0;0;0;0;0;258;180;44;34;;;;;;;;134;56;66;12;;451;325;126;;191;101;90;10;10;0;0;;;
Bezirk Hamburg-Nord;Wahlkreis 9 - Barmbek - Uhlenhorst - Dulsberg;Barmbek-Süd;42301;STIMMBEZIRK;;;N;1249;811;438;0;416;10;406;416;3;413;2043;619;325;80;35;54;40;85;;;;;240;88;58;10;17;7;8;16;15;8;13;70;8;46;1;0;0;7;2;5;1;0;8;7;0;0;1;0;0;0;0;0;0;363;267;61;35;;;;;;;;96;46;43;7;;466;331;135;;170;72;98;5;5;6;6;;;
Bezirk Hamburg-Nord;Wahlkreis 9 - Barmbek - Uhlenhorst - Dulsberg;Barmbek-Süd;42302;STIMMBEZIRK;;;N;1023;679;344;0;401;7;394;401;6;395;1949;607;360;77;40;32;24;74;;;;;271;127;55;22;16;8;0;23;13;1;6;57;21;22;2;6;1;1;1;1;1;1;22;1;1;3;1;1;4;1;4;6;0;321;190;82;49;;;;;;;;74;28;39;7;;477;326;151;;109;39;70;11;11;0;0;;;
Bezirk Hamburg-Nord;Wahlkreis 9 - Barmbek - Uhlenhorst - Dulsberg;Barmbek-Süd;42304;STIMMBEZIRK;;;N;1207;818;389;0;413;4;409;413;11;402;1989;617;325;103;48;33;29;79;;;;;324;123;56;41;43;6;8;9;8;4;26;18;4;5;0;0;1;1;2;0;2;3;14;0;2;0;2;2;1;0;4;2;1;391;239;110;42;;;;;;;;92;51;35;6;;339;227;112;;153;93;60;41;41;0;0;;;
Bezirk Hamburg-Nord;Wahlkreis 9 - Barmbek - Uhlenhorst - Dulsberg;Barmbek-Süd;42305;STIMMBEZIRK;;;N;1302;871;431;0;503;20;483;503;4;499;2482;691;373;105;55;45;27;86;;;;;299;143;66;26;19;6;5;6;7;13;8;51;3;31;3;5;5;0;0;1;3;0;18;1;2;0;1;8;0;1;2;1;2;494;344;119;31;;;;;;;;181;69;97;15;;558;399;159;;166;98;68;24;24;0;0;;;
Bezirk Hamburg-Nord;Wahlkreis 9 - Barmbek - Uhlenhorst - Dulsberg;Barmbek-Süd;42306;STIMMBEZIRK;;;N;1246;760;486;0;532;9;523;532;3;529;2620;797;396;109;77;77;40;98;;;;;309;97;96;32;21;5;7;13;15;3;20;71;16;27;1;4;6;6;7;0;3;1;45;6;0;14;21;3;0;0;1;0;0;474;298;131;45;;;;;;;;113;49;51;13;;687;443;244;;121;57;64;2;2;1;1;;;
Bezirk Hamburg-Nord;Wahlkreis 9 - Barmbek - Uhlenhorst - Dulsberg;Barmbek-Süd;4189901;BRIEFWAHLBEZIRK;;;N;0;0;0;0;598;598;0;595;7;588;2924;896;412;142;93;63;43;143;;;;;477;141;139;59;28;14;16;23;16;10;31;130;14;72;4;12;6;3;13;0;3;3;7;1;1;1;0;0;2;0;1;1;0;346;248;73;25;;;;;;;;223;90;114;19;;737;464;273;;98;53;45;10;10;0;0;;;
Bezirk Hamburg-Nord;Wahlkreis 9 - Barmbek - Uhlenhorst - Dulsberg;Barmbek-Süd;4189902;BRIEFWAHLBEZIRK;;;N;0;0;0;0;596;596;0;596;6;590;2946;954;478;133;99;59;63;122;;;;;427;129;77;34;37;20;14;16;50;15;35;114;10;57;6;14;3;10;8;1;2;3;9;4;1;1;2;1;0;0;0;0;0;350;240;83;27;;;;;;;;287;135;129;23;;668;423;245;;127;68;59;10;10;0;0;;;
Bezirk Hamburg-Nord;Wahlkreis 9 - Barmbek - Uhlenhorst - Dulsberg;Barmbek-Süd;4189903;BRIEFWAHLBEZIRK;;;N;0;0;0;0;600;600;0;600;6;594;2965;945;458;164;100;75;37;111;;;;;461;132;110;40;40;18;12;30;29;10;40;96;9;43;13;8;9;4;3;1;3;3;26;11;6;7;1;1;0;0;0;0;0;386;269;85;32;;;;;;;;218;91;115;12;;693;427;266;;134;77;57;6;6;0;0;;;
Bezirk Hamburg-Nord;Wahlkreis 9 - Barmbek - Uhlenhorst - Dulsberg;Barmbek-Süd;4189904;BRIEFWAHLBEZIRK;;;N;0;0;0;0;595;595;0;594;5;589;2928;869;449;133;81;68;43;95;;;;;448;133;104;42;43;30;7;31;25;4;29;126;11;79;7;11;0;6;6;0;5;1;9;0;0;1;5;0;2;0;0;0;1;378;235;113;30;;;;;;;;257;98;131;28;;699;440;259;;137;79;58;3;3;2;2;;;
Bezirk Hamburg-Nord;Wahlkreis 9 - Barmbek - Uhlenhorst - Dulsberg;Barmbek-Süd;4189905;BRIEFWAHLBEZIRK;;;N;0;0;0;0;700;700;0;696;8;688;3430;991;503;154;77;64;39;154;;;;;572;176;136;46;37;29;16;31;44;7;50;189;52;56;20;19;7;24;5;4;2;0;16;3;1;0;7;1;1;0;1;2;0;472;345;88;39;;;;;;;;288;113;148;27;;756;454;302;;134;94;40;10;10;2;2;;;
Bezirk Hamburg-Nord;Wahlkreis 9 - Barmbek - Uhlenhorst - Dulsberg;Barmbek-Süd;4189906;BRIEFWAHLBEZIRK;;;N;0;0;0;0;599;599;0;599;0;599;2989;826;407;115;81;73;45;105;;;;;419;103;160;43;23;9;8;18;28;9;18;147;25;47;26;10;13;13;4;1;7;1;22;11;1;1;1;4;0;0;2;2;0;438;287;124;27;;;;;;;;269;104;147;18;;727;456;271;;121;59;62;20;20;0;0;;;
Bezirk Hamburg-Nord;Wahlkreis 9 - Barmbek - Uhlenhorst - Dulsberg;Barmbek-Süd;4189907;BRIEFWAHLBEZIRK;;;N;0;0;0;0;596;596;0;596;2;594;2961;888;430;147;74;72;31;134;;;;;492;158;144;44;37;14;8;22;20;12;33;117;37;37;4;9;11;5;2;2;3;7;49;18;4;7;4;1;2;5;5;2;1;378;271;79;28;;;;;;;;244;98;127;19;;654;401;253;;125;64;61;14;14;0;0;;;
Bezirk Hamburg-Nord;Wahlkreis 9 - Barmbek - Uhlenhorst - Dulsberg;Barmbek-Süd;4189908;BRIEFWAHLBEZIRK;;;N;0;0;0;0;597;597;0;596;5;591;2955;760;402;118;65;53;26;96;;;;;471;142;128;34;44;12;13;30;23;16;29;125;29;31;17;20;8;15;0;1;0;4;11;7;1;0;1;0;1;0;0;1;0;345;212;94;39;;;;;;;;255;102;130;23;;797;451;346;;181;99;82;10;10;0;0;;;
Bezirk Hamburg-Nord;Wahlkreis 9 - Barmbek - Uhlenhorst - Dulsberg;Barmbek-Süd;4189909;BRIEFWAHLBEZIRK;;;N;0;0;0;0;498;498;0;498;3;495;2471;749;356;127;70;46;32;118;;;;;373;111;111;34;29;12;6;17;18;6;29;156;18;83;1;25;3;17;1;2;2;4;21;2;5;2;3;1;2;0;2;0;4;293;167;96;30;;;;;;;;183;59;110;14;;559;312;247;;99;45;54;33;33;5;5;;;
Bezirk Hamburg-Nord;Wahlkreis 9 - Barmbek - Uhlenhorst - Dulsberg;Barmbek-Süd;4189910;BRIEFWAHLBEZIRK;;;N;0;0;0;0;493;493;0;492;8;484;2416;674;344;110;57;44;25;94;;;;;422;134;101;45;27;9;11;23;24;9;39;90;18;35;3;4;4;9;6;1;1;9;19;0;6;0;0;0;9;0;1;2;1;277;171;69;37;;;;;;;;187;72;90;25;;624;381;243;;118;64;54;5;5;0;0;;;
Bezirk Hamburg-Nord;Wahlkreis 9 - Barmbek - Uhlenhorst - Dulsberg;Barmbek-Süd;4189911;BRIEFWAHLBEZIRK;;;N;0;0;0;0;475;475;0;475;8;467;2328;684;328;103;78;39;37;99;;;;;320;78;81;23;36;15;9;21;28;10;19;131;21;53;2;9;12;18;3;1;6;6;23;3;2;3;9;3;0;1;1;1;0;262;168;67;27;;;;;;;;228;107;103;18;;547;345;202;;123;76;47;10;10;0;0;;;
Bezirk Hamburg-Nord;Wahlkreis 9 - Barmbek - Uhlenhorst - Dulsberg;Barmbek-Süd;4189912;BRIEFWAHLBEZIRK;;;N;0;0;0;0;517;517;0;516;4;512;2558;736;380;97;68;50;33;108;;;;;372;91;82;48;24;11;13;26;32;11;34;149;29;66;5;8;6;12;4;1;15;3;10;3;1;0;1;0;0;0;0;5;0;375;230;119;26;;;;;;;;254;95;124;35;;589;361;228;;73;39;34;0;0;0;0;;;
Bezirk Hamburg-Nord;Wahlkreis 9 - Barmbek - Uhlenhorst - Dulsberg;Barmbek-Süd;4189913;BRIEFWAHLBEZIRK;;;N;0;0;0;0;500;500;0;500;2;498;2468;796;391;115;81;63;46;100;;;;;424;155;135;30;25;4;10;20;17;6;22;66;22;33;1;0;0;0;0;0;10;0;17;6;0;0;0;6;2;1;1;0;1;350;244;82;24;;;;;;;;202;101;83;18;;532;314;218;;80;55;25;1;1;0;0;;;
Bezirk Hamburg-Nord;Wahlkreis 9 - Barmbek - Uhlenhorst - Dulsberg;Barmbek-Süd;4189914;BRIEFWAHLBEZIRK;;;N;0;0;0;0;500;500;0;500;3;497;2479;799;405;130;67;53;49;95;;;;;301;80;80;39;26;10;4;12;16;2;32;88;15;36;5;10;2;5;4;4;2;5;17;0;1;3;1;6;2;0;1;3;0;382;265;79;38;;;;;;;;193;68;109;16;;576;385;191;;103;54;49;20;20;0;0;;;
Bezirk Hamburg-Nord;Wahlkreis 9 - Barmbek - Uhlenhorst - Dulsberg;Barmbek-Süd;4189915;BRIEFWAHLBEZIRK;;;N;0;0;0;0;496;496;0;496;3;493;2464;742;385;100;53;50;39;115;;;;;370;102;106;24;24;7;17;29;19;3;39;101;21;37;9;7;6;7;4;0;6;4;20;3;0;4;0;1;0;3;1;3;5;308;182;89;37;;;;;;;;195;85;92;18;;636;393;243;;91;36;55;0;0;1;1;;;
Bezirk Hamburg-Nord;Wahlkreis 9 - Barmbek - Uhlenhorst - Dulsberg;Barmbek-Süd;4189916;BRIEFWAHLBEZIRK;;;N;0;0;0;0;334;334;0;334;4;330;1646;464;244;67;40;34;13;66;;;;;265;71;76;19;22;4;15;9;12;3;34;74;17;21;5;10;6;4;2;6;2;1;26;5;5;5;1;5;0;2;1;1;1;241;152;66;23;;;;;;;;126;61;55;10;;377;207;170;;63;29;34;7;7;3;3;;;
Bezirk Hamburg-Nord;Wahlkreis 9 - Barmbek - Uhlenhorst - Dulsberg;Dulsberg;42402;STIMMBEZIRK;;;N;1041;806;235;0;401;4;397;401;13;388;1927;656;285;77;52;45;167;30;;;;;170;51;31;20;14;5;19;7;12;1;10;36;8;15;0;1;0;7;2;3;0;0;12;0;0;10;1;0;0;0;0;0;1;526;331;98;97;;;;;;;;59;11;46;2;;290;198;92;;170;81;89;7;7;1;1;;;
Bezirk Hamburg-Nord;Wahlkreis 9 - Barmbek - Uhlenhorst - Dulsberg;Dulsberg;42403;STIMMBEZIRK;;;N;1042;758;284;0;404;5;399;404;4;400;1980;546;276;101;37;27;92;13;;;;;134;47;25;17;11;2;16;9;3;0;4;59;18;27;1;3;6;0;2;1;1;0;12;5;5;0;0;2;0;0;0;0;0;570;352;120;98;;;;;;;;94;28;55;11;;340;233;107;;212;50;162;13;13;0;0;;;
Bezirk Hamburg-Nord;Wahlkreis 9 - Barmbek - Uhlenhorst - Dulsberg;Dulsberg;42406;STIMMBEZIRK;;;N;880;655;225;0;317;4;313;317;8;309;1529;472;285;74;20;16;53;24;;;;;169;63;44;11;8;4;12;10;3;1;13;33;11;7;1;2;1;3;1;3;3;1;10;0;0;0;1;1;5;1;2;0;0;419;249;106;64;;;;;;;;41;18;16;7;;258;163;95;;122;49;73;5;5;0;0;;;
Bezirk Hamburg-Nord;Wahlkreis 9 - Barmbek - Uhlenhorst - Dulsberg;Dulsberg;42407;STIMMBEZIRK;;;N;905;627;278;0;334;0;334;334;3;331;1652;404;230;62;22;21;52;17;;;;;190;74;34;12;5;5;36;11;2;7;4;45;22;6;1;1;3;3;2;0;6;1;8;1;0;0;0;2;0;0;1;1;3;409;245;94;70;;;;;;;;82;30;41;11;;298;175;123;;209;76;133;6;6;1;1;;;
Bezirk Hamburg-Nord;Wahlkreis 9 - Barmbek - Uhlenhorst - Dulsberg;Dulsberg;42409;STIMMBEZIRK;;;N;944;676;266;2;352;11;341;352;8;344;1705;434;249;57;26;14;77;11;;;;;156;56;32;8;15;5;15;10;4;2;9;25;6;12;0;1;2;2;0;0;2;0;13;0;0;1;0;1;1;2;1;1;6;451;294;82;75;;;;;;;;99;45;51;3;;369;258;111;;146;57;89;11;11;1;1;;;
Bezirk Hamburg-Nord;Wahlkreis 9 - Barmbek - Uhlenhorst - Dulsberg;Dulsberg;42502;STIMMBEZIRK;;;N;1040;865;175;0;303;1;302;303;5;298;1482;526;283;89;29;40;74;11;;;;;111;36;15;4;5;11;16;10;4;1;9;40;23;3;5;2;0;0;0;5;2;0;3;0;0;0;0;1;2;0;0;0;0;391;221;77;93;;;;;;;;60;20;36;4;;151;104;47;;166;57;109;34;34;0;0;;;
Bezirk Hamburg-Nord;Wahlkreis 9 - Barmbek - Uhlenhorst - Dulsberg;Dulsberg;42504;STIMMBEZIRK;;;N;1174;928;246;0;405;3;402;405;12;393;1940;661;307;117;54;31;127;25;;;;;265;78;58;21;13;11;41;14;8;5;16;34;10;11;6;2;0;1;0;3;1;0;10;5;1;0;0;1;0;1;1;1;0;435;267;76;92;;;;;;;;83;27;47;9;;226;128;98;;170;54;116;51;51;5;5;;;
Bezirk Hamburg-Nord;Wahlkreis 9 - Barmbek - Uhlenhorst - Dulsberg;Dulsberg;42505;STIMMBEZIRK;;;N;1238;907;331;0;359;2;357;359;7;352;1753;480;242;64;34;18;102;20;;;;;194;42;37;14;17;9;28;6;11;12;18;67;13;15;9;6;3;3;4;12;1;1;10;2;0;0;0;0;3;0;5;0;0;420;253;70;97;;;;;;;;75;19;50;6;;351;236;115;;141;64;77;10;10;5;5;;;
Bezirk Hamburg-Nord;Wahlkreis 9 - Barmbek - Uhlenhorst - Dulsberg;Dulsberg;42506;STIMMBEZIRK;;;N;1122;815;307;0;336;3;333;336;7;329;1617;570;238;102;40;39;138;13;;;;;215;68;23;23;8;4;36;9;9;22;13;37;7;11;2;7;0;0;2;1;7;0;19;1;0;2;0;5;7;0;3;0;1;280;156;62;62;;;;;;;;60;28;28;4;;219;138;81;;190;60;130;25;25;2;2;;;
Bezirk Hamburg-Nord;Wahlkreis 9 - Barmbek - Uhlenhorst - Dulsberg;Dulsberg;42509;STIMMBEZIRK;;;N;1052;836;216;0;334;5;329;333;12;321;1544;618;262;157;34;34;114;17;;;;;215;85;44;18;9;12;19;3;6;7;12;19;7;7;0;2;1;1;0;0;0;1;22;5;0;5;1;1;5;0;1;2;2;269;172;46;51;;;;;;;;42;16;21;5;;140;99;41;;169;73;96;45;45;5;5;;;
Bezirk Hamburg-Nord;Wahlkreis 9 - Barmbek - Uhlenhorst - Dulsberg;Dulsberg;42510;STIMMBEZIRK;;;N;936;663;273;0;298;6;292;298;1;297;1474;401;216;64;32;17;60;12;;;;;170;73;23;5;6;9;21;8;10;4;11;54;22;15;2;3;0;1;3;7;1;0;14;0;0;0;5;0;0;6;2;0;1;377;220;94;63;;;;;;;;53;19;27;7;;280;180;100;;120;55;65;5;5;0;0;;;
Bezirk Hamburg-Nord;Wahlkreis 9 - Barmbek - Uhlenhorst - Dulsberg;Dulsberg;4249901;BRIEFWAHLBEZIRK;;;N;0;0;0;0;599;599;0;599;3;596;2972;876;427;112;80;30;183;44;;;;;295;97;57;32;19;3;46;14;7;4;16;101;29;22;1;19;3;6;2;11;6;2;17;2;1;1;0;5;2;2;2;1;1;641;370;139;132;;;;;;;;230;67;135;28;;591;376;215;;194;86;108;27;27;0;0;;;
Bezirk Hamburg-Nord;Wahlkreis 9 - Barmbek - Uhlenhorst - Dulsberg;Dulsberg;4249902;BRIEFWAHLBEZIRK;;;N;0;0;0;0;599;599;0;599;5;594;2941;921;463;126;95;43;155;39;;;;;280;103;51;27;9;5;40;17;18;2;8;115;19;34;2;23;4;15;5;8;2;3;24;0;0;0;1;3;2;2;8;5;3;541;337;127;77;;;;;;;;216;77;119;20;;595;350;245;;236;70;166;13;13;0;0;;;
Bezirk Hamburg-Nord;Wahlkreis 9 - Barmbek - Uhlenhorst - Dulsberg;Dulsberg;4249903;BRIEFWAHLBEZIRK;;;N;0;0;0;0;591;591;0;590;5;585;2921;956;433;133;74;45;217;54;;;;;394;121;102;28;19;17;37;24;19;9;18;91;24;27;9;8;7;10;2;3;1;0;33;7;2;0;4;2;3;3;5;6;1;528;313;121;94;;;;;;;;188;71;93;24;;509;292;217;;200;90;110;22;22;0;0;;;
Bezirk Hamburg-Nord;Wahlkreis 9 - Barmbek - Uhlenhorst - Dulsberg;Dulsberg;4249904;BRIEFWAHLBEZIRK;;;N;0;0;0;0;494;494;0;491;3;488;2432;731;349;111;72;45;112;42;;;;;231;98;51;26;8;15;13;3;9;4;4;114;32;46;1;3;2;10;2;16;0;2;21;6;1;5;0;2;4;1;1;1;0;487;294;113;80;;;;;;;;150;59;72;19;;492;317;175;;188;64;124;18;18;0;0;;;
Bezirk Hamburg-Nord;Wahlkreis 9 - Barmbek - Uhlenhorst - Dulsberg;Dulsberg;4249905;BRIEFWAHLBEZIRK;;;N;0;0;0;0;238;238;0;238;2;236;1180;382;174;29;39;26;91;23;;;;;109;30;28;14;4;4;22;0;4;1;2;45;16;5;3;2;3;2;2;3;7;2;7;1;0;1;0;0;0;2;2;1;0;232;157;44;31;;;;;;;;72;22;38;12;;246;162;84;;85;33;52;1;1;1;1;;;
Bezirk Hamburg-Nord;Wahlkreis 9 - Barmbek - Uhlenhorst - Dulsberg;Barmbek-Nord;42601;STIMMBEZIRK;;;N;872;624;248;0;353;5;348;353;5;348;1706;500;291;136;39;15;14;5;;;;;206;100;18;26;2;9;7;3;8;20;13;36;2;10;1;4;5;8;2;1;3;0;6;1;0;0;0;1;0;1;1;2;0;342;249;69;24;;;;;;;;132;34;86;12;;398;246;152;;83;60;23;1;1;2;2;;;
Bezirk Hamburg-Nord;Wahlkreis 9 - Barmbek - Uhlenhorst - Dulsberg;Barmbek-Nord;42602;STIMMBEZIRK;;;N;918;666;252;0;419;4;415;419;10;409;1992;741;428;141;35;44;48;45;;;;;381;129;65;30;16;17;15;25;22;27;35;62;11;24;2;3;5;3;3;9;1;1;4;0;0;1;1;0;1;0;0;0;1;270;175;65;30;;;;;;;;59;27;27;5;;303;224;79;;160;80;80;8;8;4;4;;;
Bezirk Hamburg-Nord;Wahlkreis 9 - Barmbek - Uhlenhorst - Dulsberg;Barmbek-Nord;42603;STIMMBEZIRK;;;N;893;654;239;0;283;5;278;283;4;279;1378;473;240;118;29;21;31;34;;;;;167;46;27;16;9;7;5;5;5;38;9;34;7;15;2;1;2;2;0;0;5;0;16;10;5;0;0;0;0;0;0;1;0;260;185;49;26;;;;;;;;88;24;57;7;;231;170;61;;99;48;51;9;9;1;1;;;
Bezirk Hamburg-Nord;Wahlkreis 9 - Barmbek - Uhlenhorst - Dulsberg;Barmbek-Nord;42604;STIMMBEZIRK;;;N;1239;832;407;0;506;9;497;506;16;490;2402;881;547;165;47;37;43;42;;;;;383;111;63;34;37;15;19;19;14;50;21;60;6;27;6;9;4;1;1;0;5;1;8;2;0;1;0;0;1;1;2;0;1;280;177;71;32;;;;;;;;118;53;57;8;;463;319;144;;203;123;80;6;6;0;0;;;
Bezirk Hamburg-Nord;Wahlkreis 9 - Barmbek - Uhlenhorst - Dulsberg;Barmbek-Nord;42605;STIMMBEZIRK;;;N;1046;657;389;0;382;8;374;382;2;380;1881;570;331;138;34;24;20;23;;;;;227;87;43;24;12;10;7;4;15;17;8;52;8;27;3;2;0;5;3;0;4;0;4;0;0;0;0;0;0;2;1;1;0;379;272;76;31;;;;;;;;53;32;19;2;;446;306;140;;150;81;69;0;0;0;0;;;
Bezirk Hamburg-Nord;Wahlkreis 9 - Barmbek - Uhlenhorst - Dulsberg;Barmbek-Nord;42606;STIMMBEZIRK;;;N;1055;734;321;0;340;2;338;340;2;338;1673;560;362;109;26;17;14;32;;;;;174;36;33;17;12;9;8;12;10;29;8;62;4;37;1;8;2;0;3;1;1;5;5;0;1;0;2;0;2;0;0;0;0;302;216;61;25;;;;;;;;63;37;24;2;;355;229;126;;139;53;86;13;13;0;0;;;
Bezirk Hamburg-Nord;Wahlkreis 9 - Barmbek - Uhlenhorst - Dulsberg;Barmbek-Nord;42701;STIMMBEZIRK;;;N;779;504;275;0;318;11;307;317;3;314;1562;398;232;63;40;26;21;16;;;;;103;33;25;12;3;5;0;2;2;12;9;14;4;3;0;4;1;0;1;0;1;0;16;11;1;1;1;1;0;0;0;1;0;361;242;94;25;;;;;;;;81;26;50;5;;461;284;177;;127;74;53;0;0;1;1;;;
Bezirk Hamburg-Nord;Wahlkreis 9 - Barmbek - Uhlenhorst - Dulsberg;Barmbek-Nord;42702;STIMMBEZIRK;;;N;1163;692;471;0;390;10;380;390;7;383;1903;543;291;131;46;29;18;28;;;;;206;105;21;17;11;5;2;1;6;29;9;14;5;4;0;1;2;0;1;0;1;0;9;0;1;2;6;0;0;0;0;0;0;397;290;81;26;;;;;;;;94;49;39;6;;399;273;126;;226;111;115;15;15;0;0;;;
Bezirk Hamburg-Nord;Wahlkreis 9 - Barmbek - Uhlenhorst - Dulsberg;Barmbek-Nord;42703;STIMMBEZIRK;;;N;788;508;280;0;342;6;336;342;7;335;1667;497;296;109;38;13;12;29;;;;;254;134;33;18;7;5;14;2;4;22;15;54;5;30;3;4;6;1;5;0;0;0;12;2;1;1;0;3;1;2;1;1;0;193;128;45;20;;;;;;;;58;22;34;2;;556;411;145;;37;22;15;6;6;0;0;;;
Bezirk Hamburg-Nord;Wahlkreis 9 - Barmbek - Uhlenhorst - Dulsberg;Barmbek-Nord;42704;STIMMBEZIRK;;;N;942;561;381;0;352;5;347;352;2;350;1740;474;285;88;37;22;13;29;;;;;269;92;54;19;17;13;10;12;18;23;11;43;3;28;1;9;0;1;1;0;0;0;17;6;2;0;0;3;1;2;1;1;1;315;206;82;27;;;;;;;;75;31;40;4;;431;287;144;;115;50;65;1;1;0;0;;;
Bezirk Hamburg-Nord;Wahlkreis 9 - Barmbek - Uhlenhorst - Dulsberg;Barmbek-Nord;42705;STIMMBEZIRK;;;N;913;576;337;0;389;8;381;389;10;379;1884;460;270;94;38;22;11;25;;;;;189;69;32;12;14;3;7;17;9;12;14;29;4;13;0;4;2;5;0;0;1;0;38;4;9;2;5;3;7;0;6;0;2;360;260;71;29;;;;;;;;96;38;52;6;;620;418;202;;88;57;31;4;4;0;0;;;
Bezirk Hamburg-Nord;Wahlkreis 9 - Barmbek - Uhlenhorst - Dulsberg;Barmbek-Nord;42706;STIMMBEZIRK;;;N;999;592;407;0;310;7;303;310;1;309;1544;401;247;100;23;11;7;13;;;;;158;88;32;1;0;2;1;0;5;23;6;34;10;8;4;1;2;5;0;0;2;2;8;0;1;0;2;0;5;0;0;0;0;283;211;55;17;;;;;;;;75;31;39;5;;377;279;98;;195;101;94;13;13;0;0;;;
Bezirk Hamburg-Nord;Wahlkreis 9 - Barmbek - Uhlenhorst - Dulsberg;Barmbek-Nord;42708;STIMMBEZIRK;;;N;890;587;303;0;285;2;283;285;3;282;1390;465;268;107;33;14;14;29;;;;;165;55;27;9;15;7;10;10;9;17;6;40;11;23;0;0;0;2;0;0;2;2;4;0;1;0;0;0;2;0;0;0;1;255;173;66;16;;;;;;;;84;24;56;4;;249;158;91;;118;75;43;10;10;0;0;;;
Bezirk Hamburg-Nord;Wahlkreis 9 - Barmbek - Uhlenhorst - Dulsberg;Barmbek-Nord;42709;STIMMBEZIRK;;;N;894;624;270;0;386;12;374;386;2;384;1890;557;333;96;39;31;22;36;;;;;212;67;24;25;11;11;5;8;20;31;10;44;4;20;1;2;0;7;3;2;5;0;3;0;1;0;0;1;1;0;0;0;0;425;276;115;34;;;;;;;;123;34;78;11;;411;313;98;;99;38;61;15;15;1;1;;;
Bezirk Hamburg-Nord;Wahlkreis 9 - Barmbek - Uhlenhorst - Dulsberg;Barmbek-Nord;42801;STIMMBEZIRK;;;N;653;468;185;0;268;5;263;267;7;260;1299;356;183;93;33;18;16;13;;;;;213;87;26;21;8;7;7;18;6;28;5;34;7;11;8;1;3;3;0;0;0;1;11;0;0;2;0;0;0;0;5;3;1;267;193;53;21;;;;;;;;76;44;28;4;;241;160;81;;100;68;32;0;0;1;1;;;
Bezirk Hamburg-Nord;Wahlkreis 9 - Barmbek - Uhlenhorst - Dulsberg;Barmbek-Nord;42802;STIMMBEZIRK;;;N;722;482;240;0;251;4;247;251;10;241;1188;332;162;98;33;18;10;11;;;;;141;65;16;11;13;9;0;6;3;13;5;17;6;8;0;0;0;2;0;1;0;0;2;0;1;0;0;0;0;0;0;1;0;283;194;64;25;;;;;;;;69;20;43;6;;280;183;97;;50;17;33;14;14;0;0;;;
Bezirk Hamburg-Nord;Wahlkreis 9 - Barmbek - Uhlenhorst - Dulsberg;Barmbek-Nord;42803;STIMMBEZIRK;;;N;1556;998;558;0;518;7;511;517;7;510;2532;856;421;287;52;48;25;23;;;;;183;73;27;8;20;18;2;4;5;21;5;53;11;15;5;9;4;7;1;0;0;1;9;3;1;3;2;0;0;0;0;0;0;509;382;86;41;;;;;;;;123;51;53;19;;529;352;177;;220;109;111;50;50;0;0;;;
Bezirk Hamburg-Nord;Wahlkreis 9 - Barmbek - Uhlenhorst - Dulsberg;Barmbek-Nord;42804;STIMMBEZIRK;;;N;819;594;225;0;257;6;251;257;1;256;1267;403;227;117;18;11;11;19;;;;;224;63;39;21;12;13;6;16;11;22;21;43;5;15;1;2;9;9;1;1;0;0;7;4;0;1;0;1;0;0;1;0;0;213;153;44;16;;;;;;;;50;20;23;7;;143;105;38;;181;111;70;0;0;3;3;;;
Bezirk Hamburg-Nord;Wahlkreis 9 - Barmbek - Uhlenhorst - Dulsberg;Barmbek-Nord;42805;STIMMBEZIRK;;;N;805;602;203;0;268;3;265;268;4;264;1318;411;200;115;25;34;16;21;;;;;95;39;8;9;6;1;6;3;0;13;10;50;16;19;2;3;1;0;1;7;1;0;10;1;1;0;1;0;2;1;0;2;2;359;242;91;26;;;;;;;;107;30;70;7;;182;128;54;;101;54;47;3;3;0;0;;;
Bezirk Hamburg-Nord;Wahlkreis 9 - Barmbek - Uhlenhorst - Dulsberg;Barmbek-Nord;42806;STIMMBEZIRK;;;N;835;595;240;0;301;0;301;301;2;299;1463;465;245;111;39;23;27;20;;;;;135;36;29;26;9;5;6;4;5;12;3;37;2;13;1;4;4;3;3;1;4;2;11;0;1;3;0;1;3;1;1;0;1;307;215;63;29;;;;;;;;48;12;31;5;;334;231;103;;126;72;54;0;0;0;0;;;
Bezirk Hamburg-Nord;Wahlkreis 9 - Barmbek - Uhlenhorst - Dulsberg;Barmbek-Nord;42807;STIMMBEZIRK;;;N;866;570;296;0;332;5;327;332;3;329;1639;488;286;116;35;21;15;15;;;;;183;90;37;7;7;7;8;1;8;14;4;44;12;17;0;2;1;8;0;2;2;0;15;3;2;2;1;1;1;0;4;1;0;314;207;75;32;;;;;;;;83;41;34;8;;370;251;119;;136;78;58;6;6;0;0;;;
Bezirk Hamburg-Nord;Wahlkreis 9 - Barmbek - Uhlenhorst - Dulsberg;Barmbek-Nord;42809;STIMMBEZIRK;;;N;997;650;347;0;384;8;376;384;4;380;1886;593;350;106;54;24;32;27;;;;;229;96;24;17;10;7;7;16;22;16;14;46;12;13;6;2;1;2;7;0;2;1;16;3;1;1;6;1;0;0;4;0;0;313;213;79;21;;;;;;;;97;34;58;5;;471;341;130;;121;75;46;0;0;0;0;;;
Bezirk Hamburg-Nord;Wahlkreis 9 - Barmbek - Uhlenhorst - Dulsberg;Barmbek-Nord;42810;STIMMBEZIRK;;;N;863;531;332;0;309;9;300;309;5;304;1504;479;302;92;32;27;13;13;;;;;102;53;14;7;10;6;1;3;2;2;4;39;10;18;0;4;1;0;1;0;3;2;6;0;1;0;0;2;0;1;1;1;0;317;183;99;35;;;;;;;;84;25;52;7;;391;268;123;;86;48;38;0;0;0;0;;;
Bezirk Hamburg-Nord;Wahlkreis 9 - Barmbek - Uhlenhorst - Dulsberg;Barmbek-Nord;42811;STIMMBEZIRK;;;N;745;438;307;0;225;3;222;225;4;221;1094;308;201;76;13;3;9;6;;;;;110;59;16;3;3;8;4;7;4;5;1;20;0;7;0;0;0;0;10;0;3;0;2;0;0;0;1;0;0;0;1;0;0;258;184;51;23;;;;;;;;65;31;29;5;;248;185;63;;72;52;20;11;11;0;0;;;
Bezirk Hamburg-Nord;Wahlkreis 9 - Barmbek - Uhlenhorst - Dulsberg;Barmbek-Nord;42812;STIMMBEZIRK;;;N;1018;633;385;0;321;8;313;321;6;315;1562;478;276;112;34;23;13;20;;;;;226;85;32;22;8;10;5;25;6;22;11;30;7;12;2;3;2;4;0;0;0;0;7;0;1;0;0;1;0;0;5;0;0;320;218;82;20;;;;;;;;74;21;47;6;;318;230;88;;109;65;44;0;0;0;0;;;
Bezirk Hamburg-Nord;Wahlkreis 9 - Barmbek - Uhlenhorst - Dulsberg;Barmbek-Nord;42813;STIMMBEZIRK;;;N;689;511;178;0;311;3;308;311;3;308;1525;428;263;78;35;20;16;16;;;;;109;27;18;12;1;2;5;13;12;11;8;51;2;23;0;9;3;6;1;6;0;1;10;6;0;0;0;0;1;0;2;1;0;306;209;74;23;;;;;;;;109;38;63;8;;335;252;83;;167;77;90;10;10;0;0;;;
Bezirk Hamburg-Nord;Wahlkreis 9 - Barmbek - Uhlenhorst - Dulsberg;Barmbek-Nord;42814;STIMMBEZIRK;;;N;839;680;159;0;282;5;277;282;9;273;1361;400;234;83;35;20;14;14;;;;;87;24;18;11;7;0;1;9;1;14;2;13;5;1;2;5;0;0;0;0;0;0;14;7;0;0;0;0;4;1;1;1;0;419;261;102;56;;;;;;;;88;23;60;5;;208;150;58;;114;76;38;18;18;0;0;;;
Bezirk Hamburg-Nord;Wahlkreis 9 - Barmbek - Uhlenhorst - Dulsberg;Barmbek-Nord;42901;STIMMBEZIRK;;;N;822;493;329;0;295;13;282;295;3;292;1457;459;279;95;45;12;11;17;;;;;127;61;19;14;4;5;3;0;13;3;5;20;6;5;0;8;0;1;0;0;0;0;9;1;0;1;0;2;0;0;1;0;4;291;198;67;26;;;;;;;;79;21;55;3;;355;248;107;;117;68;49;0;0;0;0;;;
Bezirk Hamburg-Nord;Wahlkreis 9 - Barmbek - Uhlenhorst - Dulsberg;Barmbek-Nord;42902;STIMMBEZIRK;;;N;1218;835;383;0;465;6;459;465;4;461;2283;757;420;170;62;45;31;29;;;;;253;93;33;30;14;12;16;8;14;29;4;25;4;14;1;3;1;1;0;0;0;1;10;0;5;0;0;0;2;0;3;0;0;490;343;113;34;;;;;;;;129;46;79;4;;470;323;147;;149;79;70;0;0;0;0;;;
Bezirk Hamburg-Nord;Wahlkreis 9 - Barmbek - Uhlenhorst - Dulsberg;Barmbek-Nord;42903;STIMMBEZIRK;;;N;1164;881;283;0;450;4;446;450;12;438;2175;764;441;172;71;24;19;37;;;;;189;59;30;11;11;16;8;5;9;22;18;33;7;9;0;5;1;2;0;1;2;6;5;2;1;0;1;0;1;0;0;0;0;528;381;128;19;;;;;;;;70;22;40;8;;390;274;116;;154;86;68;35;35;7;7;;;
Bezirk Hamburg-Nord;Wahlkreis 9 - Barmbek - Uhlenhorst - Dulsberg;Barmbek-Nord;42905;STIMMBEZIRK;;;N;1107;762;345;0;449;14;435;449;3;446;2223;683;391;141;56;43;21;31;;;;;200;59;36;21;13;9;15;10;10;20;7;54;7;23;1;8;4;6;3;0;2;0;25;0;3;0;1;4;3;0;1;1;12;516;366;103;47;;;;;;;;121;36;71;14;;450;316;134;;165;91;74;9;9;0;0;;;
Bezirk Hamburg-Nord;Wahlkreis 9 - Barmbek - Uhlenhorst - Dulsberg;Barmbek-Nord;42906;STIMMBEZIRK;;;N;1171;643;528;0;429;11;418;429;2;427;2133;604;342;147;50;34;13;18;;;;;315;135;41;33;32;12;13;8;3;29;9;114;33;65;1;10;2;1;0;0;2;0;3;0;2;0;1;0;0;0;0;0;0;202;132;58;12;;;;;;;;146;72;66;8;;650;477;173;;98;59;39;1;1;0;0;;;
Bezirk Hamburg-Nord;Wahlkreis 9 - Barmbek - Uhlenhorst - Dulsberg;Barmbek-Nord;42907;STIMMBEZIRK;;;N;1353;911;442;0;524;13;511;524;3;521;2596;833;512;167;59;42;25;28;;;;;336;151;43;33;22;22;5;17;2;22;19;85;15;31;4;21;0;0;12;1;1;0;22;2;0;0;1;12;1;0;1;0;5;564;377;134;53;;;;;;;;144;64;67;13;;426;266;160;;175;90;85;7;7;4;4;;;
Bezirk Hamburg-Nord;Wahlkreis 9 - Barmbek - Uhlenhorst - Dulsberg;Barmbek-Nord;42908;STIMMBEZIRK;;;N;851;526;325;0;298;7;291;298;4;294;1455;356;195;87;23;16;15;20;;;;;108;20;24;10;2;5;7;12;8;9;11;42;9;19;0;4;8;0;0;1;1;0;11;1;0;0;0;1;2;2;0;5;0;316;240;60;16;;;;;;;;102;46;49;7;;300;231;69;;217;109;108;2;2;1;1;;;
Bezirk Hamburg-Nord;Wahlkreis 9 - Barmbek - Uhlenhorst - Dulsberg;Barmbek-Nord;4269901;BRIEFWAHLBEZIRK;;;N;0;0;0;0;715;715;0;715;8;707;3515;1070;582;256;96;51;40;45;;;;;470;143;110;46;25;11;8;35;19;44;29;107;19;42;11;8;9;6;6;4;2;0;23;1;1;1;1;2;1;1;9;1;5;510;348;117;45;;;;;;;;391;144;203;44;;744;499;245;;190;97;93;10;10;0;0;;;
Bezirk Hamburg-Nord;Wahlkreis 9 - Barmbek - Uhlenhorst - Dulsberg;Barmbek-Nord;4269902;BRIEFWAHLBEZIRK;;;N;0;0;0;0;593;593;0;593;4;589;2943;995;584;193;84;40;43;51;;;;;352;103;76;24;20;15;23;22;22;39;8;90;14;33;6;8;5;18;3;1;1;1;25;5;1;0;6;0;6;0;6;0;1;419;266;109;44;;;;;;;;199;62;123;14;;727;475;252;;130;74;56;6;6;0;0;;;
Bezirk Hamburg-Nord;Wahlkreis 9 - Barmbek - Uhlenhorst - Dulsberg;Barmbek-Nord;4269903;BRIEFWAHLBEZIRK;;;N;0;0;0;0;610;610;0;597;14;583;2897;926;507;185;96;31;45;62;;;;;337;109;38;39;27;16;6;15;12;52;23;135;11;76;8;12;7;9;2;6;3;1;23;5;5;2;3;4;0;1;1;2;0;349;218;101;30;;;;;;;;245;84;132;29;;744;476;268;;130;94;36;7;7;1;1;;;
Bezirk Hamburg-Nord;Wahlkreis 9 - Barmbek - Uhlenhorst - Dulsberg;Barmbek-Nord;4269904;BRIEFWAHLBEZIRK;;;N;0;0;0;0;596;596;0;596;4;592;2957;762;390;179;48;57;37;51;;;;;431;135;120;49;21;13;14;5;18;20;36;90;19;27;2;16;7;7;4;4;0;4;15;4;1;0;0;3;5;0;1;1;0;465;306;125;34;;;;;;;;217;82;122;13;;803;520;283;;157;74;83;17;17;0;0;;;
Bezirk Hamburg-Nord;Wahlkreis 9 - Barmbek - Uhlenhorst - Dulsberg;Barmbek-Nord;4269905;BRIEFWAHLBEZIRK;;;N;0;0;0;0;619;619;0;619;3;616;3062;815;446;182;78;35;29;45;;;;;429;149;76;42;14;15;19;18;14;45;37;142;25;62;5;17;5;5;6;1;8;8;20;6;1;0;0;2;2;6;3;0;0;541;357;143;41;;;;;;;;250;83;143;24;;743;481;262;;119;75;44;3;3;0;0;;;
Bezirk Hamburg-Nord;Wahlkreis 9 - Barmbek - Uhlenhorst - Dulsberg;Barmbek-Nord;4269906;BRIEFWAHLBEZIRK;;;N;0;0;0;0;599;599;0;599;4;595;2968;971;519;230;70;42;51;59;;;;;375;116;71;33;29;4;11;29;25;36;21;114;32;40;0;9;3;16;5;0;7;2;19;1;1;6;0;3;1;1;5;1;0;416;261;106;49;;;;;;;;166;60;84;22;;770;528;242;;117;64;53;20;20;0;0;;;
Bezirk Hamburg-Nord;Wahlkreis 9 - Barmbek - Uhlenhorst - Dulsberg;Barmbek-Nord;4269907;BRIEFWAHLBEZIRK;;;N;0;0;0;0;594;594;0;594;4;590;2946;824;461;179;50;59;32;43;;;;;427;129;91;31;34;12;16;19;25;35;35;131;17;52;3;15;7;6;15;1;15;0;23;1;3;6;1;2;0;0;0;5;5;434;290;103;41;;;;;;;;245;99;128;18;;697;402;295;;164;99;65;1;1;0;0;;;
Bezirk Hamburg-Nord;Wahlkreis 9 - Barmbek - Uhlenhorst - Dulsberg;Barmbek-Nord;4269908;BRIEFWAHLBEZIRK;;;N;0;0;0;0;593;593;0;593;4;589;2932;859;493;167;77;57;29;36;;;;;425;156;70;28;18;19;13;20;27;66;8;97;21;41;2;13;1;8;2;0;4;5;23;7;1;0;0;6;1;6;1;1;0;389;235;117;37;;;;;;;;205;61;129;15;;761;513;248;;163;86;77;10;10;0;0;;;
Bezirk Hamburg-Nord;Wahlkreis 9 - Barmbek - Uhlenhorst - Dulsberg;Barmbek-Nord;4269909;BRIEFWAHLBEZIRK;;;N;0;0;0;0;598;598;0;597;8;589;2942;768;403;182;68;27;24;64;;;;;410;124;100;39;35;15;18;10;16;31;22;91;18;38;5;11;2;9;2;1;4;1;20;2;3;3;2;0;0;3;4;2;1;493;339;113;41;;;;;;;;289;90;174;25;;723;450;273;;133;66;67;10;10;5;5;;;
Bezirk Hamburg-Nord;Wahlkreis 9 - Barmbek - Uhlenhorst - Dulsberg;Barmbek-Nord;4269910;BRIEFWAHLBEZIRK;;;N;0;0;0;0;596;596;0;592;3;589;2942;920;479;219;72;37;47;66;;;;;397;116;83;38;17;13;7;35;26;43;19;146;18;77;5;19;5;13;0;7;1;1;39;20;0;2;2;4;0;0;2;1;8;505;336;119;50;;;;;;;;205;61;123;21;;612;412;200;;97;47;50;21;21;0;0;;;
Bezirk Hamburg-Nord;Wahlkreis 9 - Barmbek - Uhlenhorst - Dulsberg;Barmbek-Nord;4269911;BRIEFWAHLBEZIRK;;;N;0;0;0;0;595;595;0;592;3;589;2945;949;510;201;85;47;43;63;;;;;365;105;70;33;32;6;11;21;19;38;30;107;14;56;4;12;3;7;4;3;3;1;2;0;0;0;0;0;0;1;1;0;0;549;373;139;37;;;;;;;;180;63;96;21;;665;413;252;;127;58;69;0;0;1;1;;;
Bezirk Hamburg-Nord;Wahlkreis 9 - Barmbek - Uhlenhorst - Dulsberg;Barmbek-Nord;4269912;BRIEFWAHLBEZIRK;;;N;0;0;0;0;595;595;0;594;1;593;2954;869;481;169;64;59;38;58;;;;;346;120;56;31;13;18;18;31;14;29;16;120;32;48;4;5;5;8;7;2;6;3;14;2;0;0;0;0;2;7;2;1;0;533;313;158;62;;;;;;;;236;85;135;16;;657;427;230;;160;85;75;9;9;10;10;;;
Bezirk Hamburg-Nord;Wahlkreis 9 - Barmbek - Uhlenhorst - Dulsberg;Barmbek-Nord;4269913;BRIEFWAHLBEZIRK;;;N;0;0;0;0;598;598;0;598;5;593;2964;854;459;184;52;48;57;54;;;;;364;107;73;42;18;12;7;24;20;33;28;126;23;54;5;6;6;22;6;2;0;2;11;0;1;0;3;1;2;1;0;1;2;462;283;137;42;;;;;;;;282;92;167;23;;731;444;287;;126;68;58;8;8;0;0;;;
Bezirk Hamburg-Nord;Wahlkreis 9 - Barmbek - Uhlenhorst - Dulsberg;Barmbek-Nord;4269914;BRIEFWAHLBEZIRK;;;N;0;0;0;0;594;594;0;594;4;590;2937;938;530;202;71;61;44;30;;;;;332;108;82;26;17;16;6;17;22;28;10;80;13;44;1;9;5;4;0;1;0;3;37;14;1;3;0;2;10;3;1;0;3;417;285;95;37;;;;;;;;269;79;169;21;;722;504;218;;132;84;48;10;10;0;0;;;
Bezirk Hamburg-Nord;Wahlkreis 9 - Barmbek - Uhlenhorst - Dulsberg;Barmbek-Nord;4269915;BRIEFWAHLBEZIRK;;;N;0;0;0;0;543;543;0;543;4;539;2686;832;469;169;72;32;37;53;;;;;278;112;43;27;6;11;8;13;12;34;12;90;15;29;8;8;0;2;15;0;4;9;45;10;11;3;1;7;3;3;1;5;1;436;285;107;44;;;;;;;;225;76;132;17;;627;418;209;;145;77;68;7;7;1;1;;;
Bezirk Hamburg-Nord;Wahlkreis 9 - Barmbek - Uhlenhorst - Dulsberg;Barmbek-Nord;4269916;BRIEFWAHLBEZIRK;;;N;0;0;0;0;497;497;0;494;5;489;2430;681;382;141;42;32;35;49;;;;;345;118;64;25;21;8;3;22;24;35;25;107;33;43;4;7;2;5;6;2;2;3;25;1;6;0;1;6;0;2;8;1;0;307;158;116;33;;;;;;;;268;102;139;27;;531;312;219;;155;63;92;6;6;5;5;;;
Bezirk Hamburg-Nord;Wahlkreis 9 - Barmbek - Uhlenhorst - Dulsberg;Barmbek-Nord;4269917;BRIEFWAHLBEZIRK;;;N;0;0;0;0;423;423;0;422;2;420;2093;694;390;167;50;18;23;46;;;;;281;80;59;20;30;13;11;7;7;41;13;68;8;38;3;6;6;4;3;0;0;0;11;1;1;0;5;1;1;1;1;0;0;341;217;98;26;;;;;;;;130;42;82;6;;423;264;159;;139;90;49;6;6;0;0;;;
Bezirk Hamburg-Nord;Wahlkreis 10 - Fuhlsbüttel - Alsterdorf - Langenhorn;Groß Borstel;40601;STIMMBEZIRK;;;N;985;654;331;0;448;5;443;448;9;439;2152;673;287;86;92;208;;;;;;;497;111;40;248;50;15;16;17;;;;43;27;6;1;6;0;2;1;;;;83;55;23;5;;;;;;;;547;455;92;;;;;;;;;194;128;66;;;115;115;;;;;;;;;;;;
Bezirk Hamburg-Nord;Wahlkreis 10 - Fuhlsbüttel - Alsterdorf - Langenhorn;Groß Borstel;40604;STIMMBEZIRK;;;N;913;637;276;0;343;4;339;343;10;333;1654;531;231;73;34;193;;;;;;;353;74;49;174;19;9;9;19;;;;31;9;11;6;1;2;0;2;;;;42;19;15;8;;;;;;;;319;294;25;;;;;;;;;200;121;79;;;178;178;;;;;;;;;;;;
Bezirk Hamburg-Nord;Wahlkreis 10 - Fuhlsbüttel - Alsterdorf - Langenhorn;Groß Borstel;40605;STIMMBEZIRK;;;N;871;636;235;0;377;8;369;377;8;369;1841;537;218;54;46;219;;;;;;;450;138;47;206;18;8;14;19;;;;27;9;4;4;2;0;7;1;;;;74;42;15;17;;;;;;;;311;273;38;;;;;;;;;264;156;108;;;178;178;;;;;;;;;;;;
Bezirk Hamburg-Nord;Wahlkreis 10 - Fuhlsbüttel - Alsterdorf - Langenhorn;Groß Borstel;40606;STIMMBEZIRK;;;N;1246;831;415;0;512;7;505;511;7;504;2503;688;294;102;70;222;;;;;;;496;153;60;227;11;10;23;12;;;;62;28;12;8;7;2;5;0;;;;113;63;35;15;;;;;;;;691;600;91;;;;;;;;;302;199;103;;;151;151;;;;;;;;;;;;
Bezirk Hamburg-Nord;Wahlkreis 10 - Fuhlsbüttel - Alsterdorf - Langenhorn;Groß Borstel;40607;STIMMBEZIRK;;;N;1245;772;473;0;504;7;497;504;2;502;2505;670;327;101;63;179;;;;;;;498;130;93;169;28;36;21;21;;;;63;23;23;7;5;0;5;0;;;;97;35;48;14;;;;;;;;834;725;109;;;;;;;;;181;126;55;;;162;162;;;;;;;;;;;;
Bezirk Hamburg-Nord;Wahlkreis 10 - Fuhlsbüttel - Alsterdorf - Langenhorn;Groß Borstel;40608;STIMMBEZIRK;;;N;946;636;310;0;482;7;475;481;1;480;2354;573;206;88;52;227;;;;;;;593;208;40;290;12;13;14;16;;;;49;18;16;5;7;0;1;2;;;;69;44;15;10;;;;;;;;714;601;113;;;;;;;;;259;153;106;;;97;97;;;;;;;;;;;;
Bezirk Hamburg-Nord;Wahlkreis 10 - Fuhlsbüttel - Alsterdorf - Langenhorn;Groß Borstel;40611;STIMMBEZIRK;;;N;1016;688;328;0;470;4;466;469;5;464;2304;625;226;103;56;240;;;;;;;476;176;37;217;16;10;4;16;;;;29;10;1;1;3;2;2;10;;;;93;50;30;13;;;;;;;;675;568;107;;;;;;;;;269;169;100;;;137;137;;;;;;;;;;;;
Bezirk Hamburg-Nord;Wahlkreis 10 - Fuhlsbüttel - Alsterdorf - Langenhorn;Groß Borstel;4069901;BRIEFWAHLBEZIRK;;;N;0;0;0;0;655;655;0;655;4;651;3227;917;352;133;89;343;;;;;;;771;250;51;363;43;28;12;24;;;;107;23;14;15;13;3;22;17;;;;224;126;76;22;;;;;;;;768;622;146;;;;;;;;;291;164;127;;;149;149;;;;;;;;;;;;
Bezirk Hamburg-Nord;Wahlkreis 10 - Fuhlsbüttel - Alsterdorf - Langenhorn;Groß Borstel;4069902;BRIEFWAHLBEZIRK;;;N;0;0;0;0;599;599;0;598;6;592;2868;826;310;108;100;308;;;;;;;725;178;107;327;27;35;23;28;;;;59;13;16;3;10;6;9;2;;;;170;97;59;14;;;;;;;;688;570;118;;;;;;;;;242;158;84;;;158;158;;;;;;;;;;;;
Bezirk Hamburg-Nord;Wahlkreis 10 - Fuhlsbüttel - Alsterdorf - Langenhorn;Groß Borstel;4069903;BRIEFWAHLBEZIRK;;;N;0;0;0;0;598;598;0;598;1;597;2979;739;334;105;64;236;;;;;;;669;214;57;310;19;31;14;24;;;;86;26;19;5;11;6;12;7;;;;196;107;64;25;;;;;;;;888;748;140;;;;;;;;;254;165;89;;;147;147;;;;;;;;;;;;
Bezirk Hamburg-Nord;Wahlkreis 10 - Fuhlsbüttel - Alsterdorf - Langenhorn;Groß Borstel;4069904;BRIEFWAHLBEZIRK;;;N;0;0;0;0;324;324;0;323;2;321;1602;495;152;80;52;211;;;;;;;393;112;61;163;19;21;3;14;;;;38;11;10;5;4;1;2;5;;;;97;48;35;14;;;;;;;;375;311;64;;;;;;;;;128;84;44;;;76;76;;;;;;;;;;;;
Bezirk Hamburg-Nord;Wahlkreis 10 - Fuhlsbüttel - Alsterdorf - Langenhorn;Alsterdorf;40701;STIMMBEZIRK;;;N;1467;1085;382;0;545;11;534;545;10;535;2632;696;422;132;80;62;;;;;;;510;210;86;56;41;32;31;54;;;;60;22;8;7;8;1;4;10;;;;119;67;35;17;;;;;;;;663;564;99;;;;;;;;;344;227;117;;;240;240;;;;;;;;;;;;
Bezirk Hamburg-Nord;Wahlkreis 10 - Fuhlsbüttel - Alsterdorf - Langenhorn;Alsterdorf;40702;STIMMBEZIRK;;;N;1383;864;519;0;537;6;531;537;4;533;2665;685;358;140;115;72;;;;;;;582;297;102;74;27;23;21;38;;;;60;22;11;11;5;0;3;8;;;;150;90;31;29;;;;;;;;678;580;98;;;;;;;;;334;229;105;;;176;176;;;;;;;;;;;;
Bezirk Hamburg-Nord;Wahlkreis 10 - Fuhlsbüttel - Alsterdorf - Langenhorn;Alsterdorf;40703;STIMMBEZIRK;;;N;1293;904;389;0;463;11;452;463;4;459;2226;714;430;81;113;90;;;;;;;392;174;68;59;25;27;19;20;;;;49;13;11;1;11;1;7;5;;;;87;47;30;10;;;;;;;;602;496;106;;;;;;;;;234;154;80;;;148;148;;;;;;;;;;;;
Bezirk Hamburg-Nord;Wahlkreis 10 - Fuhlsbüttel - Alsterdorf - Langenhorn;Alsterdorf;40704;STIMMBEZIRK;;;N;1147;658;489;0;525;6;519;522;4;518;2477;625;366;119;78;62;;;;;;;686;305;179;116;21;23;21;21;;;;83;29;22;7;6;5;3;11;;;;105;73;27;5;;;;;;;;756;681;75;;;;;;;;;118;79;39;;;104;104;;;;;;;;;;;;
Bezirk Hamburg-Nord;Wahlkreis 10 - Fuhlsbüttel - Alsterdorf - Langenhorn;Alsterdorf;40705;STIMMBEZIRK;;;N;977;551;426;0;384;6;378;383;3;380;1871;501;318;91;44;48;;;;;;;555;279;127;82;19;23;4;21;;;;28;10;1;6;1;0;1;9;;;;68;37;26;5;;;;;;;;426;355;71;;;;;;;;;163;120;43;;;130;130;;;;;;;;;;;;
Bezirk Hamburg-Nord;Wahlkreis 10 - Fuhlsbüttel - Alsterdorf - Langenhorn;Alsterdorf;40706;STIMMBEZIRK;;;N;929;615;314;0;423;8;415;423;6;417;2074;514;295;85;61;73;;;;;;;512;213;147;81;15;21;26;9;;;;40;6;1;2;13;0;0;18;;;;147;116;26;5;;;;;;;;534;465;69;;;;;;;;;202;126;76;;;125;125;;;;;;;;;;;;
Bezirk Hamburg-Nord;Wahlkreis 10 - Fuhlsbüttel - Alsterdorf - Langenhorn;Alsterdorf;40707;STIMMBEZIRK;;;N;947;580;367;0;381;9;372;381;6;375;1847;537;297;131;54;55;;;;;;;388;184;64;65;26;17;13;19;;;;35;9;5;5;3;0;3;10;;;;102;77;20;5;;;;;;;;476;416;60;;;;;;;;;179;112;67;;;130;130;;;;;;;;;;;;
Bezirk Hamburg-Nord;Wahlkreis 10 - Fuhlsbüttel - Alsterdorf - Langenhorn;Alsterdorf;40708;STIMMBEZIRK;;;N;1235;745;490;0;499;4;495;499;5;494;2446;661;425;107;59;70;;;;;;;661;309;173;77;27;21;17;37;;;;64;18;12;9;1;11;3;10;;;;69;49;15;5;;;;;;;;696;592;104;;;;;;;;;228;123;105;;;67;67;;;;;;;;;;;;
Bezirk Hamburg-Nord;Wahlkreis 10 - Fuhlsbüttel - Alsterdorf - Langenhorn;Alsterdorf;40709;STIMMBEZIRK;;;N;924;601;323;0;417;6;411;416;7;409;2042;461;271;57;72;61;;;;;;;510;167;138;102;29;22;18;34;;;;59;8;21;0;7;0;5;18;;;;102;63;28;11;;;;;;;;563;471;92;;;;;;;;;229;155;74;;;118;118;;;;;;;;;;;;
Bezirk Hamburg-Nord;Wahlkreis 10 - Fuhlsbüttel - Alsterdorf - Langenhorn;Alsterdorf;40710;STIMMBEZIRK;;;N;1120;631;489;0;389;7;382;389;8;381;1901;464;297;69;58;40;;;;;;;561;273;78;97;32;20;19;42;;;;51;17;2;2;11;5;0;14;;;;98;64;26;8;;;;;;;;429;358;71;;;;;;;;;118;81;37;;;180;180;;;;;;;;;;;;
Bezirk Hamburg-Nord;Wahlkreis 10 - Fuhlsbüttel - Alsterdorf - Langenhorn;Alsterdorf;4079901;BRIEFWAHLBEZIRK;;;N;0;0;0;0;636;636;0;634;8;626;3125;782;423;137;104;118;;;;;;;935;388;207;153;49;62;27;49;;;;98;43;8;6;16;5;4;16;;;;161;109;44;8;;;;;;;;819;685;134;;;;;;;;;214;130;84;;;116;116;;;;;;;;;;;;
Bezirk Hamburg-Nord;Wahlkreis 10 - Fuhlsbüttel - Alsterdorf - Langenhorn;Alsterdorf;4079902;BRIEFWAHLBEZIRK;;;N;0;0;0;0;551;551;0;548;6;542;2685;594;345;82;80;87;;;;;;;791;296;210;141;36;30;33;45;;;;110;36;10;12;28;3;4;17;;;;156;118;24;14;;;;;;;;703;576;127;;;;;;;;;172;92;80;;;159;159;;;;;;;;;;;;
Bezirk Hamburg-Nord;Wahlkreis 10 - Fuhlsbüttel - Alsterdorf - Langenhorn;Alsterdorf;4079903;BRIEFWAHLBEZIRK;;;N;0;0;0;0;658;658;0;658;4;654;3267;781;483;120;90;88;;;;;;;907;323;224;148;53;65;37;57;;;;97;33;30;6;14;6;4;4;;;;176;127;39;10;;;;;;;;835;666;169;;;;;;;;;304;205;99;;;167;167;;;;;;;;;;;;
Bezirk Hamburg-Nord;Wahlkreis 10 - Fuhlsbüttel - Alsterdorf - Langenhorn;Alsterdorf;4079904;BRIEFWAHLBEZIRK;;;N;0;0;0;0;518;518;0;517;1;516;2572;660;381;135;77;67;;;;;;;702;284;188;88;60;40;23;19;;;;139;52;30;9;17;6;7;18;;;;131;78;38;15;;;;;;;;657;549;108;;;;;;;;;175;115;60;;;108;108;;;;;;;;;;;;
Bezirk Hamburg-Nord;Wahlkreis 10 - Fuhlsbüttel - Alsterdorf - Langenhorn;Alsterdorf;4079905;BRIEFWAHLBEZIRK;;;N;0;0;0;0;562;562;0;562;4;558;2776;732;416;113;96;107;;;;;;;701;304;145;131;34;39;21;27;;;;114;50;24;2;22;3;3;10;;;;134;81;43;10;;;;;;;;746;638;108;;;;;;;;;202;148;54;;;147;147;;;;;;;;;;;;
Bezirk Hamburg-Nord;Wahlkreis 10 - Fuhlsbüttel - Alsterdorf - Langenhorn;Alsterdorf;4079906;BRIEFWAHLBEZIRK;;;N;0;0;0;0;595;595;0;595;7;588;2932;829;438;144;111;136;;;;;;;809;338;158;138;55;44;40;36;;;;104;29;17;8;17;7;2;24;;;;180;114;51;15;;;;;;;;692;585;107;;;;;;;;;226;143;83;;;92;92;;;;;;;;;;;;
Bezirk Hamburg-Nord;Wahlkreis 10 - Fuhlsbüttel - Alsterdorf - Langenhorn;Alsterdorf;4079907;BRIEFWAHLBEZIRK;;;N;0;0;0;0;340;340;0;340;3;337;1678;514;304;93;47;70;;;;;;;430;169;118;61;17;20;20;25;;;;66;17;22;4;9;0;4;10;;;;78;54;22;2;;;;;;;;414;357;57;;;;;;;;;93;56;37;;;83;83;;;;;;;;;;;;
Bezirk Hamburg-Nord;Wahlkreis 10 - Fuhlsbüttel - Alsterdorf - Langenhorn;Ohlsdorf;43001;STIMMBEZIRK;;;N;1233;782;451;0;612;8;604;612;6;606;2986;744;453;129;120;42;;;;;;;706;443;53;70;41;55;4;40;;;;31;4;16;3;6;2;0;0;;;;130;72;41;17;;;;;;;;1099;957;142;;;;;;;;;187;116;71;;;89;89;;;;;;;;;;;;
Bezirk Hamburg-Nord;Wahlkreis 10 - Fuhlsbüttel - Alsterdorf - Langenhorn;Ohlsdorf;43002;STIMMBEZIRK;;;N;940;627;313;0;559;11;548;559;2;557;2771;569;359;108;61;41;;;;;;;878;659;79;56;35;10;18;21;;;;72;21;24;5;9;4;6;3;;;;93;69;18;6;;;;;;;;875;793;82;;;;;;;;;175;114;61;;;109;109;;;;;;;;;;;;
Bezirk Hamburg-Nord;Wahlkreis 10 - Fuhlsbüttel - Alsterdorf - Langenhorn;Ohlsdorf;43003;STIMMBEZIRK;;;N;896;633;263;0;404;6;398;404;6;398;1964;494;266;95;86;47;;;;;;;358;195;61;43;8;14;14;23;;;;9;6;2;0;1;0;0;0;;;;78;49;11;18;;;;;;;;567;443;124;;;;;;;;;317;246;71;;;141;141;;;;;;;;;;;;
Bezirk Hamburg-Nord;Wahlkreis 10 - Fuhlsbüttel - Alsterdorf - Langenhorn;Ohlsdorf;43004;STIMMBEZIRK;;;N;1040;708;331;1;410;2;408;410;12;398;1971;602;342;83;104;73;;;;;;;326;137;26;70;22;18;21;32;;;;70;35;4;5;10;8;2;6;;;;91;55;25;11;;;;;;;;454;353;101;;;;;;;;;262;159;103;;;166;166;;;;;;;;;;;;
Bezirk Hamburg-Nord;Wahlkreis 10 - Fuhlsbüttel - Alsterdorf - Langenhorn;Ohlsdorf;43005;STIMMBEZIRK;;;N;1071;772;299;0;455;4;451;455;11;444;2194;684;363;113;126;82;;;;;;;347;147;24;42;46;40;13;35;;;;51;15;19;2;9;1;3;2;;;;81;43;29;9;;;;;;;;473;362;111;;;;;;;;;412;247;165;;;146;146;;;;;;;;;;;;
Bezirk Hamburg-Nord;Wahlkreis 10 - Fuhlsbüttel - Alsterdorf - Langenhorn;Ohlsdorf;43008;STIMMBEZIRK;;;N;709;463;246;0;241;6;235;240;4;236;1165;350;177;56;90;27;;;;;;;197;77;6;23;37;21;24;9;;;;31;9;6;8;5;0;0;3;;;;54;23;21;10;;;;;;;;279;224;55;;;;;;;;;141;95;46;;;113;113;;;;;;;;;;;;
Bezirk Hamburg-Nord;Wahlkreis 10 - Fuhlsbüttel - Alsterdorf - Langenhorn;Ohlsdorf;43009;STIMMBEZIRK;;;N;940;653;287;0;386;6;380;386;7;379;1884;531;280;123;96;32;;;;;;;340;183;29;42;25;19;30;12;;;;35;11;3;5;12;1;3;0;;;;64;36;12;16;;;;;;;;497;412;85;;;;;;;;;250;183;67;;;167;167;;;;;;;;;;;;
Bezirk Hamburg-Nord;Wahlkreis 10 - Fuhlsbüttel - Alsterdorf - Langenhorn;Ohlsdorf;43010;STIMMBEZIRK;;;N;1304;944;360;0;529;6;523;529;16;513;2556;845;537;131;140;37;;;;;;;508;283;47;63;39;38;18;20;;;;34;8;6;2;8;1;8;1;;;;122;66;35;21;;;;;;;;402;330;72;;;;;;;;;316;203;113;;;329;329;;;;;;;;;;;;
Bezirk Hamburg-Nord;Wahlkreis 10 - Fuhlsbüttel - Alsterdorf - Langenhorn;Ohlsdorf;43011;STIMMBEZIRK;;;N;1115;688;427;0;342;4;338;337;6;331;1640;481;228;94;127;32;;;;;;;290;193;19;23;9;25;10;11;;;;26;9;2;3;0;5;0;7;;;;43;34;8;1;;;;;;;;353;286;67;;;;;;;;;267;187;80;;;180;180;;;;;;;;;;;;
Bezirk Hamburg-Nord;Wahlkreis 10 - Fuhlsbüttel - Alsterdorf - Langenhorn;Ohlsdorf;43012;STIMMBEZIRK;;;N;1021;631;390;0;387;6;381;387;4;383;1913;416;199;85;88;44;;;;;;;306;192;18;33;9;13;13;28;;;;11;8;2;0;1;0;0;0;;;;92;37;29;26;;;;;;;;657;539;118;;;;;;;;;360;261;99;;;71;71;;;;;;;;;;;;
Bezirk Hamburg-Nord;Wahlkreis 10 - Fuhlsbüttel - Alsterdorf - Langenhorn;Ohlsdorf;43013;STIMMBEZIRK;;;N;1196;787;409;0;668;9;659;666;7;659;3294;742;449;123;129;41;;;;;;;720;490;51;76;27;27;6;43;;;;30;22;3;0;0;0;5;0;;;;156;119;27;10;;;;;;;;1164;990;174;;;;;;;;;425;256;169;;;57;57;;;;;;;;;;;;
Bezirk Hamburg-Nord;Wahlkreis 10 - Fuhlsbüttel - Alsterdorf - Langenhorn;Ohlsdorf;43016;STIMMBEZIRK;;;N;1103;752;351;0;435;4;431;435;10;425;2100;656;363;124;97;72;;;;;;;353;184;40;41;17;39;16;16;;;;56;8;10;7;10;5;11;5;;;;106;69;24;13;;;;;;;;477;408;69;;;;;;;;;265;164;101;;;187;187;;;;;;;;;;;;
Bezirk Hamburg-Nord;Wahlkreis 10 - Fuhlsbüttel - Alsterdorf - Langenhorn;Ohlsdorf;4309901;BRIEFWAHLBEZIRK;;;N;0;0;0;0;603;603;0;603;7;596;2957;727;382;141;121;83;;;;;;;678;369;65;61;54;63;22;44;;;;131;56;17;23;19;5;9;2;;;;96;44;36;16;;;;;;;;833;675;158;;;;;;;;;283;194;89;;;209;209;;;;;;;;;;;;
Bezirk Hamburg-Nord;Wahlkreis 10 - Fuhlsbüttel - Alsterdorf - Langenhorn;Ohlsdorf;4309902;BRIEFWAHLBEZIRK;;;N;0;0;0;0;599;599;0;598;2;596;2977;811;443;126;156;86;;;;;;;655;343;59;106;33;43;25;46;;;;68;15;22;5;14;1;3;8;;;;175;99;60;16;;;;;;;;788;677;111;;;;;;;;;300;198;102;;;180;180;;;;;;;;;;;;
Bezirk Hamburg-Nord;Wahlkreis 10 - Fuhlsbüttel - Alsterdorf - Langenhorn;Ohlsdorf;4309903;BRIEFWAHLBEZIRK;;;N;0;0;0;0;597;597;0;593;1;592;2953;731;365;136;132;98;;;;;;;695;319;89;99;49;67;25;47;;;;63;18;11;8;17;3;0;6;;;;194;112;51;31;;;;;;;;780;663;117;;;;;;;;;334;208;126;;;156;156;;;;;;;;;;;;
Bezirk Hamburg-Nord;Wahlkreis 10 - Fuhlsbüttel - Alsterdorf - Langenhorn;Ohlsdorf;4309904;BRIEFWAHLBEZIRK;;;N;0;0;0;0;595;595;0;595;6;589;2944;786;385;177;130;94;;;;;;;604;319;50;85;38;40;26;46;;;;89;21;23;11;16;5;3;10;;;;213;104;80;29;;;;;;;;776;641;135;;;;;;;;;289;198;91;;;187;187;;;;;;;;;;;;
Bezirk Hamburg-Nord;Wahlkreis 10 - Fuhlsbüttel - Alsterdorf - Langenhorn;Ohlsdorf;4309905;BRIEFWAHLBEZIRK;;;N;0;0;0;0;598;598;0;598;2;596;2643;474;107;135;121;111;;;;;;;686;354;61;117;44;48;32;30;;;;103;30;32;1;16;13;8;3;;;;207;87;89;31;;;;;;;;746;610;136;;;;;;;;;272;168;104;;;155;155;;;;;;;;;;;;
Bezirk Hamburg-Nord;Wahlkreis 10 - Fuhlsbüttel - Alsterdorf - Langenhorn;Ohlsdorf;4309906;BRIEFWAHLBEZIRK;;;N;0;0;0;0;593;593;0;593;3;590;2927;798;414;160;145;79;;;;;;;690;355;57;88;59;76;28;27;;;;87;33;10;10;19;5;7;3;;;;187;122;49;16;;;;;;;;826;717;109;;;;;;;;;223;148;75;;;116;116;;;;;;;;;;;;
Bezirk Hamburg-Nord;Wahlkreis 10 - Fuhlsbüttel - Alsterdorf - Langenhorn;Ohlsdorf;4309907;BRIEFWAHLBEZIRK;;;N;0;0;0;0;232;232;0;232;1;231;1150;401;239;48;80;34;;;;;;;231;138;15;17;27;9;6;19;;;;33;15;1;0;1;5;0;11;;;;55;29;22;4;;;;;;;;305;233;72;;;;;;;;;83;66;17;;;42;42;;;;;;;;;;;;
Bezirk Hamburg-Nord;Wahlkreis 10 - Fuhlsbüttel - Alsterdorf - Langenhorn;Fuhlsbüttel;43101;STIMMBEZIRK;;;N;792;599;193;0;421;9;412;421;11;410;2014;650;363;134;126;27;;;;;;;409;257;22;44;27;27;10;22;;;;66;32;3;5;17;2;5;2;;;;87;65;10;12;;;;;;;;380;317;63;;;;;;;;;245;134;111;;;177;177;;;;;;;;;;;;
Bezirk Hamburg-Nord;Wahlkreis 10 - Fuhlsbüttel - Alsterdorf - Langenhorn;Fuhlsbüttel;43102;STIMMBEZIRK;;;N;609;399;210;0;308;0;308;308;3;305;1500;425;184;111;106;24;;;;;;;362;236;25;26;14;14;29;18;;;;28;7;7;5;7;0;1;1;;;;50;33;14;3;;;;;;;;413;350;63;;;;;;;;;103;70;33;;;119;119;;;;;;;;;;;;
Bezirk Hamburg-Nord;Wahlkreis 10 - Fuhlsbüttel - Alsterdorf - Langenhorn;Fuhlsbüttel;43103;STIMMBEZIRK;;;N;1032;651;381;0;470;8;462;470;5;465;2308;645;281;150;155;59;;;;;;;603;430;50;43;29;17;9;25;;;;49;7;17;8;8;2;2;5;;;;81;40;25;16;;;;;;;;570;465;105;;;;;;;;;204;128;76;;;156;156;;;;;;;;;;;;
Bezirk Hamburg-Nord;Wahlkreis 10 - Fuhlsbüttel - Alsterdorf - Langenhorn;Fuhlsbüttel;43104;STIMMBEZIRK;;;N;950;672;278;0;409;6;403;409;6;403;1992;560;242;159;112;47;;;;;;;429;251;32;37;24;28;33;24;;;;16;8;1;1;1;2;1;2;;;;67;43;16;8;;;;;;;;451;383;68;;;;;;;;;331;208;123;;;138;138;;;;;;;;;;;;
Bezirk Hamburg-Nord;Wahlkreis 10 - Fuhlsbüttel - Alsterdorf - Langenhorn;Fuhlsbüttel;43105;STIMMBEZIRK;;;N;1018;641;377;0;483;2;481;483;1;482;2387;787;414;186;155;32;;;;;;;430;238;63;41;17;16;21;34;;;;40;10;14;4;7;0;1;4;;;;85;46;25;14;;;;;;;;743;604;139;;;;;;;;;223;144;79;;;79;79;;;;;;;;;;;;
Bezirk Hamburg-Nord;Wahlkreis 10 - Fuhlsbüttel - Alsterdorf - Langenhorn;Fuhlsbüttel;43106;STIMMBEZIRK;;;N;952;660;292;0;492;8;484;492;6;486;2410;693;323;143;185;42;;;;;;;577;364;40;39;58;17;18;41;;;;46;17;10;1;10;1;7;0;;;;92;43;36;13;;;;;;;;515;420;95;;;;;;;;;264;159;105;;;223;223;;;;;;;;;;;;
Bezirk Hamburg-Nord;Wahlkreis 10 - Fuhlsbüttel - Alsterdorf - Langenhorn;Fuhlsbüttel;43107;STIMMBEZIRK;;;N;987;683;304;0;369;2;367;369;5;364;1806;640;308;153;137;42;;;;;;;376;202;30;50;38;13;19;24;;;;24;2;5;2;6;4;3;2;;;;34;19;10;5;;;;;;;;330;252;78;;;;;;;;;201;124;77;;;201;201;;;;;;;;;;;;
Bezirk Hamburg-Nord;Wahlkreis 10 - Fuhlsbüttel - Alsterdorf - Langenhorn;Fuhlsbüttel;43108;STIMMBEZIRK;;;N;1023;708;315;0;376;5;371;376;11;365;1817;578;344;108;93;33;;;;;;;365;187;27;57;29;28;16;21;;;;43;10;7;6;4;3;6;7;;;;65;43;13;9;;;;;;;;393;309;84;;;;;;;;;220;147;73;;;153;153;;;;;;;;;;;;
Bezirk Hamburg-Nord;Wahlkreis 10 - Fuhlsbüttel - Alsterdorf - Langenhorn;Fuhlsbüttel;43110;STIMMBEZIRK;;;N;1304;872;432;0;422;6;416;422;10;412;2028;603;304;125;124;50;;;;;;;370;214;33;45;26;16;14;22;;;;22;12;1;1;1;0;7;0;;;;78;42;13;23;;;;;;;;520;435;85;;;;;;;;;178;115;63;;;257;257;;;;;;;;;;;;
Bezirk Hamburg-Nord;Wahlkreis 10 - Fuhlsbüttel - Alsterdorf - Langenhorn;Fuhlsbüttel;43112;STIMMBEZIRK;;;N;684;478;206;0;255;1;254;255;4;251;1250;380;181;91;66;42;;;;;;;283;136;25;20;23;28;26;25;;;;21;2;12;1;1;1;0;4;;;;45;32;10;3;;;;;;;;251;218;33;;;;;;;;;169;106;63;;;101;101;;;;;;;;;;;;
Bezirk Hamburg-Nord;Wahlkreis 10 - Fuhlsbüttel - Alsterdorf - Langenhorn;Fuhlsbüttel;4319901;BRIEFWAHLBEZIRK;;;N;0;0;0;0;571;571;0;571;4;567;2825;790;412;201;135;42;;;;;;;681;377;48;89;61;19;42;45;;;;65;27;7;7;14;2;6;2;;;;177;90;61;26;;;;;;;;679;584;95;;;;;;;;;284;178;106;;;149;149;;;;;;;;;;;;
Bezirk Hamburg-Nord;Wahlkreis 10 - Fuhlsbüttel - Alsterdorf - Langenhorn;Fuhlsbüttel;4319902;BRIEFWAHLBEZIRK;;;N;0;0;0;0;496;496;0;496;5;491;2445;794;403;161;177;53;;;;;;;563;292;40;79;28;38;27;59;;;;46;18;3;5;10;2;3;5;;;;160;91;38;31;;;;;;;;564;471;93;;;;;;;;;204;132;72;;;114;114;;;;;;;;;;;;
Bezirk Hamburg-Nord;Wahlkreis 10 - Fuhlsbüttel - Alsterdorf - Langenhorn;Fuhlsbüttel;4319903;BRIEFWAHLBEZIRK;;;N;0;0;0;0;593;593;0;591;4;587;2928;843;417;171;175;80;;;;;;;736;410;57;71;75;30;37;56;;;;71;18;18;4;16;3;4;8;;;;180;123;38;19;;;;;;;;702;596;106;;;;;;;;;277;185;92;;;119;119;;;;;;;;;;;;
Bezirk Hamburg-Nord;Wahlkreis 10 - Fuhlsbüttel - Alsterdorf - Langenhorn;Fuhlsbüttel;4319904;BRIEFWAHLBEZIRK;;;N;0;0;0;0;400;400;0;398;5;393;1957;623;272;139;148;64;;;;;;;543;265;49;66;38;36;39;50;;;;43;10;7;5;9;1;11;0;;;;124;64;40;20;;;;;;;;405;351;54;;;;;;;;;114;78;36;;;105;105;;;;;;;;;;;;
Bezirk Hamburg-Nord;Wahlkreis 10 - Fuhlsbüttel - Alsterdorf - Langenhorn;Fuhlsbüttel;4319905;BRIEFWAHLBEZIRK;;;N;0;0;0;0;469;469;0;469;3;466;2315;684;350;134;150;50;;;;;;;565;275;45;69;56;52;22;46;;;;90;37;9;6;15;8;12;3;;;;121;51;59;11;;;;;;;;492;407;85;;;;;;;;;190;108;82;;;173;173;;;;;;;;;;;;
Bezirk Hamburg-Nord;Wahlkreis 10 - Fuhlsbüttel - Alsterdorf - Langenhorn;Fuhlsbüttel;4319906;BRIEFWAHLBEZIRK;;;N;0;0;0;0;224;224;0;223;3;220;1098;344;185;55;71;33;;;;;;;293;165;25;39;25;13;10;16;;;;27;0;4;6;7;5;2;3;;;;50;23;17;10;;;;;;;;235;204;31;;;;;;;;;71;47;24;;;78;78;;;;;;;;;;;;
Bezirk Hamburg-Nord;Wahlkreis 10 - Fuhlsbüttel - Alsterdorf - Langenhorn;Langenhorn;43201;STIMMBEZIRK;;;N;1408;940;468;0;457;8;449;457;3;454;2202;782;439;269;47;27;;;;;;;389;158;21;51;71;35;23;30;;;;55;19;0;10;14;6;3;3;;;;76;33;16;27;;;;;;;;264;222;42;;;;;;;;;278;142;136;;;358;358;;;;;;;;;;;;
Bezirk Hamburg-Nord;Wahlkreis 10 - Fuhlsbüttel - Alsterdorf - Langenhorn;Langenhorn;43202;STIMMBEZIRK;;;N;1551;1142;408;1;523;5;518;523;15;508;2507;907;554;272;45;36;;;;;;;513;263;28;28;77;34;35;48;;;;34;20;1;7;3;0;1;2;;;;96;46;20;30;;;;;;;;348;301;47;;;;;;;;;306;155;151;;;303;303;;;;;;;;;;;;
Bezirk Hamburg-Nord;Wahlkreis 10 - Fuhlsbüttel - Alsterdorf - Langenhorn;Langenhorn;43203;STIMMBEZIRK;;;N;1061;744;317;0;485;4;481;483;5;478;2299;884;486;321;46;31;;;;;;;396;191;33;33;80;23;29;7;;;;23;11;1;0;5;1;3;2;;;;136;61;25;50;;;;;;;;495;421;74;;;;;;;;;200;103;97;;;165;165;;;;;;;;;;;;
Bezirk Hamburg-Nord;Wahlkreis 10 - Fuhlsbüttel - Alsterdorf - Langenhorn;Langenhorn;43204;STIMMBEZIRK;;;N;881;639;242;0;365;2;363;365;4;361;1778;567;305;215;25;22;;;;;;;392;176;13;31;91;11;22;48;;;;38;32;3;1;2;0;0;0;;;;104;21;7;76;;;;;;;;301;261;40;;;;;;;;;193;106;87;;;183;183;;;;;;;;;;;;
Bezirk Hamburg-Nord;Wahlkreis 10 - Fuhlsbüttel - Alsterdorf - Langenhorn;Langenhorn;43205;STIMMBEZIRK;;;N;960;694;266;0;454;1;453;453;9;444;2130;843;465;300;46;32;;;;;;;443;168;20;27;139;25;30;34;;;;44;16;1;8;9;8;0;2;;;;164;56;39;69;;;;;;;;191;161;30;;;;;;;;;194;89;105;;;251;251;;;;;;;;;;;;
Bezirk Hamburg-Nord;Wahlkreis 10 - Fuhlsbüttel - Alsterdorf - Langenhorn;Langenhorn;43206;STIMMBEZIRK;;;N;1065;798;267;0;397;6;391;397;7;390;1928;593;292;232;35;34;;;;;;;361;153;32;21;52;10;38;55;;;;43;20;5;3;3;4;5;3;;;;102;46;4;52;;;;;;;;317;264;53;;;;;;;;;228;126;102;;;284;284;;;;;;;;;;;;
Bezirk Hamburg-Nord;Wahlkreis 10 - Fuhlsbüttel - Alsterdorf - Langenhorn;Langenhorn;43207;STIMMBEZIRK;;;N;892;654;238;0;475;2;473;475;8;467;2307;861;479;297;34;51;;;;;;;376;189;28;20;62;11;26;40;;;;17;8;0;4;1;1;1;2;;;;93;38;13;42;;;;;;;;296;257;39;;;;;;;;;262;146;116;;;402;402;;;;;;;;;;;;
Bezirk Hamburg-Nord;Wahlkreis 10 - Fuhlsbüttel - Alsterdorf - Langenhorn;Langenhorn;43208;STIMMBEZIRK;;;N;944;650;294;0;403;4;399;403;3;400;1951;744;430;225;48;41;;;;;;;432;204;19;31;90;23;38;27;;;;38;16;11;1;4;2;3;1;;;;78;24;9;45;;;;;;;;285;248;37;;;;;;;;;150;82;68;;;224;224;;;;;;;;;;;;
Bezirk Hamburg-Nord;Wahlkreis 10 - Fuhlsbüttel - Alsterdorf - Langenhorn;Langenhorn;43209;STIMMBEZIRK;;;N;944;715;229;0;465;3;462;464;8;456;2268;823;422;319;39;43;;;;;;;492;253;23;26;99;20;19;52;;;;36;9;7;8;7;2;3;0;;;;81;20;34;27;;;;;;;;397;335;62;;;;;;;;;267;127;140;;;172;172;;;;;;;;;;;;
Bezirk Hamburg-Nord;Wahlkreis 10 - Fuhlsbüttel - Alsterdorf - Langenhorn;Langenhorn;43210;STIMMBEZIRK;;;N;693;477;216;0;242;3;239;242;6;236;1170;371;165;160;30;16;;;;;;;210;117;9;18;30;4;12;20;;;;43;23;4;3;10;1;0;2;;;;70;37;11;22;;;;;;;;232;212;20;;;;;;;;;129;75;54;;;115;115;;;;;;;;;;;;
Bezirk Hamburg-Nord;Wahlkreis 10 - Fuhlsbüttel - Alsterdorf - Langenhorn;Langenhorn;43211;STIMMBEZIRK;;;N;1161;855;306;0;403;5;398;403;10;393;1939;722;394;261;30;37;;;;;;;341;154;35;28;53;20;30;21;;;;17;4;2;3;3;1;0;4;;;;98;50;13;35;;;;;;;;300;257;43;;;;;;;;;279;132;147;;;182;182;;;;;;;;;;;;
Bezirk Hamburg-Nord;Wahlkreis 10 - Fuhlsbüttel - Alsterdorf - Langenhorn;Langenhorn;43212;STIMMBEZIRK;;;N;1122;753;369;0;367;1;366;367;7;360;1789;569;319;186;29;35;;;;;;;435;188;27;37;73;25;41;44;;;;32;12;3;6;7;4;0;0;;;;54;33;16;5;;;;;;;;268;223;45;;;;;;;;;176;94;82;;;255;255;;;;;;;;;;;;
Bezirk Hamburg-Nord;Wahlkreis 10 - Fuhlsbüttel - Alsterdorf - Langenhorn;Langenhorn;43213;STIMMBEZIRK;;;N;1151;774;377;0;406;1;405;406;9;397;1951;661;306;290;20;45;;;;;;;386;177;34;25;75;15;26;34;;;;74;13;11;20;11;6;9;4;;;;71;28;12;31;;;;;;;;261;235;26;;;;;;;;;108;71;37;;;390;390;;;;;;;;;;;;
Bezirk Hamburg-Nord;Wahlkreis 10 - Fuhlsbüttel - Alsterdorf - Langenhorn;Langenhorn;43215;STIMMBEZIRK;;;N;1024;775;249;0;432;11;421;432;4;428;2101;718;437;199;40;42;;;;;;;387;158;19;48;59;26;32;45;;;;23;8;6;1;1;5;1;1;;;;81;37;12;32;;;;;;;;215;168;47;;;;;;;;;262;131;131;;;415;415;;;;;;;;;;;;
Bezirk Hamburg-Nord;Wahlkreis 10 - Fuhlsbüttel - Alsterdorf - Langenhorn;Langenhorn;43216;STIMMBEZIRK;;;N;1198;821;377;0;391;6;385;391;6;385;1904;733;392;271;38;32;;;;;;;382;167;15;38;61;11;25;65;;;;7;1;2;0;3;0;1;0;;;;56;23;16;17;;;;;;;;247;219;28;;;;;;;;;176;81;95;;;303;303;;;;;;;;;;;;
Bezirk Hamburg-Nord;Wahlkreis 10 - Fuhlsbüttel - Alsterdorf - Langenhorn;Langenhorn;43217;STIMMBEZIRK;;;N;976;747;229;0;358;0;358;358;11;347;1709;583;333;195;35;20;;;;;;;350;166;22;21;37;15;51;38;;;;11;4;2;1;2;1;1;0;;;;77;37;15;25;;;;;;;;346;290;56;;;;;;;;;212;117;95;;;130;130;;;;;;;;;;;;
Bezirk Hamburg-Nord;Wahlkreis 10 - Fuhlsbüttel - Alsterdorf - Langenhorn;Langenhorn;43218;STIMMBEZIRK;;;N;1006;721;285;0;383;6;377;383;14;369;1806;688;326;278;39;45;;;;;;;313;157;24;6;37;10;38;41;;;;18;8;0;0;3;0;6;1;;;;103;35;25;43;;;;;;;;189;169;20;;;;;;;;;154;87;67;;;341;341;;;;;;;;;;;;
Bezirk Hamburg-Nord;Wahlkreis 10 - Fuhlsbüttel - Alsterdorf - Langenhorn;Langenhorn;43220;STIMMBEZIRK;;;N;1285;912;373;0;441;3;438;441;7;434;2135;714;366;262;50;36;;;;;;;400;163;33;39;45;38;34;48;;;;25;7;8;1;3;0;1;5;;;;169;70;39;60;;;;;;;;301;257;44;;;;;;;;;221;107;114;;;305;305;;;;;;;;;;;;
Bezirk Hamburg-Nord;Wahlkreis 10 - Fuhlsbüttel - Alsterdorf - Langenhorn;Langenhorn;43222;STIMMBEZIRK;;;N;1281;1040;241;0;439;6;433;439;13;426;2099;726;420;199;54;53;;;;;;;438;187;19;47;74;37;39;35;;;;19;7;3;1;5;1;2;0;;;;60;18;24;18;;;;;;;;180;158;22;;;;;;;;;269;157;112;;;407;407;;;;;;;;;;;;
Bezirk Hamburg-Nord;Wahlkreis 10 - Fuhlsbüttel - Alsterdorf - Langenhorn;Langenhorn;43223;STIMMBEZIRK;;;N;1266;856;410;0;516;2;514;516;4;512;2527;654;417;148;40;49;;;;;;;706;338;71;64;97;31;65;40;;;;75;24;18;10;19;2;2;0;;;;117;62;34;21;;;;;;;;568;500;68;;;;;;;;;190;112;78;;;217;217;;;;;;;;;;;;
Bezirk Hamburg-Nord;Wahlkreis 10 - Fuhlsbüttel - Alsterdorf - Langenhorn;Langenhorn;43224;STIMMBEZIRK;;;N;1156;718;438;0;459;2;457;459;2;457;2278;775;455;221;59;40;;;;;;;540;260;35;70;66;13;40;56;;;;25;7;2;2;11;1;2;0;;;;114;60;17;37;;;;;;;;526;435;91;;;;;;;;;128;69;59;;;170;170;;;;;;;;;;;;
Bezirk Hamburg-Nord;Wahlkreis 10 - Fuhlsbüttel - Alsterdorf - Langenhorn;Langenhorn;43227;STIMMBEZIRK;;;N;1192;865;327;0;448;1;447;448;11;437;2168;737;404;203;77;53;;;;;;;364;197;17;36;41;12;29;32;;;;35;16;6;0;6;3;4;0;;;;114;57;15;42;;;;;;;;397;348;49;;;;;;;;;217;140;77;;;304;304;;;;;;;;;;;;
Bezirk Hamburg-Nord;Wahlkreis 10 - Fuhlsbüttel - Alsterdorf - Langenhorn;Langenhorn;43228;STIMMBEZIRK;;;N;1127;773;354;0;400;2;398;400;4;396;1943;693;362;282;21;28;;;;;;;476;308;13;35;55;14;30;21;;;;7;1;0;0;1;0;5;0;;;;104;51;19;34;;;;;;;;246;196;50;;;;;;;;;205;105;100;;;212;212;;;;;;;;;;;;
Bezirk Hamburg-Nord;Wahlkreis 10 - Fuhlsbüttel - Alsterdorf - Langenhorn;Langenhorn;43229;STIMMBEZIRK;;;N;1149;837;312;0;494;6;488;494;4;490;2435;921;524;292;55;50;;;;;;;526;259;35;37;96;25;29;45;;;;52;30;4;4;5;2;4;3;;;;95;43;19;33;;;;;;;;323;265;58;;;;;;;;;184;115;69;;;334;334;;;;;;;;;;;;
Bezirk Hamburg-Nord;Wahlkreis 10 - Fuhlsbüttel - Alsterdorf - Langenhorn;Langenhorn;43230;STIMMBEZIRK;;;N;1401;939;462;0;574;6;568;573;9;564;2785;1022;625;321;42;34;;;;;;;551;240;37;47;95;19;66;47;;;;52;21;5;11;8;1;4;2;;;;151;89;26;36;;;;;;;;545;454;91;;;;;;;;;257;139;118;;;207;207;;;;;;;;;;;;
Bezirk Hamburg-Nord;Wahlkreis 10 - Fuhlsbüttel - Alsterdorf - Langenhorn;Langenhorn;43232;STIMMBEZIRK;;;N;1038;664;374;0;455;8;447;455;4;451;2241;745;417;247;50;31;;;;;;;458;232;13;25;71;14;56;47;;;;23;6;5;1;7;1;2;1;;;;123;59;14;50;;;;;;;;478;427;51;;;;;;;;;165;80;85;;;249;249;;;;;;;;;;;;
Bezirk Hamburg-Nord;Wahlkreis 10 - Fuhlsbüttel - Alsterdorf - Langenhorn;Langenhorn;43236;STIMMBEZIRK;;;N;965;683;282;0;402;5;397;402;2;400;2000;607;366;194;14;33;;;;;;;321;128;22;36;55;11;41;28;;;;37;17;3;2;5;3;4;3;;;;143;68;35;40;;;;;;;;440;371;69;;;;;;;;;254;105;149;;;198;198;;;;;;;;;;;;
Bezirk Hamburg-Nord;Wahlkreis 10 - Fuhlsbüttel - Alsterdorf - Langenhorn;Langenhorn;43238;STIMMBEZIRK;;;N;1036;859;177;0;407;3;404;406;19;387;1907;670;305;252;72;41;;;;;;;388;173;36;36;67;15;18;43;;;;46;19;1;2;16;1;4;3;;;;31;12;8;11;;;;;;;;194;161;33;;;;;;;;;225;121;104;;;353;353;;;;;;;;;;;;
Bezirk Hamburg-Nord;Wahlkreis 10 - Fuhlsbüttel - Alsterdorf - Langenhorn;Langenhorn;43239;STIMMBEZIRK;;;N;1337;1031;306;0;430;2;428;430;8;422;2081;883;511;291;45;36;;;;;;;378;144;32;46;58;21;39;38;;;;49;12;2;6;10;9;10;0;;;;75;44;15;16;;;;;;;;255;218;37;;;;;;;;;211;98;113;;;230;230;;;;;;;;;;;;
Bezirk Hamburg-Nord;Wahlkreis 10 - Fuhlsbüttel - Alsterdorf - Langenhorn;Langenhorn;4329901;BRIEFWAHLBEZIRK;;;N;0;0;0;0;592;592;0;589;4;585;2906;1162;611;412;75;64;;;;;;;645;263;44;62;123;36;28;89;;;;64;34;8;6;9;2;2;3;;;;152;70;33;49;;;;;;;;475;386;89;;;;;;;;;165;91;74;;;243;243;;;;;;;;;;;;
Bezirk Hamburg-Nord;Wahlkreis 10 - Fuhlsbüttel - Alsterdorf - Langenhorn;Langenhorn;4329902;BRIEFWAHLBEZIRK;;;N;0;0;0;0;594;594;0;594;9;585;2919;945;500;343;51;51;;;;;;;675;261;30;71;118;59;49;87;;;;103;64;8;6;15;1;4;5;;;;151;61;35;55;;;;;;;;516;418;98;;;;;;;;;279;164;115;;;250;250;;;;;;;;;;;;
Bezirk Hamburg-Nord;Wahlkreis 10 - Fuhlsbüttel - Alsterdorf - Langenhorn;Langenhorn;4329903;BRIEFWAHLBEZIRK;;;N;0;0;0;0;600;600;0;593;2;591;2952;1104;595;409;46;54;;;;;;;663;241;51;64;129;20;53;105;;;;101;50;6;6;22;3;3;11;;;;142;58;23;61;;;;;;;;541;475;66;;;;;;;;;181;93;88;;;220;220;;;;;;;;;;;;
Bezirk Hamburg-Nord;Wahlkreis 10 - Fuhlsbüttel - Alsterdorf - Langenhorn;Langenhorn;4329904;BRIEFWAHLBEZIRK;;;N;0;0;0;0;597;597;0;596;8;588;2904;1086;518;451;77;40;;;;;;;586;228;27;65;94;49;50;73;;;;73;39;4;6;12;1;10;1;;;;182;67;38;77;;;;;;;;535;428;107;;;;;;;;;270;155;115;;;172;172;;;;;;;;;;;;
Bezirk Hamburg-Nord;Wahlkreis 10 - Fuhlsbüttel - Alsterdorf - Langenhorn;Langenhorn;4329905;BRIEFWAHLBEZIRK;;;N;0;0;0;0;594;594;0;594;2;592;2954;1136;562;424;80;70;;;;;;;696;291;35;55;123;47;74;71;;;;64;11;10;3;21;10;6;3;;;;196;106;40;50;;;;;;;;432;361;71;;;;;;;;;194;119;75;;;236;236;;;;;;;;;;;;
Bezirk Hamburg-Nord;Wahlkreis 10 - Fuhlsbüttel - Alsterdorf - Langenhorn;Langenhorn;4329906;BRIEFWAHLBEZIRK;;;N;0;0;0;0;599;599;0;599;3;596;2961;1082;631;351;64;36;;;;;;;662;302;37;54;112;38;48;71;;;;61;12;2;5;21;4;9;8;;;;191;79;46;66;;;;;;;;446;356;90;;;;;;;;;205;97;108;;;314;314;;;;;;;;;;;;
Bezirk Hamburg-Nord;Wahlkreis 10 - Fuhlsbüttel - Alsterdorf - Langenhorn;Langenhorn;4329907;BRIEFWAHLBEZIRK;;;N;0;0;0;0;595;595;0;595;6;589;2939;943;471;352;63;57;;;;;;;586;219;28;66;106;32;47;88;;;;91;32;12;7;26;3;8;3;;;;191;97;38;56;;;;;;;;612;532;80;;;;;;;;;293;176;117;;;223;223;;;;;;;;;;;;
Bezirk Hamburg-Nord;Wahlkreis 10 - Fuhlsbüttel - Alsterdorf - Langenhorn;Langenhorn;4329908;BRIEFWAHLBEZIRK;;;N;0;0;0;0;597;597;0;596;4;592;2933;1107;589;393;53;72;;;;;;;676;287;44;45;128;32;49;91;;;;100;46;9;11;15;1;5;13;;;;188;71;54;63;;;;;;;;457;381;76;;;;;;;;;196;103;93;;;209;209;;;;;;;;;;;;
Bezirk Hamburg-Nord;Wahlkreis 10 - Fuhlsbüttel - Alsterdorf - Langenhorn;Langenhorn;4329909;BRIEFWAHLBEZIRK;;;N;0;0;0;0;599;599;0;588;7;581;2889;1064;603;332;70;59;;;;;;;608;242;41;54;124;23;55;69;;;;94;29;3;11;21;1;16;13;;;;166;79;38;49;;;;;;;;522;415;107;;;;;;;;;256;139;117;;;179;179;;;;;;;;;;;;
Bezirk Hamburg-Nord;Wahlkreis 10 - Fuhlsbüttel - Alsterdorf - Langenhorn;Langenhorn;4329910;BRIEFWAHLBEZIRK;;;N;0;0;0;0;597;597;0;597;3;594;2929;1092;572;377;68;75;;;;;;;625;255;22;57;127;35;53;76;;;;53;28;7;6;5;2;5;0;;;;182;66;53;63;;;;;;;;558;453;105;;;;;;;;;220;132;88;;;199;199;;;;;;;;;;;;
Bezirk Hamburg-Nord;Wahlkreis 10 - Fuhlsbüttel - Alsterdorf - Langenhorn;Langenhorn;4329911;BRIEFWAHLBEZIRK;;;N;0;0;0;0;589;589;0;586;4;582;2900;1102;558;434;55;55;;;;;;;710;281;44;65;142;30;74;74;;;;96;37;5;12;17;5;11;9;;;;136;60;21;55;;;;;;;;378;307;71;;;;;;;;;269;132;137;;;209;209;;;;;;;;;;;;
Bezirk Hamburg-Nord;Wahlkreis 10 - Fuhlsbüttel - Alsterdorf - Langenhorn;Langenhorn;4329912;BRIEFWAHLBEZIRK;;;N;0;0;0;0;586;586;0;586;4;582;2884;1143;596;421;68;58;;;;;;;667;230;33;66;123;34;63;118;;;;72;18;7;14;24;4;3;2;;;;182;81;37;64;;;;;;;;392;315;77;;;;;;;;;218;118;100;;;210;210;;;;;;;;;;;;
Bezirk Hamburg-Nord;Wahlkreis 10 - Fuhlsbüttel - Alsterdorf - Langenhorn;Langenhorn;4329913;BRIEFWAHLBEZIRK;;;N;0;0;0;0;494;494;0;494;6;488;2432;901;459;331;69;42;;;;;;;526;209;19;61;82;30;54;71;;;;63;12;3;8;13;6;14;7;;;;146;65;25;56;;;;;;;;395;334;61;;;;;;;;;232;137;95;;;169;169;;;;;;;;;;;;
Bezirk Hamburg-Nord;Wahlkreis 10 - Fuhlsbüttel - Alsterdorf - Langenhorn;Langenhorn;4329914;BRIEFWAHLBEZIRK;;;N;0;0;0;0;498;498;0;498;3;495;2453;966;498;379;47;42;;;;;;;547;227;29;34;105;46;53;53;;;;49;17;7;4;10;4;6;1;;;;115;48;30;37;;;;;;;;398;322;76;;;;;;;;;205;120;85;;;173;173;;;;;;;;;;;;
Bezirk Hamburg-Nord;Wahlkreis 10 - Fuhlsbüttel - Alsterdorf - Langenhorn;Langenhorn;4329915;BRIEFWAHLBEZIRK;;;N;0;0;0;0;338;338;0;335;2;333;1664;613;319;216;42;36;;;;;;;397;169;20;40;74;22;31;41;;;;59;25;2;3;22;2;1;4;;;;113;49;31;33;;;;;;;;236;197;39;;;;;;;;;146;90;56;;;100;100;;;;;;;;;;;;
Bezirk Wandsbek;Wahlkreis 11 - Wandsbek;Eilbek;50101;STIMMBEZIRK;;;N;987;585;402;0;436;4;432;436;8;428;2132;599;287;105;46;23;23;17;84;14;;;426;240;29;13;22;32;54;32;4;;;132;26;29;40;7;13;17;;;;;38;4;7;8;3;5;3;6;2;;;633;498;135;;;;;;;;;225;150;75;;;79;79;;;;;;;;;;;;
Bezirk Wandsbek;Wahlkreis 11 - Wandsbek;Eilbek;50102;STIMMBEZIRK;;;N;1213;806;407;0;522;5;517;521;7;514;2540;704;375;89;42;17;36;25;87;33;;;464;216;33;38;44;37;64;25;7;;;197;60;35;64;20;11;7;;;;;60;19;9;9;6;9;0;3;5;;;638;521;117;;;;;;;;;390;267;123;;;87;87;;;;;;;;;;;;
Bezirk Wandsbek;Wahlkreis 11 - Wandsbek;Eilbek;50103;STIMMBEZIRK;;;N;1271;819;452;0;441;6;435;441;3;438;2164;662;271;102;60;20;29;35;121;24;;;242;90;23;19;28;14;51;15;2;;;180;51;58;40;11;14;6;;;;;58;10;8;6;9;13;6;5;1;;;479;378;101;;;;;;;;;423;278;145;;;120;120;;;;;;;;;;;;
Bezirk Wandsbek;Wahlkreis 11 - Wandsbek;Eilbek;50104;STIMMBEZIRK;;;N;1138;689;449;0;481;10;471;480;10;470;2327;634;282;115;36;22;21;19;121;18;;;364;134;44;28;27;33;59;28;11;;;160;26;38;53;8;19;16;;;;;65;15;7;12;7;19;0;5;0;;;739;576;163;;;;;;;;;257;173;84;;;108;108;;;;;;;;;;;;
Bezirk Wandsbek;Wahlkreis 11 - Wandsbek;Eilbek;50105;STIMMBEZIRK;;;N;1311;866;445;0;431;6;425;430;13;417;1989;581;299;73;41;16;33;21;72;26;;;249;125;25;18;22;9;29;11;10;;;226;57;80;55;16;8;10;;;;;46;18;0;5;8;0;5;7;3;;;465;356;109;;;;;;;;;412;294;118;;;10;10;;;;;;;;;;;;
Bezirk Wandsbek;Wahlkreis 11 - Wandsbek;Eilbek;50201;STIMMBEZIRK;;;N;1088;746;342;0;426;5;421;426;6;420;2070;713;402;73;47;12;38;22;93;26;;;259;141;17;14;14;11;41;13;8;;;180;68;48;27;7;13;17;;;;;39;8;2;4;4;9;10;2;0;;;513;408;105;;;;;;;;;308;232;76;;;58;58;;;;;;;;;;;;
Bezirk Wandsbek;Wahlkreis 11 - Wandsbek;Eilbek;50202;STIMMBEZIRK;;;N;1103;788;315;0;431;11;420;430;8;422;2086;679;316;91;54;21;44;30;100;23;;;240;121;27;9;29;10;28;8;8;;;164;50;53;43;6;6;6;;;;;62;30;2;10;6;5;6;1;2;;;495;370;125;;;;;;;;;331;210;121;;;115;115;;;;;;;;;;;;
Bezirk Wandsbek;Wahlkreis 11 - Wandsbek;Eilbek;50203;STIMMBEZIRK;;;N;1255;805;450;0;446;1;445;446;9;437;2162;702;388;64;44;20;23;16;113;34;;;371;184;53;18;22;23;47;13;11;;;207;52;53;73;7;16;6;;;;;62;39;1;2;13;0;2;1;4;;;483;357;126;;;;;;;;;238;172;66;;;99;99;;;;;;;;;;;;
Bezirk Wandsbek;Wahlkreis 11 - Wandsbek;Eilbek;50301;STIMMBEZIRK;;;N;1278;788;490;0;379;5;374;379;9;370;1847;644;415;77;34;18;10;17;45;28;;;153;64;15;11;14;15;17;11;6;;;202;56;48;47;13;24;14;;;;;25;12;2;3;3;4;1;0;0;;;409;328;81;;;;;;;;;322;225;97;;;92;92;;;;;;;;;;;;
Bezirk Wandsbek;Wahlkreis 11 - Wandsbek;Eilbek;50302;STIMMBEZIRK;;;N;1156;715;441;0;437;7;430;437;2;435;2168;792;390;97;61;32;31;19;139;23;;;251;117;19;27;37;10;29;7;5;;;110;23;22;39;9;7;10;;;;;61;28;6;5;4;1;17;0;0;;;519;419;100;;;;;;;;;380;263;117;;;55;55;;;;;;;;;;;;
Bezirk Wandsbek;Wahlkreis 11 - Wandsbek;Eilbek;50303;STIMMBEZIRK;;;N;1077;689;388;0;354;2;352;353;8;345;1715;545;271;68;28;10;26;20;95;27;;;261;107;30;13;17;11;64;14;5;;;171;52;42;49;12;13;3;;;;;26;7;2;5;6;5;0;1;0;;;336;251;85;;;;;;;;;328;238;90;;;48;48;;;;;;;;;;;;
Bezirk Wandsbek;Wahlkreis 11 - Wandsbek;Eilbek;50401;STIMMBEZIRK;;;N;1122;715;407;0;434;6;428;428;5;423;2086;693;440;43;47;17;25;22;77;22;;;362;195;22;26;18;45;34;10;12;;;189;64;46;45;10;18;6;;;;;67;24;2;2;27;4;4;2;2;;;415;346;69;;;;;;;;;284;198;86;;;76;76;;;;;;;;;;;;
Bezirk Wandsbek;Wahlkreis 11 - Wandsbek;Eilbek;50402;STIMMBEZIRK;;;N;1046;724;321;1;365;4;361;365;2;363;1801;608;297;75;37;23;36;30;81;29;;;243;128;24;9;26;5;39;10;2;;;156;32;34;67;7;11;5;;;;;62;27;2;9;10;2;2;10;0;;;352;275;77;;;;;;;;;302;215;87;;;78;78;;;;;;;;;;;;
Bezirk Wandsbek;Wahlkreis 11 - Wandsbek;Eilbek;50403;STIMMBEZIRK;;;N;1040;698;341;1;408;4;404;408;4;404;2013;711;369;80;54;18;33;21;100;36;;;164;85;7;18;3;13;25;12;1;;;149;54;27;46;5;13;4;;;;;49;15;4;3;16;5;3;1;2;;;460;357;103;;;;;;;;;393;259;134;;;87;87;;;;;;;;;;;;
Bezirk Wandsbek;Wahlkreis 11 - Wandsbek;Eilbek;5019901;BRIEFWAHLBEZIRK;;;N;0;0;0;0;666;666;0;666;1;665;3323;1144;502;143;89;41;59;67;189;54;;;593;269;61;46;54;51;56;33;23;;;197;48;58;51;17;11;12;;;;;113;44;13;10;13;18;2;11;2;;;763;581;182;;;;;;;;;356;256;100;;;157;157;;;;;;;;;;;;
Bezirk Wandsbek;Wahlkreis 11 - Wandsbek;Eilbek;5019902;BRIEFWAHLBEZIRK;;;N;0;0;0;0;653;653;0;653;5;648;3212;1120;484;118;111;31;48;41;227;60;;;503;247;40;56;21;28;82;22;7;;;199;47;71;55;11;6;9;;;;;126;40;3;22;24;17;3;11;6;;;743;575;168;;;;;;;;;365;239;126;;;156;156;;;;;;;;;;;;
Bezirk Wandsbek;Wahlkreis 11 - Wandsbek;Eilbek;5019903;BRIEFWAHLBEZIRK;;;N;0;0;0;0;655;655;0;655;5;650;3197;1013;435;124;97;26;51;72;157;51;;;622;323;50;53;42;31;91;19;13;;;188;58;35;55;12;18;10;;;;;115;34;6;15;26;12;7;8;7;;;734;551;183;;;;;;;;;401;275;126;;;124;124;;;;;;;;;;;;
Bezirk Wandsbek;Wahlkreis 11 - Wandsbek;Eilbek;5019904;BRIEFWAHLBEZIRK;;;N;0;0;0;0;663;663;0;655;3;652;3251;1073;465;135;85;37;47;65;169;70;;;609;309;53;35;55;26;71;36;24;;;196;58;59;44;5;15;15;;;;;122;43;7;16;14;8;5;12;17;;;694;529;165;;;;;;;;;337;213;124;;;220;220;;;;;;;;;;;;
Bezirk Wandsbek;Wahlkreis 11 - Wandsbek;Eilbek;5019905;BRIEFWAHLBEZIRK;;;N;0;0;0;0;586;586;0;582;2;580;2886;882;359;155;85;14;47;32;147;43;;;515;193;77;44;32;41;73;32;23;;;167;50;46;29;19;11;12;;;;;94;31;6;12;16;11;8;7;3;;;702;519;183;;;;;;;;;370;225;145;;;156;156;;;;;;;;;;;;
Bezirk Wandsbek;Wahlkreis 11 - Wandsbek;Eilbek;5019906;BRIEFWAHLBEZIRK;;;N;0;0;0;0;717;717;0;717;1;716;3561;1098;535;149;114;30;52;38;141;39;;;582;255;64;51;49;38;83;31;11;;;160;36;59;44;5;12;4;;;;;100;38;5;7;13;20;4;8;5;;;907;700;207;;;;;;;;;497;326;171;;;217;217;;;;;;;;;;;;
Bezirk Wandsbek;Wahlkreis 11 - Wandsbek;Eilbek;5019907;BRIEFWAHLBEZIRK;;;N;0;0;0;0;822;822;0;819;8;811;4020;1118;517;158;118;17;57;49;145;57;;;695;303;74;55;72;44;94;37;16;;;125;42;39;33;6;4;1;;;;;135;39;11;25;17;26;3;8;6;;;1057;825;232;;;;;;;;;663;453;210;;;227;227;;;;;;;;;;;;
Bezirk Wandsbek;Wahlkreis 11 - Wandsbek;Eilbek;5019908;BRIEFWAHLBEZIRK;;;N;0;0;0;0;630;630;0;627;5;622;3106;917;410;158;92;25;50;47;102;33;;;456;201;73;30;55;25;41;23;8;;;142;23;47;49;6;6;11;;;;;131;58;6;7;17;20;5;8;10;;;771;582;189;;;;;;;;;491;346;145;;;198;198;;;;;;;;;;;;
Bezirk Wandsbek;Wahlkreis 11 - Wandsbek;Wandsbek;50501;STIMMBEZIRK;;;N;974;662;312;0;403;2;401;403;4;399;1990;586;308;69;48;21;65;25;13;37;;;235;96;23;14;25;18;48;7;4;;;254;94;81;26;15;20;18;;;;;62;14;7;9;14;6;6;0;6;;;428;329;99;;;;;;;;;331;218;113;;;94;94;;;;;;;;;;;;
Bezirk Wandsbek;Wahlkreis 11 - Wandsbek;Wandsbek;50502;STIMMBEZIRK;;;N;1230;804;426;0;453;5;448;452;10;442;2207;697;376;133;57;18;21;27;26;39;;;432;184;52;24;38;22;73;29;10;;;94;49;21;12;8;1;3;;;;;112;61;5;8;18;12;3;2;3;;;546;424;122;;;;;;;;;261;152;109;;;65;65;;;;;;;;;;;;
Bezirk Wandsbek;Wahlkreis 11 - Wandsbek;Wandsbek;50503;STIMMBEZIRK;;;N;1040;668;372;0;330;5;325;329;6;323;1600;517;281;78;27;15;37;33;28;18;;;295;149;38;21;19;14;39;11;4;;;164;66;33;26;18;9;12;;;;;39;20;1;4;6;1;0;6;1;;;291;202;89;;;;;;;;;269;174;95;;;25;25;;;;;;;;;;;;
Bezirk Wandsbek;Wahlkreis 11 - Wandsbek;Wandsbek;50601;STIMMBEZIRK;;;N;1066;722;344;0;346;3;343;346;1;345;1707;483;214;63;33;27;72;22;24;28;;;282;168;13;15;17;9;39;13;8;;;180;67;44;37;3;19;10;;;;;73;41;0;3;15;5;7;1;1;;;308;210;98;;;;;;;;;319;247;72;;;62;62;;;;;;;;;;;;
Bezirk Wandsbek;Wahlkreis 11 - Wandsbek;Wandsbek;50603;STIMMBEZIRK;;;N;1129;791;338;0;398;9;389;398;8;390;1942;699;265;88;60;28;119;37;37;65;;;311;160;20;17;19;10;68;8;9;;;267;87;73;59;19;21;8;;;;;32;11;0;7;4;4;0;0;6;;;291;203;88;;;;;;;;;316;185;131;;;26;26;;;;;;;;;;;;
Bezirk Wandsbek;Wahlkreis 11 - Wandsbek;Wandsbek;50605;STIMMBEZIRK;;;N;1171;789;381;1;309;4;305;309;8;301;1502;479;240;75;41;13;39;26;19;26;;;230;96;26;11;22;15;41;11;8;;;226;61;87;40;10;13;15;;;;;25;14;1;4;2;3;0;0;1;;;213;161;52;;;;;;;;;268;173;95;;;61;61;;;;;;;;;;;;
Bezirk Wandsbek;Wahlkreis 11 - Wandsbek;Wandsbek;50701;STIMMBEZIRK;;;N;812;486;326;0;222;0;222;222;5;217;1075;392;215;49;26;8;13;34;22;25;;;174;107;15;5;3;10;24;10;0;;;75;29;24;7;2;6;7;;;;;34;19;7;0;8;0;0;0;0;;;164;121;43;;;;;;;;;201;134;67;;;35;35;;;;;;;;;;;;
Bezirk Wandsbek;Wahlkreis 11 - Wandsbek;Wandsbek;50702;STIMMBEZIRK;;;N;1043;731;312;0;416;3;413;416;3;413;2048;674;395;103;38;14;47;36;10;31;;;302;152;39;21;12;11;43;16;8;;;165;52;56;36;7;13;1;;;;;65;26;4;13;7;8;1;5;1;;;423;329;94;;;;;;;;;341;242;99;;;78;78;;;;;;;;;;;;
Bezirk Wandsbek;Wahlkreis 11 - Wandsbek;Wandsbek;50703;STIMMBEZIRK;;;N;1323;865;458;0;441;1;440;441;8;433;2162;697;381;99;51;18;40;45;30;33;;;309;155;36;28;16;9;58;7;0;;;180;65;54;14;5;32;10;;;;;66;45;1;0;17;1;0;2;0;;;419;334;85;;;;;;;;;433;266;167;;;58;58;;;;;;;;;;;;
Bezirk Wandsbek;Wahlkreis 11 - Wandsbek;Wandsbek;50801;STIMMBEZIRK;;;N;968;729;239;0;362;2;360;362;6;356;1777;632;367;65;53;14;48;27;30;28;;;307;181;28;16;11;14;49;5;3;;;235;79;60;43;24;24;5;;;;;40;18;5;2;8;0;1;5;1;;;211;137;74;;;;;;;;;316;216;100;;;36;36;;;;;;;;;;;;
Bezirk Wandsbek;Wahlkreis 11 - Wandsbek;Wandsbek;50803;STIMMBEZIRK;;;N;1305;857;448;0;439;1;438;439;6;433;2153;906;646;97;49;16;24;26;25;23;;;387;183;47;33;29;15;56;18;6;;;139;53;42;21;4;12;7;;;;;36;13;11;2;2;0;0;0;8;;;310;191;119;;;;;;;;;314;191;123;;;61;61;;;;;;;;;;;;
Bezirk Wandsbek;Wahlkreis 11 - Wandsbek;Wandsbek;50804;STIMMBEZIRK;;;N;1374;932;442;0;403;3;400;403;13;390;1920;736;512;70;35;7;41;25;16;30;;;362;213;22;30;34;10;27;15;11;;;185;53;52;48;8;17;7;;;;;52;6;23;5;11;2;0;2;3;;;236;163;73;;;;;;;;;302;189;113;;;47;47;;;;;;;;;;;;
Bezirk Wandsbek;Wahlkreis 11 - Wandsbek;Wandsbek;50806;STIMMBEZIRK;;;N;1234;817;417;0;406;0;406;406;8;398;1970;691;484;82;34;12;23;20;17;19;;;417;226;61;22;26;13;43;12;14;;;166;83;35;32;6;6;4;;;;;48;30;6;5;2;2;2;1;0;;;359;284;75;;;;;;;;;220;135;85;;;69;69;;;;;;;;;;;;
Bezirk Wandsbek;Wahlkreis 11 - Wandsbek;Wandsbek;50807;STIMMBEZIRK;;;N;1141;738;403;0;334;8;326;334;7;327;1611;537;244;48;44;25;81;34;22;39;;;310;169;23;19;27;26;24;12;10;;;235;115;52;34;7;13;14;;;;;35;15;7;3;8;2;0;0;0;;;268;200;68;;;;;;;;;162;111;51;;;64;64;;;;;;;;;;;;
Bezirk Wandsbek;Wahlkreis 11 - Wandsbek;Wandsbek;50810;STIMMBEZIRK;;;N;914;624;290;0;231;2;229;231;2;229;1138;388;212;30;33;5;31;30;15;32;;;169;81;20;12;8;5;35;8;0;;;186;78;47;24;13;19;5;;;;;47;14;1;1;6;0;0;0;25;;;152;96;56;;;;;;;;;167;93;74;;;29;29;;;;;;;;;;;;
Bezirk Wandsbek;Wahlkreis 11 - Wandsbek;Wandsbek;50811;STIMMBEZIRK;;;N;1093;781;312;0;301;5;296;301;3;298;1472;592;270;63;73;23;46;41;24;52;;;288;140;19;19;24;8;58;14;6;;;260;102;65;32;15;28;18;;;;;58;35;1;8;10;1;0;0;3;;;110;56;54;;;;;;;;;140;81;59;;;24;24;;;;;;;;;;;;
Bezirk Wandsbek;Wahlkreis 11 - Wandsbek;Wandsbek;50901;STIMMBEZIRK;;;N;1427;1075;352;0;537;4;533;537;27;510;2503;1024;533;122;100;41;66;66;24;72;;;544;279;56;37;41;21;73;26;11;;;344;167;78;42;25;22;10;;;;;68;17;5;11;16;4;10;5;0;;;171;114;57;;;;;;;;;277;168;109;;;75;75;;;;;;;;;;;;
Bezirk Wandsbek;Wahlkreis 11 - Wandsbek;Wandsbek;50902;STIMMBEZIRK;;;N;1032;613;419;0;297;1;296;297;8;289;1422;627;373;77;46;23;33;23;20;32;;;232;129;21;15;18;11;28;4;6;;;229;86;56;49;13;12;13;;;;;32;20;4;0;6;0;1;0;1;;;136;106;30;;;;;;;;;146;89;57;;;20;20;;;;;;;;;;;;
Bezirk Wandsbek;Wahlkreis 11 - Wandsbek;Wandsbek;50905;STIMMBEZIRK;;;N;870;533;337;0;262;4;258;262;3;259;1283;515;365;25;31;16;33;25;8;12;;;232;91;37;10;22;6;52;11;3;;;145;57;40;18;17;8;5;;;;;18;12;0;5;0;0;0;0;1;;;184;120;64;;;;;;;;;135;83;52;;;54;54;;;;;;;;;;;;
Bezirk Wandsbek;Wahlkreis 11 - Wandsbek;Wandsbek;50906;STIMMBEZIRK;;;N;1041;781;260;0;426;5;421;426;5;421;2072;947;579;80;53;36;80;34;39;46;;;306;129;16;27;24;14;61;19;16;;;279;116;79;20;20;28;16;;;;;46;15;7;3;15;0;0;3;3;;;190;126;64;;;;;;;;;263;172;91;;;41;41;;;;;;;;;;;;
Bezirk Wandsbek;Wahlkreis 11 - Wandsbek;Wandsbek;50907;STIMMBEZIRK;;;N;1156;677;479;0;357;5;352;357;10;347;1709;720;472;72;43;29;32;22;19;31;;;283;158;18;22;16;21;21;13;14;;;238;90;56;36;19;29;8;;;;;45;25;2;2;7;6;0;2;1;;;162;109;53;;;;;;;;;199;135;64;;;62;62;;;;;;;;;;;;
Bezirk Wandsbek;Wahlkreis 11 - Wandsbek;Wandsbek;50908;STIMMBEZIRK;;;N;745;531;214;0;252;4;248;252;3;249;1225;479;220;47;47;41;41;20;30;33;;;200;110;5;18;8;7;41;6;5;;;107;34;25;20;8;9;11;;;;;14;11;1;1;0;0;0;1;0;;;208;154;54;;;;;;;;;186;131;55;;;31;31;;;;;;;;;;;;
Bezirk Wandsbek;Wahlkreis 11 - Wandsbek;Wandsbek;50909;STIMMBEZIRK;;;N;1009;707;302;0;367;1;366;366;8;358;1774;715;382;78;56;24;55;61;27;32;;;310;176;18;21;13;22;40;14;6;;;207;73;40;35;17;18;24;;;;;58;18;7;15;8;3;1;6;0;;;191;132;59;;;;;;;;;243;168;75;;;50;50;;;;;;;;;;;;
Bezirk Wandsbek;Wahlkreis 11 - Wandsbek;Wandsbek;50911;STIMMBEZIRK;;;N;811;473;338;0;283;0;283;283;11;272;1336;476;223;54;37;30;52;42;17;21;;;251;138;24;15;10;21;35;4;4;;;188;78;50;30;11;14;5;;;;;56;32;1;2;3;6;8;1;3;;;188;134;54;;;;;;;;;137;113;24;;;40;40;;;;;;;;;;;;
Bezirk Wandsbek;Wahlkreis 11 - Wandsbek;Wandsbek;5059901;BRIEFWAHLBEZIRK;;;N;0;0;0;0;591;591;0;589;2;587;2930;1282;620;160;113;35;113;56;107;78;;;648;264;62;55;59;39;113;40;16;;;236;81;55;31;28;31;10;;;;;88;50;9;12;7;3;1;1;5;;;362;226;136;;;;;;;;;196;123;73;;;118;118;;;;;;;;;;;;
Bezirk Wandsbek;Wahlkreis 11 - Wandsbek;Wandsbek;5059902;BRIEFWAHLBEZIRK;;;N;0;0;0;0;574;574;0;573;7;566;2830;1038;500;129;74;51;90;77;48;69;;;608;323;57;40;50;19;83;23;13;;;192;66;34;36;14;21;21;;;;;89;40;2;10;25;3;2;6;1;;;493;295;198;;;;;;;;;262;173;89;;;148;148;;;;;;;;;;;;
Bezirk Wandsbek;Wahlkreis 11 - Wandsbek;Wandsbek;5059903;BRIEFWAHLBEZIRK;;;N;0;0;0;0;669;669;0;669;1;668;3325;1221;617;171;169;34;67;57;43;63;;;711;353;66;42;59;24;122;24;21;;;265;102;78;27;19;17;22;;;;;101;39;16;16;16;7;1;2;4;;;525;371;154;;;;;;;;;375;243;132;;;127;127;;;;;;;;;;;;
Bezirk Wandsbek;Wahlkreis 11 - Wandsbek;Wandsbek;5059904;BRIEFWAHLBEZIRK;;;N;0;0;0;0;601;601;0;595;2;593;2951;1184;666;121;91;52;70;56;55;73;;;609;298;49;47;50;24;101;22;18;;;217;62;53;41;18;26;17;;;;;96;49;6;16;12;6;2;2;3;;;479;309;170;;;;;;;;;199;132;67;;;167;167;;;;;;;;;;;;
Bezirk Wandsbek;Wahlkreis 11 - Wandsbek;Wandsbek;5059905;BRIEFWAHLBEZIRK;;;N;0;0;0;0;623;623;0;623;4;619;3065;1131;507;118;108;50;120;80;68;80;;;614;295;57;60;33;35;84;35;15;;;246;38;103;32;36;12;25;;;;;95;49;11;14;9;8;1;2;1;;;477;320;157;;;;;;;;;327;202;125;;;175;175;;;;;;;;;;;;
Bezirk Wandsbek;Wahlkreis 11 - Wandsbek;Wandsbek;5059906;BRIEFWAHLBEZIRK;;;N;0;0;0;0;732;732;0;718;2;716;3548;1473;773;175;122;68;86;84;76;89;;;662;307;48;58;42;36;122;23;26;;;362;109;123;53;30;35;12;;;;;84;20;16;16;9;11;6;4;2;;;505;327;178;;;;;;;;;338;217;121;;;124;124;;;;;;;;;;;;
Bezirk Wandsbek;Wahlkreis 11 - Wandsbek;Wandsbek;5059907;BRIEFWAHLBEZIRK;;;N;0;0;0;0;605;605;0;601;1;600;2971;1159;579;140;132;33;70;72;80;53;;;528;253;68;25;39;22;81;15;25;;;202;98;51;18;10;19;6;;;;;122;41;16;13;9;19;14;2;8;;;459;310;149;;;;;;;;;374;228;146;;;127;127;;;;;;;;;;;;
Bezirk Wandsbek;Wahlkreis 11 - Wandsbek;Wandsbek;5059908;BRIEFWAHLBEZIRK;;;N;0;0;0;0;657;657;0;657;4;653;3243;1248;656;178;85;46;74;74;52;83;;;577;248;52;78;37;28;103;16;15;;;275;65;92;38;38;22;20;;;;;77;32;5;7;7;12;6;6;2;;;520;341;179;;;;;;;;;399;290;109;;;147;147;;;;;;;;;;;;
Bezirk Wandsbek;Wahlkreis 11 - Wandsbek;Wandsbek;5059909;BRIEFWAHLBEZIRK;;;N;0;0;0;0;631;631;0;631;4;627;3118;1099;562;172;93;31;77;70;52;42;;;618;253;39;77;46;31;124;31;17;;;227;87;49;35;11;29;16;;;;;116;45;9;19;17;7;10;6;3;;;495;333;162;;;;;;;;;384;250;134;;;179;179;;;;;;;;;;;;
Bezirk Wandsbek;Wahlkreis 11 - Wandsbek;Wandsbek;5059910;BRIEFWAHLBEZIRK;;;N;0;0;0;0;834;834;0;834;7;827;4105;1371;657;196;176;52;68;97;68;57;;;689;319;83;38;44;30;122;39;14;;;259;82;88;34;23;17;15;;;;;212;95;5;48;26;11;18;8;1;;;736;472;264;;;;;;;;;588;397;191;;;250;250;;;;;;;;;;;;
Bezirk Wandsbek;Wahlkreis 11 - Wandsbek;Wandsbek;5059911;BRIEFWAHLBEZIRK;;;N;0;0;0;0;676;676;0;675;7;668;3305;1094;605;130;94;40;55;49;62;59;;;551;171;80;46;78;26;95;29;26;;;162;69;41;23;8;11;10;;;;;140;52;12;16;23;18;4;6;9;;;564;436;128;;;;;;;;;569;363;206;;;225;225;;;;;;;;;;;;
Bezirk Wandsbek;Wahlkreis 11 - Wandsbek;Wandsbek;5059912;BRIEFWAHLBEZIRK;;;N;0;0;0;0;582;582;0;582;9;573;2854;1020;525;142;83;45;64;69;44;48;;;478;192;45;45;33;26;96;30;11;;;244;52;83;47;26;17;19;;;;;147;59;8;22;17;14;17;5;5;;;473;309;164;;;;;;;;;320;211;109;;;172;172;;;;;;;;;;;;
Bezirk Wandsbek;Wahlkreis 11 - Wandsbek;Marienthal;51001;STIMMBEZIRK;;;N;1134;723;411;0;394;5;389;394;5;389;1916;604;329;89;61;11;44;16;27;27;;;404;210;68;33;15;13;54;7;4;;;145;52;47;21;9;12;4;;;;;51;23;6;0;9;4;6;3;0;;;315;243;72;;;;;;;;;344;269;75;;;53;53;;;;;;;;;;;;
Bezirk Wandsbek;Wahlkreis 11 - Wandsbek;Marienthal;51002;STIMMBEZIRK;;;N;1193;770;423;0;451;8;443;451;3;448;2216;765;508;111;39;15;20;30;14;28;;;611;266;95;74;65;28;50;25;8;;;192;62;72;16;4;31;7;;;;;56;32;2;13;3;4;0;2;0;;;317;260;57;;;;;;;;;202;166;36;;;73;73;;;;;;;;;;;;
Bezirk Wandsbek;Wahlkreis 11 - Wandsbek;Marienthal;51003;STIMMBEZIRK;;;N;1015;572;443;0;402;6;396;401;2;399;1983;533;258;119;54;13;25;22;24;18;;;682;341;126;76;40;29;48;14;8;;;145;74;23;18;5;17;8;;;;;62;19;12;11;6;6;5;1;2;;;280;195;85;;;;;;;;;213;152;61;;;68;68;;;;;;;;;;;;
Bezirk Wandsbek;Wahlkreis 11 - Wandsbek;Marienthal;51004;STIMMBEZIRK;;;N;1151;761;390;0;414;3;411;414;2;412;2039;601;385;87;26;16;35;25;8;19;;;483;177;92;79;26;18;70;12;9;;;200;50;67;33;6;29;15;;;;;73;28;4;5;15;4;6;1;10;;;375;273;102;;;;;;;;;245;192;53;;;62;62;;;;;;;;;;;;
Bezirk Wandsbek;Wahlkreis 11 - Wandsbek;Marienthal;51101;STIMMBEZIRK;;;N;896;591;305;0;360;5;355;360;9;351;1736;617;353;112;48;14;33;14;15;28;;;449;229;66;57;30;19;24;14;10;;;162;34;75;18;11;6;18;;;;;70;46;5;4;4;1;8;1;1;;;232;157;75;;;;;;;;;175;108;67;;;31;31;;;;;;;;;;;;
Bezirk Wandsbek;Wahlkreis 11 - Wandsbek;Marienthal;51102;STIMMBEZIRK;;;N;1031;683;348;0;384;3;381;384;7;377;1863;557;283;136;55;8;22;15;16;22;;;565;277;120;41;16;23;70;8;10;;;144;38;71;13;3;15;4;;;;;76;62;1;8;1;3;0;0;1;;;278;229;49;;;;;;;;;196;135;61;;;47;47;;;;;;;;;;;;
Bezirk Wandsbek;Wahlkreis 11 - Wandsbek;Marienthal;51103;STIMMBEZIRK;;;N;1153;774;379;0;493;1;492;493;11;482;2401;893;547;120;55;14;33;50;46;28;;;708;340;152;72;34;18;47;29;16;;;231;85;80;18;10;29;9;;;;;63;38;6;3;9;1;5;0;1;;;312;218;94;;;;;;;;;140;99;41;;;54;54;;;;;;;;;;;;
Bezirk Wandsbek;Wahlkreis 11 - Wandsbek;Marienthal;51104;STIMMBEZIRK;;;N;1051;711;340;0;396;4;392;396;5;391;1939;673;415;115;47;15;26;25;6;24;;;427;196;68;39;34;15;54;8;13;;;216;85;59;37;5;26;4;;;;;41;8;3;6;16;5;1;1;1;;;346;255;91;;;;;;;;;212;136;76;;;24;24;;;;;;;;;;;;
Bezirk Wandsbek;Wahlkreis 11 - Wandsbek;Marienthal;51107;STIMMBEZIRK;;;N;994;580;414;0;377;2;375;377;2;375;1862;464;276;63;29;18;26;26;14;12;;;711;397;139;42;32;23;55;14;9;;;178;61;68;22;12;10;5;;;;;70;27;8;14;10;6;1;2;2;;;289;195;94;;;;;;;;;111;84;27;;;39;39;;;;;;;;;;;;
Bezirk Wandsbek;Wahlkreis 11 - Wandsbek;Marienthal;5109901;BRIEFWAHLBEZIRK;;;N;0;0;0;0;633;633;0;633;4;629;3131;988;513;163;103;18;57;56;33;45;;;1038;487;216;131;32;31;93;25;23;;;147;22;47;38;6;20;14;;;;;156;60;24;20;19;8;9;8;8;;;476;308;168;;;;;;;;;202;134;68;;;124;124;;;;;;;;;;;;
Bezirk Wandsbek;Wahlkreis 11 - Wandsbek;Marienthal;5109902;BRIEFWAHLBEZIRK;;;N;0;0;0;0;605;605;0;603;9;594;2968;834;430;137;86;19;38;31;59;34;;;1106;498;232;141;61;26;94;46;8;;;206;63;77;24;16;23;3;;;;;135;55;14;18;19;14;2;5;8;;;403;302;101;;;;;;;;;180;138;42;;;104;104;;;;;;;;;;;;
Bezirk Wandsbek;Wahlkreis 11 - Wandsbek;Marienthal;5109903;BRIEFWAHLBEZIRK;;;N;0;0;0;0;637;637;0;637;4;633;3142;1003;502;163;110;31;58;60;29;50;;;1002;381;192;115;70;66;119;30;29;;;225;69;84;19;8;28;17;;;;;131;70;9;12;7;11;12;6;4;;;478;335;143;;;;;;;;;197;138;59;;;106;106;;;;;;;;;;;;
Bezirk Wandsbek;Wahlkreis 11 - Wandsbek;Marienthal;5109904;BRIEFWAHLBEZIRK;;;N;0;0;0;0;637;637;0;637;1;636;3162;1035;530;179;138;24;39;25;56;44;;;924;413;186;98;53;34;74;44;22;;;155;14;89;9;9;32;2;;;;;160;68;18;18;26;8;3;11;8;;;534;402;132;;;;;;;;;235;171;64;;;119;119;;;;;;;;;;;;
Bezirk Wandsbek;Wahlkreis 11 - Wandsbek;Marienthal;5109905;BRIEFWAHLBEZIRK;;;N;0;0;0;0;633;633;0;632;3;629;3143;829;436;142;85;19;36;33;38;40;;;903;345;185;128;76;36;84;28;21;;;179;39;73;31;8;21;7;;;;;147;53;12;19;26;11;8;14;4;;;558;375;183;;;;;;;;;362;252;110;;;165;165;;;;;;;;;;;;
Bezirk Wandsbek;Wahlkreis 11 - Wandsbek;Jenfeld;51201;STIMMBEZIRK;;;N;1549;1119;430;0;365;5;360;365;7;358;1777;670;463;88;61;9;12;10;12;15;;;361;159;43;15;35;18;59;13;19;;;259;72;69;48;29;16;25;;;;;76;25;4;15;11;2;5;9;5;;;204;150;54;;;;;;;;;165;107;58;;;42;42;;;;;;;;;;;;
Bezirk Wandsbek;Wahlkreis 11 - Wandsbek;Jenfeld;51202;STIMMBEZIRK;;;N;982;784;198;0;304;1;303;304;8;296;1458;498;273;50;109;12;14;6;8;26;;;282;118;26;12;39;11;35;2;39;;;404;100;158;51;29;29;37;;;;;20;3;6;5;5;0;0;1;0;;;73;57;16;;;;;;;;;143;93;50;;;38;38;;;;;;;;;;;;
Bezirk Wandsbek;Wahlkreis 11 - Wandsbek;Jenfeld;51203;STIMMBEZIRK;;;N;1273;995;278;0;372;2;370;372;13;359;1769;753;445;74;153;15;22;14;11;19;;;349;163;25;16;46;9;51;10;29;;;317;108;96;29;30;35;19;;;;;25;13;0;4;5;1;0;0;2;;;104;68;36;;;;;;;;;175;116;59;;;46;46;;;;;;;;;;;;
Bezirk Wandsbek;Wahlkreis 11 - Wandsbek;Jenfeld;51205;STIMMBEZIRK;;;N;1320;963;357;0;382;2;380;382;9;373;1852;636;403;86;82;11;11;21;13;9;;;597;224;56;23;55;23;183;15;18;;;170;63;42;19;10;19;17;;;;;68;59;1;2;3;2;0;0;1;;;203;123;80;;;;;;;;;109;87;22;;;69;69;;;;;;;;;;;;
Bezirk Wandsbek;Wahlkreis 11 - Wandsbek;Jenfeld;51206;STIMMBEZIRK;;;N;1166;991;175;0;331;4;327;331;10;321;1596;593;297;82;140;12;26;5;13;18;;;228;85;19;13;41;10;46;4;10;;;377;190;84;25;37;28;13;;;;;42;10;2;2;5;7;2;7;7;;;58;31;27;;;;;;;;;257;152;105;;;41;41;;;;;;;;;;;;
Bezirk Wandsbek;Wahlkreis 11 - Wandsbek;Jenfeld;51207;STIMMBEZIRK;;;N;1506;1265;241;0;354;0;354;354;4;350;1690;724;344;119;160;17;27;20;9;28;;;236;62;23;23;32;32;35;10;19;;;300;127;82;34;27;19;11;;;;;30;6;4;4;8;1;1;5;1;;;64;49;15;;;;;;;;;292;157;135;;;44;44;;;;;;;;;;;;
Bezirk Wandsbek;Wahlkreis 11 - Wandsbek;Jenfeld;51209;STIMMBEZIRK;;;N;937;721;216;0;267;1;266;267;9;258;1272;540;292;100;70;17;18;9;9;25;;;275;73;13;20;44;15;74;18;18;;;212;57;87;17;14;19;18;;;;;33;15;1;8;6;2;1;0;0;;;77;44;33;;;;;;;;;111;58;53;;;24;24;;;;;;;;;;;;
Bezirk Wandsbek;Wahlkreis 11 - Wandsbek;Jenfeld;51210;STIMMBEZIRK;;;N;1186;787;399;0;389;0;389;389;8;381;1889;714;452;67;91;14;35;18;15;22;;;486;204;49;30;55;30;70;7;41;;;303;96;80;42;27;38;20;;;;;52;22;4;10;5;5;0;1;5;;;137;86;51;;;;;;;;;172;97;75;;;25;25;;;;;;;;;;;;
Bezirk Wandsbek;Wahlkreis 11 - Wandsbek;Jenfeld;51211;STIMMBEZIRK;;;N;1096;950;146;0;266;2;264;266;21;245;1211;580;326;57;128;4;14;7;11;33;;;169;66;6;17;39;2;9;4;26;;;219;124;41;24;11;15;4;;;;;19;5;6;0;3;0;1;0;4;;;44;36;8;;;;;;;;;170;123;47;;;10;10;;;;;;;;;;;;
Bezirk Wandsbek;Wahlkreis 11 - Wandsbek;Jenfeld;51212;STIMMBEZIRK;;;N;952;701;251;0;252;0;252;252;5;247;1199;380;201;36;98;3;14;9;8;11;;;314;62;32;39;54;13;58;18;38;;;242;94;46;34;20;32;16;;;;;32;12;5;1;1;5;0;8;0;;;69;41;28;;;;;;;;;136;86;50;;;26;26;;;;;;;;;;;;
Bezirk Wandsbek;Wahlkreis 11 - Wandsbek;Jenfeld;51214;STIMMBEZIRK;;;N;851;723;128;0;283;0;283;283;8;275;1351;624;332;84;134;13;6;13;26;16;;;251;60;18;12;72;11;21;10;47;;;200;86;48;29;11;12;14;;;;;8;4;1;1;1;0;0;0;1;;;77;59;18;;;;;;;;;173;105;68;;;18;18;;;;;;;;;;;;
Bezirk Wandsbek;Wahlkreis 11 - Wandsbek;Jenfeld;51218;STIMMBEZIRK;;;N;1125;919;206;0;301;3;298;301;19;282;1394;527;271;61;116;14;9;20;10;26;;;303;62;35;18;65;16;59;8;40;;;310;129;58;26;36;42;19;;;;;10;1;6;3;0;0;0;0;0;;;53;37;16;;;;;;;;;169;105;64;;;22;22;;;;;;;;;;;;
Bezirk Wandsbek;Wahlkreis 11 - Wandsbek;Jenfeld;51220;STIMMBEZIRK;;;N;1300;1094;206;0;350;0;350;350;8;342;1703;801;476;72;150;17;33;7;5;41;;;269;105;16;9;32;8;47;4;48;;;371;153;95;45;32;28;18;;;;;32;11;2;1;6;2;7;1;2;;;40;29;11;;;;;;;;;157;95;62;;;33;33;;;;;;;;;;;;
Bezirk Wandsbek;Wahlkreis 11 - Wandsbek;Jenfeld;51221;STIMMBEZIRK;;;N;1260;987;273;0;358;3;355;358;11;347;1712;590;354;57;88;13;20;9;23;26;;;408;171;35;24;69;19;32;8;50;;;338;131;98;41;17;29;22;;;;;69;24;11;9;5;11;0;6;3;;;97;71;26;;;;;;;;;185;126;59;;;25;25;;;;;;;;;;;;
Bezirk Wandsbek;Wahlkreis 11 - Wandsbek;Jenfeld;5129901;BRIEFWAHLBEZIRK;;;N;0;0;0;0;622;622;0;622;8;614;3019;1164;649;107;239;20;32;35;31;51;;;729;233;65;54;138;16;124;30;69;;;337;93;107;48;32;34;23;;;;;139;40;9;18;29;30;3;3;7;;;315;235;80;;;;;;;;;230;141;89;;;105;105;;;;;;;;;;;;
Bezirk Wandsbek;Wahlkreis 11 - Wandsbek;Jenfeld;5129902;BRIEFWAHLBEZIRK;;;N;0;0;0;0;622;622;0;622;25;597;2972;1229;667;136;266;19;52;14;49;26;;;714;167;63;48;145;21;154;33;83;;;346;90;147;42;32;27;8;;;;;141;44;19;19;19;21;8;8;3;;;197;134;63;;;;;;;;;259;162;97;;;86;86;;;;;;;;;;;;
Bezirk Wandsbek;Wahlkreis 11 - Wandsbek;Jenfeld;5129903;BRIEFWAHLBEZIRK;;;N;0;0;0;0;643;643;0;618;9;609;3011;1253;719;134;220;33;44;41;36;26;;;694;232;51;58;104;21;107;34;87;;;391;118;124;57;33;38;21;;;;;108;53;5;16;17;6;1;1;9;;;225;167;58;;;;;;;;;266;157;109;;;74;74;;;;;;;;;;;;
Bezirk Wandsbek;Wahlkreis 11 - Wandsbek;Jenfeld;5129904;BRIEFWAHLBEZIRK;;;N;0;0;0;0;606;606;0;605;7;598;2988;1240;641;172;204;16;66;39;58;44;;;616;168;81;44;120;42;75;22;64;;;389;115;130;36;32;44;32;;;;;118;47;5;20;33;6;3;1;3;;;264;194;70;;;;;;;;;296;154;142;;;65;65;;;;;;;;;;;;
Bezirk Wandsbek;Wahlkreis 11 - Wandsbek;Jenfeld;5129905;BRIEFWAHLBEZIRK;;;N;0;0;0;0;636;636;0;620;11;609;3019;1130;623;158;201;31;46;14;32;25;;;647;188;50;36;103;29;150;15;76;;;298;88;81;47;35;22;25;;;;;167;77;16;24;19;9;17;1;4;;;311;251;60;;;;;;;;;368;217;151;;;98;98;;;;;;;;;;;;
Bezirk Wandsbek;Wahlkreis 11 - Wandsbek;Tonndorf;51301;STIMMBEZIRK;;;N;1122;762;360;0;404;3;401;404;8;396;1963;822;621;120;28;8;15;9;8;13;;;409;196;35;33;20;22;87;13;3;;;267;113;62;34;10;29;19;;;;;74;52;0;8;5;2;4;2;1;;;222;164;58;;;;;;;;;121;56;65;;;48;48;;;;;;;;;;;;
Bezirk Wandsbek;Wahlkreis 11 - Wandsbek;Tonndorf;51302;STIMMBEZIRK;;;N;1149;915;234;0;381;4;377;381;12;369;1830;794;619;86;29;9;9;33;4;5;;;334;166;25;13;19;9;88;3;11;;;388;146;130;53;24;19;16;;;;;8;7;0;0;0;0;0;0;1;;;81;53;28;;;;;;;;;177;64;113;;;48;48;;;;;;;;;;;;
Bezirk Wandsbek;Wahlkreis 11 - Wandsbek;Tonndorf;51303;STIMMBEZIRK;;;N;982;733;249;0;383;3;380;383;9;374;1837;732;523;111;35;10;15;19;11;8;;;365;142;21;15;19;9;131;8;20;;;263;85;78;27;22;38;13;;;;;41;8;2;1;11;1;11;2;5;;;181;118;63;;;;;;;;;180;120;60;;;75;75;;;;;;;;;;;;
Bezirk Wandsbek;Wahlkreis 11 - Wandsbek;Tonndorf;51304;STIMMBEZIRK;;;N;1188;834;354;0;371;0;371;371;8;363;1786;671;446;103;50;10;12;5;23;22;;;415;210;29;22;28;11;99;5;11;;;255;115;48;36;22;24;10;;;;;40;26;6;0;0;1;1;2;4;;;164;148;16;;;;;;;;;215;127;88;;;26;26;;;;;;;;;;;;
Bezirk Wandsbek;Wahlkreis 11 - Wandsbek;Tonndorf;51305;STIMMBEZIRK;;;N;1078;798;280;0;339;2;337;339;8;331;1632;558;358;79;54;15;19;9;5;19;;;413;121;32;19;53;32;121;7;28;;;311;120;74;45;29;27;16;;;;;35;11;2;7;2;2;3;6;2;;;87;51;36;;;;;;;;;191;96;95;;;37;37;;;;;;;;;;;;
Bezirk Wandsbek;Wahlkreis 11 - Wandsbek;Tonndorf;51306;STIMMBEZIRK;;;N;1111;801;310;0;300;3;297;300;4;296;1468;612;476;63;15;9;9;4;4;32;;;275;113;9;19;25;3;84;7;15;;;193;90;43;25;12;12;11;;;;;18;5;1;3;0;1;1;1;6;;;115;89;26;;;;;;;;;211;102;109;;;44;44;;;;;;;;;;;;
Bezirk Wandsbek;Wahlkreis 11 - Wandsbek;Tonndorf;51307;STIMMBEZIRK;;;N;1278;865;413;0;405;3;402;405;9;396;1957;859;616;119;32;15;27;12;12;26;;;295;124;34;19;26;14;49;20;9;;;212;77;78;23;17;8;9;;;;;60;30;3;11;3;5;2;1;5;;;244;184;60;;;;;;;;;262;145;117;;;25;25;;;;;;;;;;;;
Bezirk Wandsbek;Wahlkreis 11 - Wandsbek;Tonndorf;51308;STIMMBEZIRK;;;N;1201;925;276;0;428;4;424;427;18;409;1984;708;467;88;36;18;28;31;17;23;;;349;156;35;23;18;17;73;10;17;;;336;122;77;59;23;18;37;;;;;41;25;5;3;3;3;0;2;0;;;254;189;65;;;;;;;;;236;134;102;;;60;60;;;;;;;;;;;;
Bezirk Wandsbek;Wahlkreis 11 - Wandsbek;Tonndorf;51311;STIMMBEZIRK;;;N;881;581;300;0;355;3;352;355;10;345;1725;696;608;53;14;8;3;4;3;3;;;452;244;22;18;15;20;124;6;3;;;272;119;67;21;33;10;22;;;;;35;23;2;4;1;0;2;1;2;;;145;107;38;;;;;;;;;96;52;44;;;29;29;;;;;;;;;;;;
Bezirk Wandsbek;Wahlkreis 11 - Wandsbek;Tonndorf;5139901;BRIEFWAHLBEZIRK;;;N;0;0;0;0;670;670;0;663;2;661;3305;1534;1040;255;91;18;37;33;33;27;;;706;289;43;38;40;24;209;31;32;;;278;82;92;18;41;20;25;;;;;87;35;8;5;7;4;20;1;7;;;354;226;128;;;;;;;;;272;162;110;;;74;74;;;;;;;;;;;;
Bezirk Wandsbek;Wahlkreis 11 - Wandsbek;Tonndorf;5139902;BRIEFWAHLBEZIRK;;;N;0;0;0;0;606;606;0;606;6;600;2971;1115;714;186;73;24;33;18;39;28;;;781;264;65;69;71;34;225;23;30;;;298;86;99;46;20;22;25;;;;;99;47;4;6;15;1;22;1;3;;;307;163;144;;;;;;;;;263;137;126;;;108;108;;;;;;;;;;;;
Bezirk Wandsbek;Wahlkreis 11 - Wandsbek;Tonndorf;5139903;BRIEFWAHLBEZIRK;;;N;0;0;0;0;574;574;0;574;8;566;2825;1183;746;234;79;17;41;17;24;25;;;657;244;63;30;48;37;160;50;25;;;273;119;67;35;20;12;20;;;;;106;48;2;11;22;3;13;1;6;;;281;197;84;;;;;;;;;236;116;120;;;89;89;;;;;;;;;;;;
Bezirk Wandsbek;Wahlkreis 11 - Wandsbek;Tonndorf;5139904;BRIEFWAHLBEZIRK;;;N;0;0;0;0;675;675;0;674;6;668;3331;1243;825;196;76;20;37;32;28;29;;;705;179;46;56;62;24;268;47;23;;;298;88;116;24;33;24;13;;;;;167;62;6;17;30;12;25;6;9;;;364;248;116;;;;;;;;;362;204;158;;;192;192;;;;;;;;;;;;
Bezirk Wandsbek;Wahlkreis 12 - Bramfeld - Farmsen-Berne - Steilshoop;Farmsen-Berne;51401;STIMMBEZIRK;;;N;825;521;304;0;411;10;401;410;8;402;1994;927;153;181;58;405;24;44;21;41;;;541;233;215;20;12;14;26;12;9;;;64;28;12;6;3;6;1;8;0;;;239;143;96;;;;;;;;;151;106;45;;;;;;;;;54;54;;;;16;16;;;2;2;;;;;;;;
Bezirk Wandsbek;Wahlkreis 12 - Bramfeld - Farmsen-Berne - Steilshoop;Farmsen-Berne;51402;STIMMBEZIRK;;;N;988;789;199;0;210;0;210;210;15;195;960;374;65;104;51;62;11;37;19;25;;;198;74;93;4;6;10;9;0;2;;;12;8;2;1;0;0;0;0;1;;;44;28;16;;;;;;;;;206;151;55;;;;;;;;;38;38;;;;57;57;;;31;31;;;;;;;;
Bezirk Wandsbek;Wahlkreis 12 - Bramfeld - Farmsen-Berne - Steilshoop;Farmsen-Berne;51403;STIMMBEZIRK;;;N;936;697;239;0;342;3;339;342;26;316;1552;748;118;195;31;269;23;75;22;15;;;391;168;159;12;3;18;16;5;10;;;48;15;7;8;12;4;0;1;1;;;110;64;46;;;;;;;;;142;104;38;;;;;;;;;32;32;;;;71;71;;;10;10;;;;;;;;
Bezirk Wandsbek;Wahlkreis 12 - Bramfeld - Farmsen-Berne - Steilshoop;Farmsen-Berne;51404;STIMMBEZIRK;;;N;1841;1395;446;0;474;3;471;474;30;444;2192;773;217;266;56;69;18;82;37;28;;;462;196;155;28;17;18;23;7;18;;;67;24;9;9;6;3;3;3;10;;;208;144;64;;;;;;;;;373;269;104;;;;;;;;;92;92;;;;120;120;;;97;97;;;;;;;;
Bezirk Wandsbek;Wahlkreis 12 - Bramfeld - Farmsen-Berne - Steilshoop;Farmsen-Berne;51405;STIMMBEZIRK;;;N;914;654;260;0;310;1;309;310;10;300;1490;590;88;201;62;67;35;70;24;43;;;434;202;128;20;12;22;22;9;19;;;42;24;1;4;5;2;3;2;1;;;193;133;60;;;;;;;;;153;132;21;;;;;;;;;43;43;;;;18;18;;;17;17;;;;;;;;
Bezirk Wandsbek;Wahlkreis 12 - Bramfeld - Farmsen-Berne - Steilshoop;Farmsen-Berne;51406;STIMMBEZIRK;;;N;1088;734;354;0;381;2;379;381;16;365;1812;649;167;199;50;62;26;83;16;46;;;582;146;257;32;39;29;40;23;16;;;85;34;12;15;8;5;3;4;4;;;236;144;92;;;;;;;;;149;118;31;;;;;;;;;47;47;;;;52;52;;;12;12;;;;;;;;
Bezirk Wandsbek;Wahlkreis 12 - Bramfeld - Farmsen-Berne - Steilshoop;Farmsen-Berne;51407;STIMMBEZIRK;;;N;1092;741;351;0;473;9;464;472;23;449;2221;899;214;328;50;107;59;46;41;54;;;620;262;198;45;12;37;27;25;14;;;40;16;8;3;2;0;0;11;0;;;235;147;88;;;;;;;;;291;242;49;;;;;;;;;59;59;;;;55;55;;;22;22;;;;;;;;
Bezirk Wandsbek;Wahlkreis 12 - Bramfeld - Farmsen-Berne - Steilshoop;Farmsen-Berne;51408;STIMMBEZIRK;;;N;1129;852;277;0;432;1;431;432;17;415;2063;793;179;302;60;79;50;53;32;38;;;538;297;122;37;15;21;35;4;7;;;40;8;11;9;2;7;1;1;1;;;224;143;81;;;;;;;;;291;211;80;;;;;;;;;81;81;;;;70;70;;;26;26;;;;;;;;
Bezirk Wandsbek;Wahlkreis 12 - Bramfeld - Farmsen-Berne - Steilshoop;Farmsen-Berne;51409;STIMMBEZIRK;;;N;1168;903;265;0;436;2;434;436;25;411;2015;847;228;305;33;107;31;55;42;46;;;636;393;143;36;9;14;24;7;10;;;40;10;8;12;1;3;5;0;1;;;120;73;47;;;;;;;;;191;163;28;;;;;;;;;59;59;;;;95;95;;;27;27;;;;;;;;
Bezirk Wandsbek;Wahlkreis 12 - Bramfeld - Farmsen-Berne - Steilshoop;Farmsen-Berne;51410;STIMMBEZIRK;;;N;1023;632;391;0;467;3;464;467;5;462;2281;888;215;352;49;78;34;62;47;51;;;840;545;155;33;19;34;25;12;17;;;47;26;3;4;3;5;0;1;5;;;215;153;62;;;;;;;;;149;123;26;;;;;;;;;60;60;;;;72;72;;;10;10;;;;;;;;
Bezirk Wandsbek;Wahlkreis 12 - Bramfeld - Farmsen-Berne - Steilshoop;Farmsen-Berne;51411;STIMMBEZIRK;;;N;1132;811;321;0;347;2;345;347;22;325;1585;551;162;171;22;74;22;38;30;32;;;471;272;106;23;9;25;29;4;3;;;47;16;3;7;6;10;5;0;0;;;102;58;44;;;;;;;;;258;214;44;;;;;;;;;64;64;;;;66;66;;;26;26;;;;;;;;
Bezirk Wandsbek;Wahlkreis 12 - Bramfeld - Farmsen-Berne - Steilshoop;Farmsen-Berne;51412;STIMMBEZIRK;;;N;810;466;344;0;302;5;297;302;8;294;1457;510;187;177;21;60;14;22;13;16;;;443;227;141;17;5;21;23;7;2;;;48;13;14;3;8;7;2;1;0;;;246;152;94;;;;;;;;;149;115;34;;;;;;;;;28;28;;;;22;22;;;11;11;;;;;;;;
Bezirk Wandsbek;Wahlkreis 12 - Bramfeld - Farmsen-Berne - Steilshoop;Farmsen-Berne;51413;STIMMBEZIRK;;;N;661;467;194;0;358;3;355;358;11;347;1729;836;134;207;34;377;18;26;26;14;;;361;167;134;20;12;10;11;1;6;;;22;15;1;1;0;3;1;1;0;;;180;82;98;;;;;;;;;186;123;63;;;;;;;;;57;57;;;;72;72;;;15;15;;;;;;;;
Bezirk Wandsbek;Wahlkreis 12 - Bramfeld - Farmsen-Berne - Steilshoop;Farmsen-Berne;51414;STIMMBEZIRK;;;N;1292;888;404;0;374;3;371;374;6;368;1687;681;112;298;55;56;37;56;37;30;;;466;247;110;33;20;12;29;7;8;;;57;29;4;12;6;4;1;0;1;;;130;87;43;;;;;;;;;160;130;30;;;;;;;;;78;78;;;;59;59;;;56;56;;;;;;;;
Bezirk Wandsbek;Wahlkreis 12 - Bramfeld - Farmsen-Berne - Steilshoop;Farmsen-Berne;51415;STIMMBEZIRK;;;N;1082;860;222;0;460;7;453;459;28;431;2123;787;173;261;43;127;34;48;38;63;;;695;340;214;36;35;19;26;21;4;;;78;7;31;5;9;6;8;7;5;;;187;102;85;;;;;;;;;219;167;52;;;;;;;;;99;99;;;;40;40;;;18;18;;;;;;;;
Bezirk Wandsbek;Wahlkreis 12 - Bramfeld - Farmsen-Berne - Steilshoop;Farmsen-Berne;51416;STIMMBEZIRK;;;N;1280;991;289;0;374;2;372;373;20;353;1755;639;144;123;37;170;17;68;51;29;;;465;176;197;22;18;15;18;7;12;;;39;6;16;8;2;1;0;5;1;;;190;117;73;;;;;;;;;273;178;95;;;;;;;;;21;21;;;;93;93;;;35;35;;;;;;;;
Bezirk Wandsbek;Wahlkreis 12 - Bramfeld - Farmsen-Berne - Steilshoop;Farmsen-Berne;51418;STIMMBEZIRK;;;N;1017;797;220;0;367;0;367;367;15;352;1727;651;139;219;74;50;39;59;34;37;;;484;212;165;30;8;25;26;6;12;;;37;19;9;6;3;0;0;0;0;;;167;101;66;;;;;;;;;233;187;46;;;;;;;;;43;43;;;;44;44;;;68;68;;;;;;;;
Bezirk Wandsbek;Wahlkreis 12 - Bramfeld - Farmsen-Berne - Steilshoop;Farmsen-Berne;51419;STIMMBEZIRK;;;N;1164;819;345;0;377;0;377;377;14;363;1773;639;115;245;33;100;18;47;37;44;;;540;216;203;32;22;24;28;8;7;;;49;13;2;20;1;2;2;3;6;;;180;116;64;;;;;;;;;225;159;66;;;;;;;;;62;62;;;;78;78;;;0;0;;;;;;;;
Bezirk Wandsbek;Wahlkreis 12 - Bramfeld - Farmsen-Berne - Steilshoop;Farmsen-Berne;51421;STIMMBEZIRK;;;N;1021;638;383;0;439;0;439;438;15;423;2088;877;228;134;58;323;31;47;31;25;;;580;238;240;35;10;28;18;3;8;;;54;20;4;10;6;2;2;4;6;;;238;147;91;;;;;;;;;194;154;40;;;;;;;;;70;70;;;;65;65;;;10;10;;;;;;;;
Bezirk Wandsbek;Wahlkreis 12 - Bramfeld - Farmsen-Berne - Steilshoop;Farmsen-Berne;51423;STIMMBEZIRK;;;N;1024;774;250;0;426;7;419;426;24;402;1997;717;152;277;47;72;26;40;40;63;;;615;315;165;38;24;21;29;11;12;;;81;8;13;36;4;5;7;8;0;;;137;69;68;;;;;;;;;171;141;30;;;;;;;;;127;127;;;;140;140;;;9;9;;;;;;;;
Bezirk Wandsbek;Wahlkreis 12 - Bramfeld - Farmsen-Berne - Steilshoop;Farmsen-Berne;51425;STIMMBEZIRK;;;N;973;596;377;0;321;0;321;321;7;314;1551;629;131;141;39;180;47;49;27;15;;;401;197;125;18;7;19;24;4;7;;;44;12;8;11;4;6;2;1;0;;;154;110;44;;;;;;;;;203;165;38;;;;;;;;;41;41;;;;71;71;;;8;8;;;;;;;;
Bezirk Wandsbek;Wahlkreis 12 - Bramfeld - Farmsen-Berne - Steilshoop;Farmsen-Berne;51427;STIMMBEZIRK;;;N;802;611;191;0;233;0;233;233;6;227;1070;358;76;138;20;56;12;33;15;8;;;245;97;94;24;8;8;8;2;4;;;83;33;20;13;7;4;5;1;0;;;54;37;17;;;;;;;;;216;166;50;;;;;;;;;43;43;;;;40;40;;;31;31;;;;;;;;
Bezirk Wandsbek;Wahlkreis 12 - Bramfeld - Farmsen-Berne - Steilshoop;Farmsen-Berne;51428;STIMMBEZIRK;;;N;980;693;287;0;440;3;437;437;17;420;2074;766;129;341;41;85;48;59;31;32;;;703;279;287;41;29;31;21;11;4;;;62;11;7;11;5;12;3;8;5;;;250;182;68;;;;;;;;;192;170;22;;;;;;;;;39;39;;;;49;49;;;13;13;;;;;;;;
Bezirk Wandsbek;Wahlkreis 12 - Bramfeld - Farmsen-Berne - Steilshoop;Farmsen-Berne;51429;STIMMBEZIRK;;;N;1135;783;352;0;481;7;474;481;8;473;2310;928;147;481;49;73;30;53;41;54;;;556;263;137;51;12;41;37;8;7;;;11;0;1;3;0;1;1;1;4;;;339;209;130;;;;;;;;;266;221;45;;;;;;;;;100;100;;;;88;88;;;22;22;;;;;;;;
Bezirk Wandsbek;Wahlkreis 12 - Bramfeld - Farmsen-Berne - Steilshoop;Farmsen-Berne;51430;STIMMBEZIRK;;;N;1114;778;336;0;474;1;473;474;25;449;2234;815;159;403;53;54;52;37;35;22;;;547;287;133;30;20;28;32;3;14;;;85;44;10;4;4;17;3;3;0;;;243;138;105;;;;;;;;;348;261;87;;;;;;;;;128;128;;;;53;53;;;15;15;;;;;;;;
Bezirk Wandsbek;Wahlkreis 12 - Bramfeld - Farmsen-Berne - Steilshoop;Farmsen-Berne;5149901;BRIEFWAHLBEZIRK;;;N;0;0;0;0;667;667;0;665;15;650;3236;1497;354;412;98;270;59;139;65;100;;;910;452;301;36;17;22;38;23;21;;;73;21;23;16;5;0;1;5;2;;;343;181;162;;;;;;;;;200;153;47;;;;;;;;;99;99;;;;93;93;;;21;21;;;;;;;;
Bezirk Wandsbek;Wahlkreis 12 - Bramfeld - Farmsen-Berne - Steilshoop;Farmsen-Berne;5149902;BRIEFWAHLBEZIRK;;;N;0;0;0;0;671;671;0;667;19;648;3205;1284;291;361;78;238;62;118;47;89;;;1032;530;298;50;19;40;55;13;27;;;71;19;10;15;11;6;5;2;3;;;378;242;136;;;;;;;;;206;158;48;;;;;;;;;116;116;;;;93;93;;;25;25;;;;;;;;
Bezirk Wandsbek;Wahlkreis 12 - Bramfeld - Farmsen-Berne - Steilshoop;Farmsen-Berne;5149903;BRIEFWAHLBEZIRK;;;N;0;0;0;0;588;588;0;586;8;578;2869;1151;238;308;73;201;66;136;51;78;;;927;383;372;51;15;25;55;15;11;;;106;29;22;14;18;3;9;8;3;;;288;176;112;;;;;;;;;205;140;65;;;;;;;;;95;95;;;;76;76;;;21;21;;;;;;;;
Bezirk Wandsbek;Wahlkreis 12 - Bramfeld - Farmsen-Berne - Steilshoop;Farmsen-Berne;5149904;BRIEFWAHLBEZIRK;;;N;0;0;0;0;537;537;0;537;5;532;2620;1148;228;325;59;238;73;93;41;91;;;705;269;280;33;19;37;43;13;11;;;71;20;4;25;3;14;2;0;3;;;275;157;118;;;;;;;;;222;179;43;;;;;;;;;113;113;;;;66;66;;;20;20;;;;;;;;
Bezirk Wandsbek;Wahlkreis 12 - Bramfeld - Farmsen-Berne - Steilshoop;Farmsen-Berne;5149905;BRIEFWAHLBEZIRK;;;N;0;0;0;0;621;621;0;620;8;612;3048;1283;255;405;69;263;66;84;46;95;;;829;389;270;51;22;30;48;12;7;;;74;16;4;17;8;13;2;13;1;;;329;175;154;;;;;;;;;340;243;97;;;;;;;;;78;78;;;;88;88;;;27;27;;;;;;;;
Bezirk Wandsbek;Wahlkreis 12 - Bramfeld - Farmsen-Berne - Steilshoop;Farmsen-Berne;5149906;BRIEFWAHLBEZIRK;;;N;0;0;0;0;639;639;0;638;11;627;3105;1186;240;327;88;258;62;113;36;62;;;1030;457;375;48;13;43;68;5;21;;;99;31;17;26;8;12;1;4;0;;;264;140;124;;;;;;;;;275;219;56;;;;;;;;;139;139;;;;74;74;;;38;38;;;;;;;;
Bezirk Wandsbek;Wahlkreis 12 - Bramfeld - Farmsen-Berne - Steilshoop;Farmsen-Berne;5149907;BRIEFWAHLBEZIRK;;;N;0;0;0;0;582;582;0;581;7;574;2865;1127;233;365;79;180;64;95;58;53;;;941;418;317;59;33;31;49;14;20;;;85;28;20;18;3;11;1;2;2;;;288;188;100;;;;;;;;;206;161;45;;;;;;;;;97;97;;;;110;110;;;11;11;;;;;;;;
Bezirk Wandsbek;Wahlkreis 12 - Bramfeld - Farmsen-Berne - Steilshoop;Farmsen-Berne;5149908;BRIEFWAHLBEZIRK;;;N;0;0;0;0;666;666;0;665;9;656;3280;1311;240;387;112;199;62;155;70;86;;;876;408;257;68;13;47;54;17;12;;;79;19;5;11;13;12;5;12;2;;;375;221;154;;;;;;;;;334;242;92;;;;;;;;;188;188;;;;84;84;;;33;33;;;;;;;;
Bezirk Wandsbek;Wahlkreis 12 - Bramfeld - Farmsen-Berne - Steilshoop;Farmsen-Berne;5149909;BRIEFWAHLBEZIRK;;;N;0;0;0;0;722;722;0;721;10;711;3540;1375;295;482;97;194;49;134;55;69;;;1088;469;313;80;30;82;78;19;17;;;90;29;19;9;7;14;7;3;2;;;355;221;134;;;;;;;;;354;273;81;;;;;;;;;149;149;;;;82;82;;;47;47;;;;;;;;
Bezirk Wandsbek;Wahlkreis 12 - Bramfeld - Farmsen-Berne - Steilshoop;Farmsen-Berne;5149910;BRIEFWAHLBEZIRK;;;N;0;0;0;0;639;639;0;639;15;624;3087;1118;212;330;108;173;50;116;53;76;;;806;381;248;46;19;34;50;20;8;;;145;61;15;17;19;11;9;8;5;;;404;235;169;;;;;;;;;320;235;85;;;;;;;;;168;168;;;;84;84;;;42;42;;;;;;;;
Bezirk Wandsbek;Wahlkreis 12 - Bramfeld - Farmsen-Berne - Steilshoop;Farmsen-Berne;5149911;BRIEFWAHLBEZIRK;;;N;0;0;0;0;660;660;0;660;11;649;3235;1209;244;354;106;184;68;113;67;73;;;851;455;201;65;27;26;37;25;15;;;177;64;28;22;15;21;7;19;1;;;403;239;164;;;;;;;;;343;279;64;;;;;;;;;144;144;;;;65;65;;;43;43;;;;;;;;
Bezirk Wandsbek;Wahlkreis 12 - Bramfeld - Farmsen-Berne - Steilshoop;Bramfeld;51501;STIMMBEZIRK;;;N;1068;685;383;0;445;4;441;445;25;420;2063;703;256;112;52;77;103;49;36;18;;;762;508;85;50;20;9;50;19;21;;;67;32;6;5;1;9;7;2;5;;;319;185;134;;;;;;;;;106;90;16;;;;;;;;;40;40;;;;39;39;;;27;27;;;;;;;;
Bezirk Wandsbek;Wahlkreis 12 - Bramfeld - Farmsen-Berne - Steilshoop;Bramfeld;51502;STIMMBEZIRK;;;N;906;508;398;0;342;5;337;342;11;331;1651;607;232;130;46;58;65;37;27;12;;;719;480;158;14;9;10;23;5;20;;;14;9;5;0;0;0;0;0;0;;;124;81;43;;;;;;;;;94;75;19;;;;;;;;;36;36;;;;33;33;;;24;24;;;;;;;;
Bezirk Wandsbek;Wahlkreis 12 - Bramfeld - Farmsen-Berne - Steilshoop;Bramfeld;51503;STIMMBEZIRK;;;N;1008;680;328;0;376;3;373;376;24;352;1741;581;233;164;46;61;38;20;13;6;;;601;426;72;27;5;9;39;9;14;;;51;14;3;6;3;10;9;0;6;;;210;148;62;;;;;;;;;161;128;33;;;;;;;;;71;71;;;;48;48;;;18;18;;;;;;;;
Bezirk Wandsbek;Wahlkreis 12 - Bramfeld - Farmsen-Berne - Steilshoop;Bramfeld;51504;STIMMBEZIRK;;;N;1100;741;359;0;351;6;345;351;8;343;1689;689;246;181;47;52;71;42;33;17;;;563;404;49;31;4;14;39;9;13;;;47;9;9;3;0;15;2;0;9;;;127;78;49;;;;;;;;;185;149;36;;;;;;;;;27;27;;;;51;51;;;0;0;;;;;;;;
Bezirk Wandsbek;Wahlkreis 12 - Bramfeld - Farmsen-Berne - Steilshoop;Bramfeld;51505;STIMMBEZIRK;;;N;1081;746;335;0;526;3;523;526;17;509;2539;906;298;290;57;80;65;63;41;12;;;804;532;125;28;9;24;51;17;18;;;110;43;8;4;7;11;7;7;23;;;388;224;164;;;;;;;;;186;147;39;;;;;;;;;56;56;;;;64;64;;;25;25;;;;;;;;
Bezirk Wandsbek;Wahlkreis 12 - Bramfeld - Farmsen-Berne - Steilshoop;Bramfeld;51506;STIMMBEZIRK;;;N;1110;876;234;0;391;4;387;391;22;369;1787;767;275;138;81;62;81;66;38;26;;;499;296;71;30;14;26;48;5;9;;;48;11;1;2;1;17;8;1;7;;;89;53;36;;;;;;;;;228;166;62;;;;;;;;;65;65;;;;46;46;;;45;45;;;;;;;;
Bezirk Wandsbek;Wahlkreis 12 - Bramfeld - Farmsen-Berne - Steilshoop;Bramfeld;51507;STIMMBEZIRK;;;N;770;528;242;0;333;2;331;333;9;324;1612;607;204;138;55;32;50;51;60;17;;;461;335;37;32;10;10;28;6;3;;;32;13;5;2;2;3;7;0;0;;;211;128;83;;;;;;;;;195;163;32;;;;;;;;;53;53;;;;46;46;;;7;7;;;;;;;;
Bezirk Wandsbek;Wahlkreis 12 - Bramfeld - Farmsen-Berne - Steilshoop;Bramfeld;51509;STIMMBEZIRK;;;N;1187;851;336;0;331;3;328;331;2;329;1536;509;203;58;50;60;81;25;15;17;;;456;259;58;38;13;21;35;10;22;;;60;18;2;8;4;8;13;1;6;;;120;81;39;;;;;;;;;181;141;40;;;;;;;;;45;45;;;;91;91;;;74;74;;;;;;;;
Bezirk Wandsbek;Wahlkreis 12 - Bramfeld - Farmsen-Berne - Steilshoop;Bramfeld;51510;STIMMBEZIRK;;;N;1037;622;415;0;312;6;306;312;13;299;1462;585;197;105;76;34;84;35;33;21;;;352;233;33;26;11;24;17;4;4;;;16;11;1;1;0;3;0;0;0;;;247;170;77;;;;;;;;;206;170;36;;;;;;;;;29;29;;;;27;27;;;0;0;;;;;;;;
Bezirk Wandsbek;Wahlkreis 12 - Bramfeld - Farmsen-Berne - Steilshoop;Bramfeld;51511;STIMMBEZIRK;;;N;1115;807;308;0;335;2;333;335;18;317;1572;566;211;63;92;27;70;42;51;10;;;429;288;34;25;10;18;34;11;9;;;58;18;3;9;6;11;2;4;5;;;132;69;63;;;;;;;;;260;199;61;;;;;;;;;51;51;;;;58;58;;;18;18;;;;;;;;
Bezirk Wandsbek;Wahlkreis 12 - Bramfeld - Farmsen-Berne - Steilshoop;Bramfeld;51512;STIMMBEZIRK;;;N;1042;710;332;0;337;8;329;335;16;319;1549;533;191;95;45;27;82;52;30;11;;;438;293;33;31;5;21;35;12;8;;;32;6;2;9;1;6;0;3;5;;;181;110;71;;;;;;;;;218;179;39;;;;;;;;;78;78;;;;55;55;;;14;14;;;;;;;;
Bezirk Wandsbek;Wahlkreis 12 - Bramfeld - Farmsen-Berne - Steilshoop;Bramfeld;51513;STIMMBEZIRK;;;N;1155;795;360;0;415;4;411;415;21;394;1937;520;244;81;70;28;52;24;20;1;;;762;573;35;39;16;22;59;7;11;;;43;8;5;2;2;8;12;2;4;;;188;109;79;;;;;;;;;285;232;53;;;;;;;;;61;61;;;;71;71;;;7;7;;;;;;;;
Bezirk Wandsbek;Wahlkreis 12 - Bramfeld - Farmsen-Berne - Steilshoop;Bramfeld;51514;STIMMBEZIRK;;;N;1087;790;297;0;336;2;334;336;20;316;1579;575;213;84;78;47;78;33;32;10;;;372;255;27;18;17;17;23;8;7;;;16;4;0;2;5;3;2;0;0;;;208;113;95;;;;;;;;;279;256;23;;;;;;;;;72;72;;;;31;31;;;26;26;;;;;;;;
Bezirk Wandsbek;Wahlkreis 12 - Bramfeld - Farmsen-Berne - Steilshoop;Bramfeld;51515;STIMMBEZIRK;;;N;1009;779;230;0;343;3;340;343;9;334;1648;541;214;61;74;37;57;37;38;23;;;530;388;30;29;9;18;27;13;16;;;24;6;1;0;0;3;8;5;1;;;111;64;47;;;;;;;;;263;219;44;;;;;;;;;74;74;;;;58;58;;;47;47;;;;;;;;
Bezirk Wandsbek;Wahlkreis 12 - Bramfeld - Farmsen-Berne - Steilshoop;Bramfeld;51516;STIMMBEZIRK;;;N;1210;817;393;0;351;1;350;350;16;334;1639;426;150;74;39;33;50;36;34;10;;;700;576;36;36;5;14;27;3;3;;;16;11;0;2;0;0;0;2;1;;;218;138;80;;;;;;;;;136;113;23;;;;;;;;;60;60;;;;41;41;;;42;42;;;;;;;;
Bezirk Wandsbek;Wahlkreis 12 - Bramfeld - Farmsen-Berne - Steilshoop;Bramfeld;51517;STIMMBEZIRK;;;N;1336;906;430;0;393;2;391;393;17;376;1854;527;227;72;37;39;83;18;37;14;;;747;569;33;42;7;15;55;10;16;;;82;25;8;8;2;18;6;7;8;;;223;144;79;;;;;;;;;178;144;34;;;;;;;;;39;39;;;;29;29;;;29;29;;;;;;;;
Bezirk Wandsbek;Wahlkreis 12 - Bramfeld - Farmsen-Berne - Steilshoop;Bramfeld;51518;STIMMBEZIRK;;;N;1147;736;411;0;364;1;363;364;16;348;1651;629;277;91;44;90;54;26;37;10;;;577;377;40;29;13;29;49;28;12;;;36;18;0;1;0;8;4;0;5;;;155;100;55;;;;;;;;;170;136;34;;;;;;;;;48;48;;;;35;35;;;1;1;;;;;;;;
Bezirk Wandsbek;Wahlkreis 12 - Bramfeld - Farmsen-Berne - Steilshoop;Bramfeld;51519;STIMMBEZIRK;;;N;1137;829;308;0;433;3;430;431;21;410;2021;588;242;93;31;53;58;43;61;7;;;680;500;31;64;16;15;29;7;18;;;53;12;11;5;1;2;12;0;10;;;208;124;84;;;;;;;;;302;249;53;;;;;;;;;76;76;;;;86;86;;;28;28;;;;;;;;
Bezirk Wandsbek;Wahlkreis 12 - Bramfeld - Farmsen-Berne - Steilshoop;Bramfeld;51521;STIMMBEZIRK;;;N;995;760;235;0;281;1;280;281;11;270;1339;416;208;46;36;22;42;35;24;3;;;492;314;21;51;9;25;39;8;25;;;13;6;1;1;1;2;1;1;0;;;134;85;49;;;;;;;;;202;178;24;;;;;;;;;11;11;;;;58;58;;;13;13;;;;;;;;
Bezirk Wandsbek;Wahlkreis 12 - Bramfeld - Farmsen-Berne - Steilshoop;Bramfeld;51523;STIMMBEZIRK;;;N;1064;659;405;0;344;6;338;344;9;335;1651;583;265;61;48;56;68;31;30;24;;;588;388;54;51;13;26;32;10;14;;;35;13;4;1;2;10;0;5;0;;;200;116;84;;;;;;;;;131;114;17;;;;;;;;;60;60;;;;39;39;;;15;15;;;;;;;;
Bezirk Wandsbek;Wahlkreis 12 - Bramfeld - Farmsen-Berne - Steilshoop;Bramfeld;51525;STIMMBEZIRK;;;N;929;690;239;0;337;4;333;337;15;322;1592;563;241;86;54;20;59;39;43;21;;;489;344;18;42;14;19;31;15;6;;;41;8;8;6;0;4;11;1;3;;;140;86;54;;;;;;;;;267;217;50;;;;;;;;;29;29;;;;50;50;;;13;13;;;;;;;;
Bezirk Wandsbek;Wahlkreis 12 - Bramfeld - Farmsen-Berne - Steilshoop;Bramfeld;51526;STIMMBEZIRK;;;N;719;471;248;0;334;1;333;334;20;314;1555;650;285;98;30;138;31;19;24;25;;;393;249;46;32;8;15;25;6;12;;;17;10;3;0;1;2;0;0;1;;;226;127;99;;;;;;;;;223;197;26;;;;;;;;;19;19;;;;13;13;;;14;14;;;;;;;;
Bezirk Wandsbek;Wahlkreis 12 - Bramfeld - Farmsen-Berne - Steilshoop;Bramfeld;51527;STIMMBEZIRK;;;N;1173;769;404;0;429;4;425;429;15;414;2058;679;290;122;58;61;71;43;19;15;;;810;554;84;32;16;29;62;19;14;;;52;31;1;6;1;10;1;2;0;;;188;112;76;;;;;;;;;162;137;25;;;;;;;;;90;90;;;;77;77;;;0;0;;;;;;;;
Bezirk Wandsbek;Wahlkreis 12 - Bramfeld - Farmsen-Berne - Steilshoop;Bramfeld;51529;STIMMBEZIRK;;;N;1090;650;440;0;426;4;422;426;15;411;2042;518;216;103;46;48;56;19;18;12;;;944;777;52;34;12;28;31;6;4;;;64;22;5;7;0;16;13;1;0;;;248;165;83;;;;;;;;;191;155;36;;;;;;;;;36;36;;;;26;26;;;15;15;;;;;;;;
Bezirk Wandsbek;Wahlkreis 12 - Bramfeld - Farmsen-Berne - Steilshoop;Bramfeld;51530;STIMMBEZIRK;;;N;1133;871;262;0;349;17;332;334;17;317;1575;650;289;86;59;25;79;37;35;40;;;522;395;19;15;18;18;37;14;6;;;25;4;8;7;1;1;2;2;0;;;104;72;32;;;;;;;;;135;109;26;;;;;;;;;39;39;;;;69;69;;;31;31;;;;;;;;
Bezirk Wandsbek;Wahlkreis 12 - Bramfeld - Farmsen-Berne - Steilshoop;Bramfeld;51531;STIMMBEZIRK;;;N;1071;769;302;0;426;6;420;426;12;414;2023;634;235;96;57;47;69;63;50;17;;;720;599;19;20;23;21;19;10;9;;;43;21;0;5;1;10;2;1;3;;;245;152;93;;;;;;;;;249;208;41;;;;;;;;;71;71;;;;36;36;;;25;25;;;;;;;;
Bezirk Wandsbek;Wahlkreis 12 - Bramfeld - Farmsen-Berne - Steilshoop;Bramfeld;51532;STIMMBEZIRK;;;N;964;634;330;0;311;1;310;311;16;295;1463;472;160;80;41;30;68;38;34;21;;;388;204;28;48;15;10;60;7;16;;;33;9;3;0;0;5;5;2;9;;;194;92;102;;;;;;;;;217;197;20;;;;;;;;;89;89;;;;39;39;;;31;31;;;;;;;;
Bezirk Wandsbek;Wahlkreis 12 - Bramfeld - Farmsen-Berne - Steilshoop;Bramfeld;51533;STIMMBEZIRK;;;N;1049;763;286;0;442;12;430;441;22;419;2072;630;161;148;84;46;72;38;56;25;;;609;338;66;30;22;26;97;19;11;;;55;17;9;4;13;1;1;3;7;;;249;148;101;;;;;;;;;345;306;39;;;;;;;;;116;116;;;;52;52;;;16;16;;;;;;;;
Bezirk Wandsbek;Wahlkreis 12 - Bramfeld - Farmsen-Berne - Steilshoop;Bramfeld;51534;STIMMBEZIRK;;;N;919;714;205;0;298;6;292;298;12;286;1423;579;202;133;42;73;51;32;28;18;;;386;264;54;13;6;14;24;7;4;;;49;12;9;8;2;9;0;9;0;;;133;74;59;;;;;;;;;176;143;33;;;;;;;;;38;38;;;;36;36;;;26;26;;;;;;;;
Bezirk Wandsbek;Wahlkreis 12 - Bramfeld - Farmsen-Berne - Steilshoop;Bramfeld;51535;STIMMBEZIRK;;;N;1357;808;549;0;379;4;375;378;6;372;1843;514;199;50;74;42;56;42;31;20;;;680;543;22;40;6;29;29;3;8;;;42;17;1;9;5;2;4;1;3;;;204;136;68;;;;;;;;;238;192;46;;;;;;;;;49;49;;;;93;93;;;23;23;;;;;;;;
Bezirk Wandsbek;Wahlkreis 12 - Bramfeld - Farmsen-Berne - Steilshoop;Bramfeld;51536;STIMMBEZIRK;;;N;1058;759;299;0;328;3;325;327;10;317;1582;530;219;63;56;27;76;30;45;14;;;471;307;42;34;10;15;40;16;7;;;47;15;2;1;2;3;3;7;14;;;182;121;61;;;;;;;;;248;182;66;;;;;;;;;55;55;;;;31;31;;;18;18;;;;;;;;
Bezirk Wandsbek;Wahlkreis 12 - Bramfeld - Farmsen-Berne - Steilshoop;Bramfeld;51537;STIMMBEZIRK;;;N;961;687;274;0;459;2;457;459;11;448;2183;931;466;175;48;66;104;23;36;13;;;723;546;48;36;7;22;31;14;19;;;27;6;11;0;0;5;0;0;5;;;170;114;56;;;;;;;;;194;168;26;;;;;;;;;61;61;;;;77;77;;;0;0;;;;;;;;
Bezirk Wandsbek;Wahlkreis 12 - Bramfeld - Farmsen-Berne - Steilshoop;Bramfeld;51542;STIMMBEZIRK;;;N;824;510;314;0;401;3;398;401;8;393;1933;750;336;100;57;129;50;30;23;25;;;670;483;103;34;17;10;12;8;3;;;30;18;6;1;0;1;0;0;4;;;267;160;107;;;;;;;;;127;107;20;;;;;;;;;56;56;;;;31;31;;;2;2;;;;;;;;
Bezirk Wandsbek;Wahlkreis 12 - Bramfeld - Farmsen-Berne - Steilshoop;Bramfeld;51543;STIMMBEZIRK;;;N;1105;721;384;0;296;3;293;295;19;276;1367;348;152;64;33;21;40;20;14;4;;;617;496;26;29;11;17;20;6;12;;;30;5;11;1;1;5;1;0;6;;;112;66;46;;;;;;;;;157;124;33;;;;;;;;;45;45;;;;42;42;;;16;16;;;;;;;;
Bezirk Wandsbek;Wahlkreis 12 - Bramfeld - Farmsen-Berne - Steilshoop;Bramfeld;51545;STIMMBEZIRK;;;N;1010;730;280;0;317;1;316;317;20;297;1452;478;178;64;53;52;60;27;34;10;;;555;436;14;24;14;12;37;6;12;;;30;6;1;1;1;2;3;1;15;;;122;92;30;;;;;;;;;159;137;22;;;;;;;;;37;37;;;;64;64;;;7;7;;;;;;;;
Bezirk Wandsbek;Wahlkreis 12 - Bramfeld - Farmsen-Berne - Steilshoop;Bramfeld;51546;STIMMBEZIRK;;;N;932;627;305;0;423;3;420;423;10;413;2041;844;297;152;28;210;60;35;47;15;;;616;372;90;46;14;19;56;8;11;;;45;23;7;4;3;2;4;0;2;;;215;151;64;;;;;;;;;173;135;38;;;;;;;;;70;70;;;;56;56;;;22;22;;;;;;;;
Bezirk Wandsbek;Wahlkreis 12 - Bramfeld - Farmsen-Berne - Steilshoop;Bramfeld;5159901;BRIEFWAHLBEZIRK;;;N;0;0;0;0;661;661;0;659;11;648;3035;1103;448;161;79;126;158;63;39;29;;;1406;1101;89;44;11;36;84;21;20;;;49;23;3;7;3;0;6;1;6;;;269;142;127;;;;;;;;;111;85;26;;;;;;;;;41;41;;;;41;41;;;15;15;;;;;;;;
Bezirk Wandsbek;Wahlkreis 12 - Bramfeld - Farmsen-Berne - Steilshoop;Bramfeld;5159902;BRIEFWAHLBEZIRK;;;N;0;0;0;0;583;583;0;581;9;572;2842;1078;393;150;94;143;138;57;67;36;;;1114;922;66;27;11;26;37;6;19;;;42;27;2;11;0;0;0;2;0;;;312;158;154;;;;;;;;;140;123;17;;;;;;;;;93;93;;;;48;48;;;15;15;;;;;;;;
Bezirk Wandsbek;Wahlkreis 12 - Bramfeld - Farmsen-Berne - Steilshoop;Bramfeld;5159903;BRIEFWAHLBEZIRK;;;N;0;0;0;0;692;692;0;692;13;679;3333;1176;449;161;109;136;177;61;49;34;;;1124;899;56;49;8;18;58;14;22;;;120;49;17;11;1;22;11;4;5;;;395;279;116;;;;;;;;;319;273;46;;;;;;;;;111;111;;;;71;71;;;17;17;;;;;;;;
Bezirk Wandsbek;Wahlkreis 12 - Bramfeld - Farmsen-Berne - Steilshoop;Bramfeld;5159904;BRIEFWAHLBEZIRK;;;N;0;0;0;0;604;604;0;604;10;594;2951;1099;400;125;90;117;171;66;76;54;;;1188;940;85;39;12;24;48;21;19;;;62;28;3;12;1;10;6;1;1;;;258;174;84;;;;;;;;;169;152;17;;;;;;;;;102;102;;;;50;50;;;23;23;;;;;;;;
Bezirk Wandsbek;Wahlkreis 12 - Bramfeld - Farmsen-Berne - Steilshoop;Bramfeld;5159905;BRIEFWAHLBEZIRK;;;N;0;0;0;0;646;646;0;644;11;633;3142;1132;471;169;84;101;140;67;64;36;;;1113;811;102;44;13;24;63;39;17;;;67;15;10;5;6;6;4;12;9;;;332;191;141;;;;;;;;;254;200;54;;;;;;;;;132;132;;;;65;65;;;47;47;;;;;;;;
Bezirk Wandsbek;Wahlkreis 12 - Bramfeld - Farmsen-Berne - Steilshoop;Bramfeld;5159906;BRIEFWAHLBEZIRK;;;N;0;0;0;0;655;655;0;655;16;639;3186;1170;446;175;76;138;162;71;53;49;;;1276;1002;71;50;11;37;60;23;22;;;74;20;5;3;3;16;6;13;8;;;279;160;119;;;;;;;;;187;153;34;;;;;;;;;87;87;;;;85;85;;;28;28;;;;;;;;
Bezirk Wandsbek;Wahlkreis 12 - Bramfeld - Farmsen-Berne - Steilshoop;Bramfeld;5159907;BRIEFWAHLBEZIRK;;;N;0;0;0;0;647;647;0;645;4;641;3174;1040;353;155;96;123;122;91;67;33;;;1085;750;88;79;26;35;62;27;18;;;145;66;10;7;9;21;15;13;4;;;357;233;124;;;;;;;;;263;225;38;;;;;;;;;144;144;;;;110;110;;;30;30;;;;;;;;
Bezirk Wandsbek;Wahlkreis 12 - Bramfeld - Farmsen-Berne - Steilshoop;Bramfeld;5159908;BRIEFWAHLBEZIRK;;;N;0;0;0;0;704;704;0;694;14;680;3362;1333;462;174;151;152;162;109;70;53;;;1223;866;92;73;7;27;102;22;34;;;80;18;29;4;1;12;8;3;5;;;277;167;110;;;;;;;;;237;190;47;;;;;;;;;115;115;;;;79;79;;;18;18;;;;;;;;
Bezirk Wandsbek;Wahlkreis 12 - Bramfeld - Farmsen-Berne - Steilshoop;Bramfeld;5159909;BRIEFWAHLBEZIRK;;;N;0;0;0;0;630;630;0;630;13;617;3060;1090;385;177;100;126;125;76;69;32;;;1075;747;64;93;16;19;76;26;34;;;91;39;4;11;4;15;8;4;6;;;293;152;141;;;;;;;;;245;192;53;;;;;;;;;146;146;;;;82;82;;;38;38;;;;;;;;
Bezirk Wandsbek;Wahlkreis 12 - Bramfeld - Farmsen-Berne - Steilshoop;Bramfeld;5159910;BRIEFWAHLBEZIRK;;;N;0;0;0;0;655;655;0;655;12;643;3195;1120;453;173;115;92;122;84;56;25;;;1117;736;101;75;22;33;99;24;27;;;88;41;6;3;4;19;4;6;5;;;355;210;145;;;;;;;;;336;276;60;;;;;;;;;110;110;;;;49;49;;;20;20;;;;;;;;
Bezirk Wandsbek;Wahlkreis 12 - Bramfeld - Farmsen-Berne - Steilshoop;Bramfeld;5159911;BRIEFWAHLBEZIRK;;;N;0;0;0;0;591;591;0;591;10;581;2883;1043;397;133;115;91;116;77;66;48;;;1066;769;90;52;16;33;69;19;18;;;90;32;13;4;6;18;5;9;3;;;272;168;104;;;;;;;;;199;150;49;;;;;;;;;110;110;;;;90;90;;;13;13;;;;;;;;
Bezirk Wandsbek;Wahlkreis 12 - Bramfeld - Farmsen-Berne - Steilshoop;Bramfeld;5159912;BRIEFWAHLBEZIRK;;;N;0;0;0;0;627;627;0;624;2;622;2987;1048;396;190;107;64;121;54;77;39;;;947;577;90;79;23;39;88;22;29;;;118;24;12;9;2;29;12;24;6;;;321;198;123;;;;;;;;;271;220;51;;;;;;;;;145;145;;;;129;129;;;8;8;;;;;;;;
Bezirk Wandsbek;Wahlkreis 12 - Bramfeld - Farmsen-Berne - Steilshoop;Bramfeld;5159913;BRIEFWAHLBEZIRK;;;N;0;0;0;0;643;643;0;643;22;621;3094;1016;393;153;83;103;132;85;42;25;;;1078;750;98;52;32;30;80;19;17;;;83;39;2;7;1;13;9;6;6;;;308;178;130;;;;;;;;;310;272;38;;;;;;;;;172;172;;;;109;109;;;18;18;;;;;;;;
Bezirk Wandsbek;Wahlkreis 12 - Bramfeld - Farmsen-Berne - Steilshoop;Bramfeld;5159914;BRIEFWAHLBEZIRK;;;N;0;0;0;0;650;650;0;649;9;640;3186;956;314;212;82;98;108;60;42;40;;;1102;714;119;80;21;38;68;39;23;;;106;43;12;20;4;11;4;7;5;;;320;194;126;;;;;;;;;415;335;80;;;;;;;;;151;151;;;;98;98;;;38;38;;;;;;;;
Bezirk Wandsbek;Wahlkreis 12 - Bramfeld - Farmsen-Berne - Steilshoop;Bramfeld;5159915;BRIEFWAHLBEZIRK;;;N;0;0;0;0;619;619;0;618;20;598;2967;964;323;165;104;81;116;65;73;37;;;983;712;63;60;21;28;65;19;15;;;73;28;5;1;2;18;10;4;5;;;356;205;151;;;;;;;;;314;259;55;;;;;;;;;141;141;;;;110;110;;;26;26;;;;;;;;
Bezirk Wandsbek;Wahlkreis 12 - Bramfeld - Farmsen-Berne - Steilshoop;Bramfeld;5159916;BRIEFWAHLBEZIRK;;;N;0;0;0;0;689;689;0;689;13;676;3346;1046;330;157;132;106;136;84;50;51;;;1125;718;89;76;24;55;104;31;28;;;130;34;14;12;5;16;9;18;22;;;387;214;173;;;;;;;;;400;310;90;;;;;;;;;128;128;;;;99;99;;;31;31;;;;;;;;
Bezirk Wandsbek;Wahlkreis 12 - Bramfeld - Farmsen-Berne - Steilshoop;Bramfeld;5159917;BRIEFWAHLBEZIRK;;;N;0;0;0;0;657;657;0;657;10;647;3234;1014;351;174;97;80;145;79;51;37;;;1057;700;85;61;19;51;89;20;32;;;135;42;9;21;8;22;10;12;11;;;368;220;148;;;;;;;;;370;290;80;;;;;;;;;133;133;;;;123;123;;;34;34;;;;;;;;
Bezirk Wandsbek;Wahlkreis 12 - Bramfeld - Farmsen-Berne - Steilshoop;Steilshoop;51601;STIMMBEZIRK;;;N;1080;679;401;0;358;0;358;358;18;340;1679;558;183;54;172;23;34;31;54;7;;;583;491;38;5;9;36;3;0;1;;;27;4;5;0;1;6;5;6;0;;;114;77;37;;;;;;;;;250;210;40;;;;;;;;;41;41;;;;75;75;;;31;31;;;;;;;;
Bezirk Wandsbek;Wahlkreis 12 - Bramfeld - Farmsen-Berne - Steilshoop;Steilshoop;51602;STIMMBEZIRK;;;N;1124;770;354;0;398;1;397;398;8;390;1936;603;144;75;204;22;39;37;69;13;;;590;511;16;9;9;24;17;2;2;;;29;11;1;1;2;7;2;0;5;;;277;176;101;;;;;;;;;334;263;71;;;;;;;;;29;29;;;;60;60;;;14;14;;;;;;;;
Bezirk Wandsbek;Wahlkreis 12 - Bramfeld - Farmsen-Berne - Steilshoop;Steilshoop;51603;STIMMBEZIRK;;;N;1035;815;220;0;378;7;371;377;24;353;1717;604;188;73;133;29;58;56;55;12;;;497;308;43;30;16;51;26;8;15;;;72;26;8;7;7;7;6;3;8;;;186;119;67;;;;;;;;;217;180;37;;;;;;;;;35;35;;;;85;85;;;21;21;;;;;;;;
Bezirk Wandsbek;Wahlkreis 12 - Bramfeld - Farmsen-Berne - Steilshoop;Steilshoop;51605;STIMMBEZIRK;;;N;1040;857;183;0;330;2;328;329;12;317;1556;608;169;28;240;28;21;25;86;11;;;434;279;24;9;22;68;24;1;7;;;29;12;0;0;0;5;4;7;1;;;118;76;42;;;;;;;;;205;144;61;;;;;;;;;30;30;;;;64;64;;;68;68;;;;;;;;
Bezirk Wandsbek;Wahlkreis 12 - Bramfeld - Farmsen-Berne - Steilshoop;Steilshoop;51607;STIMMBEZIRK;;;N;1115;874;241;0;326;1;325;326;13;313;1555;749;182;42;285;33;37;62;96;12;;;352;187;33;16;7;78;9;11;11;;;29;14;1;1;7;1;0;5;0;;;78;51;27;;;;;;;;;236;185;51;;;;;;;;;34;34;;;;56;56;;;21;21;;;;;;;;
Bezirk Wandsbek;Wahlkreis 12 - Bramfeld - Farmsen-Berne - Steilshoop;Steilshoop;51609;STIMMBEZIRK;;;N;1352;1103;249;0;337;1;336;336;17;319;1573;664;183;23;305;22;34;17;75;5;;;291;180;17;7;14;39;15;16;3;;;30;4;4;3;5;5;6;1;2;;;80;42;38;;;;;;;;;214;165;49;;;;;;;;;40;40;;;;109;109;;;145;145;;;;;;;;
Bezirk Wandsbek;Wahlkreis 12 - Bramfeld - Farmsen-Berne - Steilshoop;Steilshoop;51611;STIMMBEZIRK;;;N;1538;1314;224;0;395;2;393;395;27;368;1764;804;229;46;355;32;37;33;60;12;;;418;262;24;23;15;52;27;8;7;;;35;15;0;5;5;0;10;0;0;;;54;35;19;;;;;;;;;238;195;43;;;;;;;;;37;37;;;;75;75;;;103;103;;;;;;;;
Bezirk Wandsbek;Wahlkreis 12 - Bramfeld - Farmsen-Berne - Steilshoop;Steilshoop;51612;STIMMBEZIRK;;;N;1299;978;321;0;346;2;344;346;22;324;1591;561;104;52;246;23;24;37;59;16;;;419;281;9;21;13;68;18;7;2;;;48;21;4;4;2;6;2;7;2;;;108;70;38;;;;;;;;;303;208;95;;;;;;;;;55;55;;;;37;37;;;60;60;;;;;;;;
Bezirk Wandsbek;Wahlkreis 12 - Bramfeld - Farmsen-Berne - Steilshoop;Steilshoop;51613;STIMMBEZIRK;;;N;701;552;149;0;200;1;199;200;7;193;944;424;106;36;156;12;11;19;76;8;;;221;137;7;9;3;48;6;7;4;;;12;7;3;0;0;0;2;0;0;;;43;36;7;;;;;;;;;116;91;25;;;;;;;;;3;3;;;;28;28;;;97;97;;;;;;;;
Bezirk Wandsbek;Wahlkreis 12 - Bramfeld - Farmsen-Berne - Steilshoop;Steilshoop;51614;STIMMBEZIRK;;;N;1239;906;333;0;341;3;338;341;20;321;1577;581;134;38;230;27;47;25;70;10;;;529;402;8;26;5;73;12;1;2;;;44;10;4;3;2;16;3;1;5;;;103;69;34;;;;;;;;;203;159;44;;;;;;;;;38;38;;;;40;40;;;39;39;;;;;;;;
Bezirk Wandsbek;Wahlkreis 12 - Bramfeld - Farmsen-Berne - Steilshoop;Steilshoop;5169901;BRIEFWAHLBEZIRK;;;N;0;0;0;0;488;488;0;488;10;478;2358;926;259;73;246;46;51;64;156;31;;;916;716;42;31;7;67;34;11;8;;;40;13;7;2;1;5;10;0;2;;;163;89;74;;;;;;;;;178;149;29;;;;;;;;;79;79;;;;35;35;;;21;21;;;;;;;;
Bezirk Wandsbek;Wahlkreis 12 - Bramfeld - Farmsen-Berne - Steilshoop;Steilshoop;5169902;BRIEFWAHLBEZIRK;;;N;0;0;0;0;664;664;0;654;14;640;3181;1406;406;129;367;86;90;85;210;33;;;975;771;34;30;0;91;30;9;10;;;48;27;0;2;2;6;1;4;6;;;186;93;93;;;;;;;;;292;244;48;;;;;;;;;117;117;;;;111;111;;;46;46;;;;;;;;
Bezirk Wandsbek;Wahlkreis 12 - Bramfeld - Farmsen-Berne - Steilshoop;Steilshoop;5169903;BRIEFWAHLBEZIRK;;;N;0;0;0;0;604;604;0;601;8;593;2938;1136;297;124;333;45;96;53;157;31;;;879;699;19;31;5;72;30;12;11;;;50;22;6;6;4;7;3;1;1;;;272;173;99;;;;;;;;;350;278;72;;;;;;;;;103;103;;;;90;90;;;58;58;;;;;;;;
Bezirk Wandsbek;Wahlkreis 12 - Bramfeld - Farmsen-Berne - Steilshoop;Steilshoop;5169904;BRIEFWAHLBEZIRK;;;N;0;0;0;0;700;700;0;691;11;680;3357;1329;321;182;346;90;88;69;190;43;;;926;652;39;53;32;61;33;37;19;;;74;20;10;5;4;11;10;13;1;;;290;198;92;;;;;;;;;411;329;82;;;;;;;;;128;128;;;;81;81;;;118;118;;;;;;;;
Bezirk Wandsbek;Wahlkreis 13 - Alstertal - Walddörfer;Wellingsbüttel;51701;STIMMBEZIRK;;;N;1300;781;519;0;526;7;519;525;5;520;2599;605;277;182;58;34;16;3;22;11;2;;1157;948;33;13;17;76;9;12;1;20;28;169;45;18;15;21;70;;;;;;72;29;1;10;1;18;5;0;5;0;3;411;245;73;20;73;;;;;;;90;71;11;8;;95;95;;;;;;;;;;;;
Bezirk Wandsbek;Wahlkreis 13 - Alstertal - Walddörfer;Wellingsbüttel;51702;STIMMBEZIRK;;;N;1059;703;356;0;465;3;462;465;14;451;2236;551;258;168;51;17;25;2;10;12;8;;1083;859;52;28;16;45;3;22;3;3;52;137;79;24;6;2;26;;;;;;63;28;4;16;3;3;5;2;0;1;1;293;195;44;17;37;;;;;;;61;52;6;3;;48;48;;;;;;;;;;;;
Bezirk Wandsbek;Wahlkreis 13 - Alstertal - Walddörfer;Wellingsbüttel;51703;STIMMBEZIRK;;;N;1108;698;410;0;511;4;507;511;5;506;2518;822;446;179;75;57;25;6;23;2;9;;961;739;45;24;22;31;5;14;2;18;61;155;51;18;10;11;65;;;;;;75;36;1;7;0;4;6;2;1;4;14;365;214;55;34;62;;;;;;;35;33;1;1;;105;105;;;;;;;;;;;;
Bezirk Wandsbek;Wahlkreis 13 - Alstertal - Walddörfer;Wellingsbüttel;51704;STIMMBEZIRK;;;N;932;515;417;0;397;6;391;397;4;393;1952;543;269;163;40;40;4;1;15;9;2;;931;709;18;26;24;75;4;13;1;15;46;73;20;14;5;6;28;;;;;;34;27;3;1;0;0;1;0;0;1;1;287;166;58;25;38;;;;;;;26;18;5;3;;58;58;;;;;;;;;;;;
Bezirk Wandsbek;Wahlkreis 13 - Alstertal - Walddörfer;Wellingsbüttel;51705;STIMMBEZIRK;;;N;1014;572;442;0;463;7;456;463;3;460;2280;648;297;177;85;40;10;4;23;6;6;;996;767;31;11;19;80;19;2;0;18;49;78;54;1;7;6;10;;;;;;39;23;8;6;0;1;0;0;1;0;0;410;249;56;24;81;;;;;;;39;28;4;7;;70;70;;;;;;;;;;;;
Bezirk Wandsbek;Wahlkreis 13 - Alstertal - Walddörfer;Wellingsbüttel;51707;STIMMBEZIRK;;;N;1158;662;496;0;498;11;487;498;7;491;2385;614;291;153;53;45;19;13;19;12;9;;750;612;13;15;17;32;12;16;1;10;22;157;72;20;17;10;38;;;;;;84;34;10;17;1;0;3;0;3;8;8;558;346;97;45;70;;;;;;;98;64;12;22;;124;124;;;;;;;;;;;;
Bezirk Wandsbek;Wahlkreis 13 - Alstertal - Walddörfer;Wellingsbüttel;51708;STIMMBEZIRK;;;N;1122;646;476;0;514;10;504;514;6;508;2527;839;372;292;66;37;10;4;29;21;8;;930;719;35;19;27;82;3;6;2;2;35;112;39;7;12;12;42;;;;;;68;55;2;4;1;2;1;0;2;0;1;434;265;80;36;53;;;;;;;69;58;7;4;;75;75;;;;;;;;;;;;
Bezirk Wandsbek;Wahlkreis 13 - Alstertal - Walddörfer;Wellingsbüttel;51709;STIMMBEZIRK;;;N;712;411;301;0;296;3;293;296;5;291;1446;404;235;75;23;31;8;2;20;7;3;;600;484;16;9;7;29;9;10;1;12;23;73;28;9;8;5;23;;;;;;45;22;3;9;2;6;1;0;0;0;2;243;167;26;20;30;;;;;;;35;30;4;1;;46;46;;;;;;;;;;;;
Bezirk Wandsbek;Wahlkreis 13 - Alstertal - Walddörfer;Wellingsbüttel;5179901;BRIEFWAHLBEZIRK;;;N;0;0;0;0;575;575;0;574;3;571;2833;725;369;163;71;64;17;1;26;5;9;;1388;1040;65;40;30;76;13;14;2;33;75;118;37;29;20;6;26;;;;;;110;26;3;31;4;5;13;6;6;4;12;345;198;53;29;65;;;;;;;85;64;11;10;;62;62;;;;;;;;;;;;
Bezirk Wandsbek;Wahlkreis 13 - Alstertal - Walddörfer;Wellingsbüttel;5179902;BRIEFWAHLBEZIRK;;;N;0;0;0;0;742;742;0;740;2;738;3662;993;482;257;90;72;16;8;46;19;3;;1761;1320;73;27;47;112;17;13;7;19;126;161;58;44;6;6;47;;;;;;186;77;15;17;3;7;7;2;26;3;29;404;239;73;34;58;;;;;;;104;78;13;13;;53;53;;;;;;;;;;;;
Bezirk Wandsbek;Wahlkreis 13 - Alstertal - Walddörfer;Wellingsbüttel;5179903;BRIEFWAHLBEZIRK;;;N;0;0;0;0;638;638;0;636;3;633;3163;855;396;214;80;71;19;2;48;16;9;;1470;1132;58;24;48;78;13;30;16;19;52;107;33;15;10;6;43;;;;;;159;65;2;25;4;8;21;5;14;3;12;384;188;100;34;62;;;;;;;95;79;9;7;;93;93;;;;;;;;;;;;
Bezirk Wandsbek;Wahlkreis 13 - Alstertal - Walddörfer;Wellingsbüttel;5179904;BRIEFWAHLBEZIRK;;;N;0;0;0;0;644;644;0;637;0;637;3182;830;381;210;78;48;10;12;45;41;5;;1388;1032;56;16;31;95;8;30;10;39;71;125;26;29;16;6;48;;;;;;112;47;4;22;5;6;3;2;13;0;10;501;286;105;38;72;;;;;;;115;92;7;16;;111;111;;;;;;;;;;;;
Bezirk Wandsbek;Wahlkreis 13 - Alstertal - Walddörfer;Wellingsbüttel;5179905;BRIEFWAHLBEZIRK;;;N;0;0;0;0;615;615;0;615;1;614;3061;681;383;119;68;36;18;2;37;17;1;;1361;986;38;42;54;104;16;24;5;14;78;90;21;22;11;6;30;;;;;;232;104;13;46;4;16;19;4;6;2;18;464;288;91;22;63;;;;;;;146;118;13;15;;87;87;;;;;;;;;;;;
Bezirk Wandsbek;Wahlkreis 13 - Alstertal - Walddörfer;Sasel;51801;STIMMBEZIRK;;;N;1152;686;466;0;475;3;472;475;10;465;2303;1000;468;185;126;70;87;7;36;8;13;;539;411;25;17;30;13;13;14;1;13;2;163;81;39;28;6;9;;;;;;22;9;0;7;1;0;0;0;5;0;0;390;259;79;10;42;;;;;;;30;26;2;2;;159;159;;;;;;;;;;;;
Bezirk Wandsbek;Wahlkreis 13 - Alstertal - Walddörfer;Sasel;51802;STIMMBEZIRK;;;N;1168;765;403;0;530;5;525;530;7;523;2605;763;341;142;48;52;130;8;26;10;6;;867;699;61;20;16;25;14;9;1;9;13;228;124;44;21;15;24;;;;;;51;21;3;7;3;1;7;1;2;0;6;452;319;51;43;39;;;;;;;71;45;18;8;;173;173;;;;;;;;;;;;
Bezirk Wandsbek;Wahlkreis 13 - Alstertal - Walddörfer;Sasel;51803;STIMMBEZIRK;;;N;1120;629;491;0;477;6;471;477;9;468;2301;740;432;115;56;27;64;3;29;10;4;;889;664;104;33;14;23;11;12;3;14;11;127;58;27;19;12;11;;;;;;49;17;1;18;1;9;2;0;1;0;0;375;279;43;23;30;;;;;;;31;25;5;1;;90;90;;;;;;;;;;;;
Bezirk Wandsbek;Wahlkreis 13 - Alstertal - Walddörfer;Sasel;51804;STIMMBEZIRK;;;N;1058;663;395;0;500;8;492;500;7;493;2443;758;401;109;72;53;81;6;17;16;3;;920;745;39;14;31;18;28;13;3;15;14;138;63;50;7;8;10;;;;;;78;46;4;12;0;1;13;0;0;0;2;400;280;71;13;36;;;;;;;40;24;9;7;;109;109;;;;;;;;;;;;
Bezirk Wandsbek;Wahlkreis 13 - Alstertal - Walddörfer;Sasel;51805;STIMMBEZIRK;;;N;1047;606;441;0;481;2;479;481;1;480;2387;738;444;88;62;21;58;8;20;36;1;;893;653;141;13;12;11;20;17;8;6;12;211;103;41;12;25;30;;;;;;78;43;3;6;0;2;9;10;2;0;3;352;233;56;33;30;;;;;;;44;29;5;10;;71;71;;;;;;;;;;;;
Bezirk Wandsbek;Wahlkreis 13 - Alstertal - Walddörfer;Sasel;51806;STIMMBEZIRK;;;N;1153;693;460;0;549;9;540;549;7;542;2707;982;546;165;45;80;84;8;24;27;3;;943;735;55;17;27;20;18;18;2;33;18;171;105;33;16;5;12;;;;;;77;42;4;9;3;3;6;0;0;0;10;357;240;48;24;45;;;;;;;88;58;6;24;;89;89;;;;;;;;;;;;
Bezirk Wandsbek;Wahlkreis 13 - Alstertal - Walddörfer;Sasel;51807;STIMMBEZIRK;;;N;858;568;290;0;478;2;476;478;7;471;2333;867;480;150;54;69;68;10;20;7;9;;714;565;38;25;18;11;11;14;3;21;8;129;68;26;18;3;14;;;;;;64;37;1;7;1;5;12;1;0;0;0;408;262;67;28;51;;;;;;;48;35;9;4;;103;103;;;;;;;;;;;;
Bezirk Wandsbek;Wahlkreis 13 - Alstertal - Walddörfer;Sasel;51808;STIMMBEZIRK;;;N;920;568;352;0;449;4;445;449;4;445;2211;838;378;142;42;52;185;4;20;13;2;;565;460;27;17;6;14;3;3;0;26;9;178;69;41;13;25;30;;;;;;53;32;1;3;4;2;7;0;3;0;1;427;301;59;22;45;;;;;;;46;32;3;11;;104;104;;;;;;;;;;;;
Bezirk Wandsbek;Wahlkreis 13 - Alstertal - Walddörfer;Sasel;51809;STIMMBEZIRK;;;N;1237;810;427;0;468;6;462;468;12;456;2280;851;491;152;39;61;54;6;14;19;15;;662;523;26;8;37;28;5;7;3;21;4;248;116;54;37;21;20;;;;;;40;18;3;2;1;1;8;0;0;4;3;287;208;46;9;24;;;;;;;37;26;7;4;;155;155;;;;;;;;;;;;
Bezirk Wandsbek;Wahlkreis 13 - Alstertal - Walddörfer;Sasel;51810;STIMMBEZIRK;;;N;1231;723;508;0;503;5;498;498;5;493;2455;826;464;130;67;58;55;5;27;11;9;;774;645;47;20;22;9;4;12;1;12;2;178;74;40;20;14;30;;;;;;38;8;2;6;1;1;11;1;1;0;7;444;277;103;22;42;;;;;;;71;26;30;15;;124;124;;;;;;;;;;;;
Bezirk Wandsbek;Wahlkreis 13 - Alstertal - Walddörfer;Sasel;51811;STIMMBEZIRK;;;N;1047;579;468;0;400;2;398;400;2;398;1966;632;332;83;68;60;39;8;19;19;4;;662;529;34;17;15;11;4;18;0;26;8;103;53;17;14;11;8;;;;;;70;29;2;22;2;2;10;0;0;3;0;356;221;52;32;51;;;;;;;56;43;6;7;;87;87;;;;;;;;;;;;
Bezirk Wandsbek;Wahlkreis 13 - Alstertal - Walddörfer;Sasel;51812;STIMMBEZIRK;;;N;1210;703;507;0;542;8;534;541;6;535;2668;807;415;122;73;71;82;8;19;12;5;;992;855;40;14;28;11;12;4;2;17;9;167;85;50;11;13;8;;;;;;48;23;4;11;1;1;4;1;2;1;0;530;345;103;28;54;;;;;;;43;22;16;5;;81;81;;;;;;;;;;;;
Bezirk Wandsbek;Wahlkreis 13 - Alstertal - Walddörfer;Sasel;51815;STIMMBEZIRK;;;N;1016;676;340;0;476;10;466;476;2;474;2364;709;388;114;50;52;80;3;12;7;3;;801;583;66;22;31;20;9;18;3;30;19;194;109;37;14;10;24;;;;;;50;37;2;1;0;0;3;0;0;4;3;429;289;74;23;43;;;;;;;55;28;11;16;;126;126;;;;;;;;;;;;
Bezirk Wandsbek;Wahlkreis 13 - Alstertal - Walddörfer;Sasel;51817;STIMMBEZIRK;;;N;1099;647;452;0;466;2;464;466;5;461;2288;706;403;90;42;47;77;3;24;15;5;;947;769;88;20;14;14;9;9;1;15;8;155;72;33;25;17;8;;;;;;73;32;3;5;1;0;10;6;2;14;0;298;203;47;25;23;;;;;;;43;29;9;5;;66;66;;;;;;;;;;;;
Bezirk Wandsbek;Wahlkreis 13 - Alstertal - Walddörfer;Sasel;51818;STIMMBEZIRK;;;N;1151;700;451;0;529;8;521;529;3;526;2609;887;529;126;47;69;71;10;18;11;6;;864;654;137;17;13;24;6;13;0;0;0;117;34;37;9;8;29;;;;;;62;40;8;1;7;0;0;2;1;1;2;527;384;81;24;38;;;;;;;63;42;7;14;;89;89;;;;;;;;;;;;
Bezirk Wandsbek;Wahlkreis 13 - Alstertal - Walddörfer;Sasel;51820;STIMMBEZIRK;;;N;1013;661;352;0;547;2;545;547;3;544;2702;888;493;122;58;70;92;5;29;8;11;;977;853;45;7;18;10;7;2;0;25;10;128;43;34;20;7;24;;;;;;37;24;0;5;0;0;7;0;0;0;1;520;367;71;30;52;;;;;;;62;45;10;7;;90;90;;;;;;;;;;;;
Bezirk Wandsbek;Wahlkreis 13 - Alstertal - Walddörfer;Sasel;51821;STIMMBEZIRK;;;N;1082;663;419;0;497;2;495;497;5;492;2457;752;385;118;40;73;84;10;17;23;2;;958;756;59;22;23;32;11;13;7;20;15;178;82;45;15;17;19;;;;;;40;19;4;6;2;1;6;2;0;0;0;385;280;47;28;30;;;;;;;50;29;14;7;;94;94;;;;;;;;;;;;
Bezirk Wandsbek;Wahlkreis 13 - Alstertal - Walddörfer;Sasel;5189901;BRIEFWAHLBEZIRK;;;N;0;0;0;0;557;557;0;557;4;553;2753;1015;592;144;67;65;78;6;39;20;4;;1062;859;65;27;42;16;6;21;3;11;12;93;23;36;14;6;14;;;;;;61;25;2;9;1;3;10;0;3;3;5;364;237;68;18;41;;;;;;;73;53;6;14;;85;85;;;;;;;;;;;;
Bezirk Wandsbek;Wahlkreis 13 - Alstertal - Walddörfer;Sasel;5189902;BRIEFWAHLBEZIRK;;;N;0;0;0;0;571;571;0;570;1;569;2825;979;601;99;120;48;59;6;19;18;9;;1095;882;72;27;27;19;24;13;4;16;11;124;45;19;21;20;19;;;;;;36;18;0;3;0;2;8;2;1;0;2;430;293;57;36;44;;;;;;;82;55;15;12;;79;79;;;;;;;;;;;;
Bezirk Wandsbek;Wahlkreis 13 - Alstertal - Walddörfer;Sasel;5189903;BRIEFWAHLBEZIRK;;;N;0;0;0;0;590;590;0;587;3;584;2919;935;553;102;105;49;65;2;34;21;4;;1153;928;85;35;29;16;7;17;3;13;20;129;42;40;11;17;19;;;;;;102;60;2;9;1;2;23;1;0;0;4;415;255;74;29;57;;;;;;;83;63;8;12;;102;102;;;;;;;;;;;;
Bezirk Wandsbek;Wahlkreis 13 - Alstertal - Walddörfer;Sasel;5189904;BRIEFWAHLBEZIRK;;;N;0;0;0;0;586;586;0;584;2;582;2903;1080;660;113;89;60;109;9;26;7;7;;1125;872;83;16;45;24;17;19;6;15;28;69;28;16;14;8;3;;;;;;73;42;4;4;1;7;7;1;3;1;3;353;226;64;41;22;;;;;;;88;63;17;8;;115;115;;;;;;;;;;;;
Bezirk Wandsbek;Wahlkreis 13 - Alstertal - Walddörfer;Sasel;5189905;BRIEFWAHLBEZIRK;;;N;0;0;0;0;646;646;0;641;1;640;3193;1045;605;126;85;69;83;11;36;26;4;;1213;948;105;31;34;20;10;24;3;19;19;103;35;18;13;12;25;;;;;;88;49;2;7;0;5;13;1;4;3;4;506;343;73;37;53;;;;;;;118;92;13;13;;120;120;;;;;;;;;;;;
Bezirk Wandsbek;Wahlkreis 13 - Alstertal - Walddörfer;Sasel;5189906;BRIEFWAHLBEZIRK;;;N;0;0;0;0;599;599;0;594;2;592;2948;1025;595;125;98;51;80;11;31;29;5;;1182;912;84;52;20;26;12;23;6;34;13;118;39;35;18;11;15;;;;;;102;48;1;18;2;1;27;0;3;0;2;384;252;59;24;49;;;;;;;60;41;8;11;;77;77;;;;;;;;;;;;
Bezirk Wandsbek;Wahlkreis 13 - Alstertal - Walddörfer;Sasel;5189907;BRIEFWAHLBEZIRK;;;N;0;0;0;0;667;667;0;664;7;657;3268;1013;532;151;117;77;85;3;21;26;1;;1246;979;85;32;26;20;18;23;6;22;35;107;30;37;13;8;19;;;;;;165;80;5;19;2;8;14;7;10;12;8;486;323;82;25;56;;;;;;;129;78;33;18;;122;122;;;;;;;;;;;;
Bezirk Wandsbek;Wahlkreis 13 - Alstertal - Walddörfer;Sasel;5189908;BRIEFWAHLBEZIRK;;;N;0;0;0;0;632;632;0;632;5;627;3130;1032;535;133;58;94;93;5;62;45;7;;1217;910;95;47;32;40;19;22;10;21;21;125;45;30;16;21;13;;;;;;136;72;1;11;0;4;31;4;2;6;5;437;300;85;15;37;;;;;;;83;61;15;7;;100;100;;;;;;;;;;;;
Bezirk Wandsbek;Wahlkreis 13 - Alstertal - Walddörfer;Sasel;5189909;BRIEFWAHLBEZIRK;;;N;0;0;0;0;704;704;0;704;4;700;3483;1110;617;124;95;74;91;8;46;45;10;;1321;933;110;31;64;42;45;29;7;46;14;152;79;26;11;19;17;;;;;;115;42;7;18;9;7;10;0;0;2;20;526;318;114;37;57;;;;;;;133;90;23;20;;126;126;;;;;;;;;;;;
Bezirk Wandsbek;Wahlkreis 13 - Alstertal - Walddörfer;Sasel;5189910;BRIEFWAHLBEZIRK;;;N;0;0;0;0;656;656;0;654;3;651;3252;1103;621;169;79;52;86;18;45;23;10;;1193;928;96;32;27;21;23;14;7;20;25;97;40;26;17;7;7;;;;;;110;55;10;6;4;1;16;2;3;6;7;494;337;87;28;42;;;;;;;154;110;31;13;;101;101;;;;;;;;;;;;
Bezirk Wandsbek;Wahlkreis 13 - Alstertal - Walddörfer;Sasel;5189911;BRIEFWAHLBEZIRK;;;N;0;0;0;0;637;637;0;636;4;632;3146;906;442;126;76;91;74;5;57;22;13;;1221;900;89;37;35;28;30;26;4;37;35;121;44;32;20;11;14;;;;;;142;93;1;7;5;14;12;2;2;2;4;445;295;77;21;52;;;;;;;114;67;31;16;;197;197;;;;;;;;;;;;
Bezirk Wandsbek;Wahlkreis 13 - Alstertal - Walddörfer;Poppenbüttel;51901;STIMMBEZIRK;;;N;907;595;312;0;434;2;432;434;2;432;2131;803;369;121;215;58;16;3;5;10;6;;810;674;16;19;28;14;9;15;4;25;6;98;45;21;13;8;11;;;;;;30;15;1;1;2;2;4;0;0;0;5;254;132;57;10;55;;;;;;;68;41;12;15;;68;68;;;;;;;;;;;;
Bezirk Wandsbek;Wahlkreis 13 - Alstertal - Walddörfer;Poppenbüttel;51902;STIMMBEZIRK;;;N;1029;681;348;0;437;7;430;437;5;432;2143;607;284;74;151;50;12;5;11;6;14;;721;531;11;26;49;9;9;16;3;59;8;156;101;27;6;6;16;;;;;;59;28;9;4;2;8;4;0;3;0;1;436;258;62;19;97;;;;;;;38;30;4;4;;126;126;;;;;;;;;;;;
Bezirk Wandsbek;Wahlkreis 13 - Alstertal - Walddörfer;Poppenbüttel;51903;STIMMBEZIRK;;;N;1311;722;589;0;481;3;478;481;5;476;2348;801;421;106;136;64;20;9;16;24;5;;836;633;30;35;49;9;9;14;6;24;27;175;123;21;10;7;14;;;;;;41;20;0;4;0;4;5;0;0;0;8;349;222;59;24;44;;;;;;;30;29;1;0;;116;116;;;;;;;;;;;;
Bezirk Wandsbek;Wahlkreis 13 - Alstertal - Walddörfer;Poppenbüttel;51904;STIMMBEZIRK;;;N;1217;785;432;0;499;2;497;499;1;498;2457;805;405;164;107;62;18;11;17;15;6;;978;799;35;34;53;16;8;12;1;10;10;116;75;13;7;6;15;;;;;;69;46;1;13;2;4;1;0;1;0;1;320;217;51;13;39;;;;;;;45;32;9;4;;124;124;;;;;;;;;;;;
Bezirk Wandsbek;Wahlkreis 13 - Alstertal - Walddörfer;Poppenbüttel;51905;STIMMBEZIRK;;;N;982;686;296;0;390;3;387;390;5;385;1908;642;306;81;161;39;4;7;26;15;3;;587;499;7;20;27;1;9;7;0;14;3;187;111;34;21;13;8;;;;;;13;7;0;0;5;0;1;0;0;0;0;317;163;65;7;82;;;;;;;53;43;6;4;;109;109;;;;;;;;;;;;
Bezirk Wandsbek;Wahlkreis 13 - Alstertal - Walddörfer;Poppenbüttel;51906;STIMMBEZIRK;;;N;1163;688;475;0;503;7;496;496;5;491;2437;835;327;158;239;51;9;8;15;21;7;;865;749;34;7;38;6;4;5;8;11;3;206;119;26;18;15;28;;;;;;58;18;2;9;8;7;7;0;2;2;3;344;212;60;23;49;;;;;;;46;33;8;5;;83;83;;;;;;;;;;;;
Bezirk Wandsbek;Wahlkreis 13 - Alstertal - Walddörfer;Poppenbüttel;51907;STIMMBEZIRK;;;N;982;737;245;0;401;5;396;400;40;360;1792;761;311;117;179;75;10;12;21;20;16;;448;319;19;13;51;5;3;5;2;28;3;242;154;51;15;11;11;;;;;;39;7;1;12;1;0;15;0;0;2;1;222;115;45;17;45;;;;;;;34;29;3;2;;46;46;;;;;;;;;;;;
Bezirk Wandsbek;Wahlkreis 13 - Alstertal - Walddörfer;Poppenbüttel;51908;STIMMBEZIRK;;;N;922;621;301;0;415;1;414;414;4;410;2029;651;265;86;194;49;16;4;18;8;11;;652;563;22;15;13;10;1;3;7;15;3;223;171;28;7;10;7;;;;;;74;26;4;18;4;8;3;1;4;2;4;256;123;62;29;42;;;;;;;66;45;9;12;;107;107;;;;;;;;;;;;
Bezirk Wandsbek;Wahlkreis 13 - Alstertal - Walddörfer;Poppenbüttel;51909;STIMMBEZIRK;;;N;1093;706;387;0;539;6;533;539;1;538;2639;981;402;129;322;64;7;3;19;26;9;;890;722;23;12;49;11;2;15;4;46;6;159;104;20;20;7;8;;;;;;56;23;7;12;3;1;1;3;4;1;1;372;197;53;29;93;;;;;;;60;37;12;11;;121;121;;;;;;;;;;;;
Bezirk Wandsbek;Wahlkreis 13 - Alstertal - Walddörfer;Poppenbüttel;51910;STIMMBEZIRK;;;N;887;535;352;0;385;4;381;381;3;378;1863;703;294;72;256;49;11;2;5;11;3;;546;447;20;10;41;3;2;2;2;16;3;170;109;23;23;7;8;;;;;;52;28;0;12;0;0;10;0;0;0;2;287;151;53;25;58;;;;;;;22;16;1;5;;83;83;;;;;;;;;;;;
Bezirk Wandsbek;Wahlkreis 13 - Alstertal - Walddörfer;Poppenbüttel;51912;STIMMBEZIRK;;;N;899;588;311;0;393;6;387;393;3;390;1941;613;288;107;126;42;7;2;21;12;8;;651;542;7;13;29;6;13;4;0;31;6;187;139;17;9;14;8;;;;;;47;28;0;3;2;0;6;0;1;3;4;289;161;48;20;60;;;;;;;58;37;10;11;;96;96;;;;;;;;;;;;
Bezirk Wandsbek;Wahlkreis 13 - Alstertal - Walddörfer;Poppenbüttel;51914;STIMMBEZIRK;;;N;1110;647;463;0;467;5;462;467;7;460;2293;851;309;108;295;77;12;8;10;19;13;;714;619;26;14;24;1;4;5;1;15;5;141;92;24;6;8;11;;;;;;33;16;1;8;6;1;0;0;0;0;1;362;208;63;19;72;;;;;;;56;35;6;15;;136;136;;;;;;;;;;;;
Bezirk Wandsbek;Wahlkreis 13 - Alstertal - Walddörfer;Poppenbüttel;51915;STIMMBEZIRK;;;N;961;487;474;0;318;1;317;317;4;313;1548;487;213;98;127;17;10;2;8;3;9;;527;429;30;9;20;4;10;9;3;5;8;91;64;14;12;0;1;;;;;;64;36;2;9;4;1;6;0;2;2;2;305;159;61;13;72;;;;;;;38;30;6;2;;36;36;;;;;;;;;;;;
Bezirk Wandsbek;Wahlkreis 13 - Alstertal - Walddörfer;Poppenbüttel;51916;STIMMBEZIRK;;;N;1135;680;455;0;488;4;484;488;3;485;2404;870;397;107;230;87;11;12;12;14;0;;597;466;11;14;58;4;13;5;3;11;12;221;158;29;9;9;16;;;;;;46;27;0;5;0;0;0;0;8;5;1;441;261;76;28;76;;;;;;;59;34;7;18;;170;170;;;;;;;;;;;;
Bezirk Wandsbek;Wahlkreis 13 - Alstertal - Walddörfer;Poppenbüttel;51917;STIMMBEZIRK;;;N;885;568;317;0;367;1;366;367;3;364;1801;715;306;97;194;63;13;5;18;15;4;;524;391;18;13;56;10;13;3;0;15;5;186;97;41;17;18;13;;;;;;42;24;5;5;0;1;5;0;0;0;2;173;95;30;4;44;;;;;;;38;28;6;4;;123;123;;;;;;;;;;;;
Bezirk Wandsbek;Wahlkreis 13 - Alstertal - Walddörfer;Poppenbüttel;51918;STIMMBEZIRK;;;N;1176;728;448;0;448;1;447;444;8;436;2056;844;500;123;107;42;19;8;26;8;11;;725;610;22;18;48;8;7;3;1;7;1;132;67;23;13;10;19;;;;;;13;6;6;1;0;0;0;0;0;0;0;209;132;33;13;31;;;;;;;60;30;15;15;;73;73;;;;;;;;;;;;
Bezirk Wandsbek;Wahlkreis 13 - Alstertal - Walddörfer;Poppenbüttel;51920;STIMMBEZIRK;;;N;873;527;346;0;350;5;345;350;6;344;1697;563;272;81;101;61;8;14;8;16;2;;643;504;19;24;52;4;7;4;1;26;2;149;85;24;11;14;15;;;;;;48;19;1;2;5;0;6;0;5;1;9;179;73;36;32;38;;;;;;;43;22;4;17;;72;72;;;;;;;;;;;;
Bezirk Wandsbek;Wahlkreis 13 - Alstertal - Walddörfer;Poppenbüttel;51921;STIMMBEZIRK;;;N;890;665;225;0;280;2;278;280;12;268;1293;713;437;55;124;53;12;8;10;5;9;;428;342;15;9;30;11;4;3;4;3;7;14;7;4;1;1;1;;;;;;18;12;0;5;1;0;0;0;0;0;0;87;42;14;13;18;;;;;;;14;8;0;6;;19;19;;;;;;;;;;;;
Bezirk Wandsbek;Wahlkreis 13 - Alstertal - Walddörfer;Poppenbüttel;5199901;BRIEFWAHLBEZIRK;;;N;0;0;0;0;524;524;0;524;2;522;2599;1029;535;120;241;59;28;8;25;5;8;;1111;839;48;31;88;25;13;12;7;44;4;62;43;15;2;1;1;;;;;;45;15;1;10;0;4;10;1;2;1;1;256;142;39;21;54;;;;;;;43;20;21;2;;53;53;;;;;;;;;;;;
Bezirk Wandsbek;Wahlkreis 13 - Alstertal - Walddörfer;Poppenbüttel;5199902;BRIEFWAHLBEZIRK;;;N;0;0;0;0;525;525;0;525;5;520;2593;977;484;103;245;81;29;1;17;8;9;;1089;847;32;47;74;14;12;23;3;31;6;103;53;26;9;7;8;;;;;;103;60;13;12;3;4;2;2;3;3;1;218;96;35;13;74;;;;;;;61;40;11;10;;42;42;;;;;;;;;;;;
Bezirk Wandsbek;Wahlkreis 13 - Alstertal - Walddörfer;Poppenbüttel;5199903;BRIEFWAHLBEZIRK;;;N;0;0;0;0;616;616;0;615;4;611;3039;1155;561;142;299;75;16;3;37;12;10;;1153;892;43;49;73;19;8;13;6;44;6;181;93;34;25;13;16;;;;;;83;31;6;17;3;0;8;3;4;9;2;346;151;68;30;97;;;;;;;60;33;13;14;;61;61;;;;;;;;;;;;
Bezirk Wandsbek;Wahlkreis 13 - Alstertal - Walddörfer;Poppenbüttel;5199904;BRIEFWAHLBEZIRK;;;N;0;0;0;0;637;637;0;637;2;635;3167;1099;520;134;253;105;15;13;25;21;13;;1147;893;35;34;80;22;13;18;6;28;18;175;96;29;18;11;21;;;;;;125;61;2;30;6;6;2;0;4;11;3;448;188;113;45;102;;;;;;;68;46;14;8;;105;105;;;;;;;;;;;;
Bezirk Wandsbek;Wahlkreis 13 - Alstertal - Walddörfer;Poppenbüttel;5199905;BRIEFWAHLBEZIRK;;;N;0;0;0;0;597;597;0;597;6;591;2944;1040;467;179;223;82;18;8;30;18;15;;1183;915;26;38;92;27;11;24;7;30;13;129;82;22;12;6;7;;;;;;62;30;6;13;3;0;3;0;0;5;2;366;184;74;22;86;;;;;;;81;55;14;12;;83;83;;;;;;;;;;;;
Bezirk Wandsbek;Wahlkreis 13 - Alstertal - Walddörfer;Poppenbüttel;5199906;BRIEFWAHLBEZIRK;;;N;0;0;0;0;599;599;0;599;2;597;2947;1015;438;147;233;93;21;18;34;20;11;;1128;869;40;28;86;17;11;16;8;32;21;179;115;31;15;7;11;;;;;;98;41;0;12;9;2;14;3;8;6;3;312;155;57;30;70;;;;;;;90;51;23;16;;125;125;;;;;;;;;;;;
Bezirk Wandsbek;Wahlkreis 13 - Alstertal - Walddörfer;Poppenbüttel;5199907;BRIEFWAHLBEZIRK;;;N;0;0;0;0;531;531;0;531;4;527;2635;918;395;96;229;90;20;8;41;28;11;;1003;773;14;28;93;18;6;19;9;28;15;109;73;15;11;4;6;;;;;;99;37;16;14;4;5;14;1;3;0;5;314;183;58;16;57;;;;;;;77;45;18;14;;115;115;;;;;;;;;;;;
Bezirk Wandsbek;Wahlkreis 13 - Alstertal - Walddörfer;Poppenbüttel;5199908;BRIEFWAHLBEZIRK;;;N;0;0;0;0;489;489;0;488;2;486;2426;819;437;103;149;67;5;13;28;12;5;;927;713;14;32;69;15;9;17;8;38;12;137;67;35;8;14;13;;;;;;128;53;10;21;1;6;12;6;8;0;11;286;152;61;17;56;;;;;;;76;59;8;9;;53;53;;;;;;;;;;;;
Bezirk Wandsbek;Wahlkreis 13 - Alstertal - Walddörfer;Poppenbüttel;5199909;BRIEFWAHLBEZIRK;;;N;0;0;0;0;492;492;0;482;0;482;2385;778;308;106;205;81;15;7;30;18;8;;992;729;37;29;105;17;9;13;1;44;8;125;75;16;13;4;17;;;;;;127;38;8;13;5;18;18;4;7;4;12;216;103;46;23;44;;;;;;;75;51;13;11;;72;72;;;;;;;;;;;;
Bezirk Wandsbek;Wahlkreis 13 - Alstertal - Walddörfer;Poppenbüttel;5199910;BRIEFWAHLBEZIRK;;;N;0;0;0;0;707;707;0;707;6;701;3488;1170;524;189;251;92;18;9;39;30;18;;1197;860;42;40;93;28;27;16;13;47;31;212;112;42;19;11;28;;;;;;138;62;5;29;5;12;5;2;3;14;1;490;274;78;42;96;;;;;;;139;97;19;23;;142;142;;;;;;;;;;;;
Bezirk Wandsbek;Wahlkreis 13 - Alstertal - Walddörfer;Poppenbüttel;5199911;BRIEFWAHLBEZIRK;;;N;0;0;0;0;613;613;0;611;4;607;3024;1025;472;156;194;105;19;12;30;17;20;;1063;799;61;27;49;17;26;14;1;52;17;126;62;35;7;7;15;;;;;;134;74;4;22;0;2;10;1;1;9;11;443;232;75;21;115;;;;;;;87;67;8;12;;146;146;;;;;;;;;;;;
Bezirk Wandsbek;Wahlkreis 13 - Alstertal - Walddörfer;Hummelsbüttel;52001;STIMMBEZIRK;;;N;1087;755;332;0;434;10;424;434;6;428;2135;652;288;45;169;41;3;14;32;11;49;;881;753;20;51;12;6;7;10;1;11;10;161;86;35;19;12;9;;;;;;41;6;2;8;9;1;0;0;0;15;0;228;141;43;19;25;;;;;;;63;39;15;9;;109;109;;;;;;;;;;;;
Bezirk Wandsbek;Wahlkreis 13 - Alstertal - Walddörfer;Hummelsbüttel;52002;STIMMBEZIRK;;;N;907;534;373;0;359;5;354;358;4;354;1743;518;234;71;101;38;7;8;19;7;33;;669;569;12;16;9;3;3;11;0;24;22;61;42;13;1;1;4;;;;;;42;21;0;14;0;0;5;0;0;2;0;310;152;68;19;71;;;;;;;54;29;12;13;;89;89;;;;;;;;;;;;
Bezirk Wandsbek;Wahlkreis 13 - Alstertal - Walddörfer;Hummelsbüttel;52003;STIMMBEZIRK;;;N;816;486;330;0;305;2;303;305;5;300;1488;463;181;23;156;20;6;2;8;7;60;;446;387;2;8;16;4;0;6;2;17;4;110;37;31;21;10;11;;;;;;11;0;0;9;0;0;0;0;0;2;0;285;195;37;10;43;;;;;;;74;56;5;13;;99;99;;;;;;;;;;;;
Bezirk Wandsbek;Wahlkreis 13 - Alstertal - Walddörfer;Hummelsbüttel;52004;STIMMBEZIRK;;;N;902;679;223;0;302;9;293;301;7;294;1461;578;156;48;154;68;16;19;30;18;69;;279;236;7;5;8;2;1;5;1;5;9;181;56;51;30;21;23;;;;;;12;5;1;0;1;0;0;0;0;0;5;169;92;43;7;27;;;;;;;37;13;13;11;;205;205;;;;;;;;;;;;
Bezirk Wandsbek;Wahlkreis 13 - Alstertal - Walddörfer;Hummelsbüttel;52005;STIMMBEZIRK;;;N;812;479;333;0;349;5;344;349;4;345;1720;470;241;40;69;41;20;1;10;5;43;;733;608;36;29;13;12;6;12;2;3;12;119;55;30;7;5;22;;;;;;42;14;3;15;0;0;1;0;5;4;0;229;130;43;17;39;;;;;;;49;35;5;9;;78;78;;;;;;;;;;;;
Bezirk Wandsbek;Wahlkreis 13 - Alstertal - Walddörfer;Hummelsbüttel;52007;STIMMBEZIRK;;;N;1124;799;325;0;400;3;397;400;12;388;1919;780;264;91;164;77;6;2;22;15;139;;429;368;8;10;19;6;3;3;2;2;8;237;114;51;21;19;32;;;;;;49;22;0;1;5;8;0;0;4;1;8;240;118;66;19;37;;;;;;;60;42;5;13;;124;124;;;;;;;;;;;;
Bezirk Wandsbek;Wahlkreis 13 - Alstertal - Walddörfer;Hummelsbüttel;52008;STIMMBEZIRK;;;N;1017;717;299;1;365;3;362;365;3;362;1799;639;262;101;139;43;22;2;18;12;40;;432;322;16;15;21;6;5;14;1;15;17;168;65;52;16;19;16;;;;;;42;6;1;4;7;4;9;1;4;4;2;287;179;48;13;47;;;;;;;36;26;4;6;;195;195;;;;;;;;;;;;
Bezirk Wandsbek;Wahlkreis 13 - Alstertal - Walddörfer;Hummelsbüttel;52009;STIMMBEZIRK;;;N;641;392;249;0;283;8;275;282;7;275;1370;516;213;68;138;35;4;1;15;6;36;;457;407;7;4;11;6;2;13;2;2;3;119;64;32;9;7;7;;;;;;14;0;6;3;1;0;1;1;0;1;1;176;90;50;6;30;;;;;;;27;18;8;1;;61;61;;;;;;;;;;;;
Bezirk Wandsbek;Wahlkreis 13 - Alstertal - Walddörfer;Hummelsbüttel;52011;STIMMBEZIRK;;;N;791;535;256;0;245;0;245;245;6;239;1181;529;188;47;202;26;16;6;14;7;23;;302;259;7;7;13;7;1;1;0;6;1;120;53;34;11;13;9;;;;;;9;2;0;0;5;2;0;0;0;0;0;113;69;14;7;23;;;;;;;21;11;3;7;;87;87;;;;;;;;;;;;
Bezirk Wandsbek;Wahlkreis 13 - Alstertal - Walddörfer;Hummelsbüttel;52012;STIMMBEZIRK;;;N;793;564;229;0;234;4;230;234;10;224;1112;505;193;35;192;32;12;3;8;2;28;;201;160;3;3;15;3;1;5;0;11;0;208;93;66;21;15;13;;;;;;6;1;0;0;0;0;0;0;5;0;0;96;55;12;8;21;;;;;;;19;9;8;2;;77;77;;;;;;;;;;;;
Bezirk Wandsbek;Wahlkreis 13 - Alstertal - Walddörfer;Hummelsbüttel;52013;STIMMBEZIRK;;;N;752;568;184;0;222;1;221;222;9;213;1052;358;118;32;161;15;3;0;12;3;14;;189;162;2;0;8;0;0;4;2;9;2;240;149;40;16;13;22;;;;;;43;11;7;1;5;0;3;6;0;1;9;87;51;15;7;14;;;;;;;42;29;9;4;;93;93;;;;;;;;;;;;
Bezirk Wandsbek;Wahlkreis 13 - Alstertal - Walddörfer;Hummelsbüttel;52014;STIMMBEZIRK;;;N;942;641;301;0;311;1;310;311;4;307;1518;502;155;66;167;51;5;0;12;7;39;;465;389;12;11;31;3;2;5;0;6;6;203;115;35;18;15;20;;;;;;6;1;0;0;0;0;5;0;0;0;0;155;90;31;10;24;;;;;;;30;16;8;6;;157;157;;;;;;;;;;;;
Bezirk Wandsbek;Wahlkreis 13 - Alstertal - Walddörfer;Hummelsbüttel;52016;STIMMBEZIRK;;;N;1036;737;299;0;413;3;410;413;3;410;2015;692;212;101;157;65;10;16;27;10;94;;613;524;13;27;10;5;12;5;1;13;3;221;123;28;33;22;15;;;;;;36;6;0;0;22;2;0;0;0;1;5;278;156;50;33;39;;;;;;;59;41;7;11;;116;116;;;;;;;;;;;;
Bezirk Wandsbek;Wahlkreis 13 - Alstertal - Walddörfer;Hummelsbüttel;52017;STIMMBEZIRK;;;N;1069;713;356;0;444;5;439;444;5;439;2182;826;314;71;271;39;8;6;13;13;91;;662;579;5;11;23;7;9;3;3;9;13;158;82;47;14;4;11;;;;;;51;20;1;1;11;1;0;0;0;17;0;253;175;43;9;26;;;;;;;56;26;5;25;;176;176;;;;;;;;;;;;
Bezirk Wandsbek;Wahlkreis 13 - Alstertal - Walddörfer;Hummelsbüttel;5209901;BRIEFWAHLBEZIRK;;;N;0;0;0;0;808;808;0;807;4;803;3994;1400;530;154;353;106;23;20;76;29;109;;1326;1108;38;28;53;15;16;13;4;32;19;252;112;50;29;29;32;;;;;;99;30;5;9;15;11;7;3;2;14;3;598;281;125;60;132;;;;;;;99;57;19;23;;220;220;;;;;;;;;;;;
Bezirk Wandsbek;Wahlkreis 13 - Alstertal - Walddörfer;Hummelsbüttel;5209902;BRIEFWAHLBEZIRK;;;N;0;0;0;0;598;598;0;598;7;591;2880;1305;521;118;390;85;6;12;38;12;123;;906;759;29;35;32;6;9;13;13;5;5;183;60;72;24;7;20;;;;;;74;35;1;5;16;2;6;1;3;5;0;268;101;76;10;81;;;;;;;45;38;3;4;;99;99;;;;;;;;;;;;
Bezirk Wandsbek;Wahlkreis 13 - Alstertal - Walddörfer;Hummelsbüttel;5209903;BRIEFWAHLBEZIRK;;;N;0;0;0;0;581;581;0;581;4;577;2856;1027;397;93;303;73;26;7;32;18;78;;933;745;25;26;38;17;10;27;10;13;22;188;73;54;28;8;25;;;;;;82;16;8;14;10;3;8;1;6;11;5;373;208;64;37;64;;;;;;;88;46;21;21;;165;165;;;;;;;;;;;;
Bezirk Wandsbek;Wahlkreis 13 - Alstertal - Walddörfer;Hummelsbüttel;5209904;BRIEFWAHLBEZIRK;;;N;0;0;0;0;494;494;0;493;4;489;2429;981;359;88;314;92;13;16;28;15;56;;789;666;16;23;28;6;13;12;3;19;3;180;81;44;29;12;14;;;;;;66;19;5;10;4;0;3;0;3;7;15;243;131;60;10;42;;;;;;;71;52;10;9;;99;99;;;;;;;;;;;;
Bezirk Wandsbek;Wahlkreis 13 - Alstertal - Walddörfer;Hummelsbüttel;5209905;BRIEFWAHLBEZIRK;;;N;0;0;0;0;672;672;0;672;2;670;3298;1147;446;112;287;93;21;6;58;25;99;;1144;947;44;35;41;12;4;16;7;19;19;201;98;47;27;14;15;;;;;;81;27;3;9;20;1;4;5;2;2;8;398;183;107;29;79;;;;;;;119;85;16;18;;208;208;;;;;;;;;;;;
Bezirk Wandsbek;Wahlkreis 13 - Alstertal - Walddörfer;Hummelsbüttel;5209906;BRIEFWAHLBEZIRK;;;N;0;0;0;0;597;597;0;588;1;587;2918;947;349;132;244;66;25;9;27;23;72;;781;657;23;14;30;6;5;15;2;18;11;201;88;62;19;15;17;;;;;;116;46;6;22;5;4;19;2;1;4;7;454;226;121;45;62;;;;;;;169;98;28;43;;250;250;;;;;;;;;;;;
Bezirk Wandsbek;Wahlkreis 13 - Alstertal - Walddörfer;Lemsahl-Mellingstedt;52101;STIMMBEZIRK;;;N;951;551;400;0;416;2;414;416;3;413;2055;526;265;47;54;54;8;66;13;15;4;;944;688;65;115;6;2;43;4;4;15;2;145;61;55;7;10;12;;;;;;63;28;3;19;0;2;2;3;4;0;2;234;149;49;13;23;;;;;;;66;52;5;9;;77;77;;;;;;;;;;;;
Bezirk Wandsbek;Wahlkreis 13 - Alstertal - Walddörfer;Lemsahl-Mellingstedt;52102;STIMMBEZIRK;;;N;1134;639;495;0;495;11;484;495;6;489;2401;549;276;75;77;62;2;41;14;0;2;;1176;781;65;203;22;7;73;12;2;3;8;122;42;53;11;12;4;;;;;;46;26;0;7;0;1;1;0;10;0;1;395;259;51;30;55;;;;;;;47;40;4;3;;66;66;;;;;;;;;;;;
Bezirk Wandsbek;Wahlkreis 13 - Alstertal - Walddörfer;Lemsahl-Mellingstedt;52103;STIMMBEZIRK;;;N;1004;580;424;0;461;2;459;461;1;460;2289;857;407;112;65;137;7;108;10;7;4;;795;524;39;139;19;10;33;10;1;11;9;154;38;96;7;5;8;;;;;;24;14;0;6;0;1;1;0;1;1;0;308;205;47;15;41;;;;;;;46;23;15;8;;105;105;;;;;;;;;;;;
Bezirk Wandsbek;Wahlkreis 13 - Alstertal - Walddörfer;Lemsahl-Mellingstedt;52104;STIMMBEZIRK;;;N;943;513;430;0;378;7;371;378;6;372;1838;616;242;96;55;94;1;105;10;9;4;;702;499;15;68;24;8;63;3;2;10;10;144;63;69;2;5;5;;;;;;48;19;0;23;1;3;0;0;2;0;0;250;163;24;16;47;;;;;;;34;23;6;5;;44;44;;;;;;;;;;;;
Bezirk Wandsbek;Wahlkreis 13 - Alstertal - Walddörfer;Lemsahl-Mellingstedt;52105;STIMMBEZIRK;;;N;1292;800;492;0;568;10;558;568;5;563;2801;1007;446;148;80;104;16;144;27;32;10;;941;653;57;129;23;11;46;3;3;8;8;164;61;75;6;20;2;;;;;;90;26;1;41;0;3;2;1;14;1;1;410;255;72;28;55;;;;;;;58;40;13;5;;131;131;;;;;;;;;;;;
Bezirk Wandsbek;Wahlkreis 13 - Alstertal - Walddörfer;Lemsahl-Mellingstedt;5219901;BRIEFWAHLBEZIRK;;;N;0;0;0;0;469;469;0;469;0;469;2308;697;380;76;70;69;6;67;15;13;1;;1130;807;34;153;13;14;73;8;1;10;17;79;21;47;4;4;3;;;;;;46;11;5;23;0;0;1;0;4;0;2;280;174;33;13;60;;;;;;;31;14;5;12;;45;45;;;;;;;;;;;;
Bezirk Wandsbek;Wahlkreis 13 - Alstertal - Walddörfer;Lemsahl-Mellingstedt;5219902;BRIEFWAHLBEZIRK;;;N;0;0;0;0;559;559;0;559;3;556;2779;755;407;76;73;74;7;77;32;6;3;;1330;932;47;189;31;9;98;12;3;6;3;161;54;83;14;2;8;;;;;;91;15;3;36;13;7;6;0;8;0;3;292;180;37;23;52;;;;;;;81;49;25;7;;69;69;;;;;;;;;;;;
Bezirk Wandsbek;Wahlkreis 13 - Alstertal - Walddörfer;Lemsahl-Mellingstedt;5219903;BRIEFWAHLBEZIRK;;;N;0;0;0;0;487;487;0;487;1;486;2411;740;357;93;64;117;12;59;15;18;5;;973;692;35;102;17;11;53;27;3;24;9;133;42;52;11;10;18;;;;;;87;21;6;36;2;4;4;3;7;3;1;307;174;63;24;46;;;;;;;102;57;28;17;;69;69;;;;;;;;;;;;
Bezirk Wandsbek;Wahlkreis 13 - Alstertal - Walddörfer;Lemsahl-Mellingstedt;5219904;BRIEFWAHLBEZIRK;;;N;0;0;0;0;590;590;0;589;2;587;2920;844;349;96;64;142;21;112;28;28;4;;1160;792;31;153;33;13;78;16;12;25;7;157;58;70;7;7;15;;;;;;110;31;5;68;0;0;0;0;4;2;0;435;252;89;18;76;;;;;;;86;46;24;16;;128;128;;;;;;;;;;;;
Bezirk Wandsbek;Wahlkreis 13 - Alstertal - Walddörfer;Duvenstedt;52201;STIMMBEZIRK;;;N;1050;674;376;0;540;4;536;540;5;535;2643;765;301;105;28;267;12;8;19;21;4;;931;668;60;73;26;5;26;38;6;14;15;203;92;62;12;25;12;;;;;;65;27;5;13;1;0;2;0;14;3;0;500;308;68;23;101;;;;;;;63;41;14;8;;116;116;;;;;;;;;;;;
Bezirk Wandsbek;Wahlkreis 13 - Alstertal - Walddörfer;Duvenstedt;52202;STIMMBEZIRK;;;N;1144;658;486;0;516;5;511;516;4;512;2536;703;326;100;45;184;9;17;5;13;4;;988;784;58;67;14;6;32;9;0;7;11;246;111;95;15;12;13;;;;;;68;28;2;26;3;1;1;1;3;3;0;366;228;73;16;49;;;;;;;73;50;10;13;;92;92;;;;;;;;;;;;
Bezirk Wandsbek;Wahlkreis 13 - Alstertal - Walddörfer;Duvenstedt;52203;STIMMBEZIRK;;;N;1237;750;487;0;537;7;530;537;6;531;2639;791;281;123;47;256;10;9;24;37;4;;846;629;71;46;21;9;20;15;6;20;9;334;135;111;32;32;24;;;;;;73;34;6;14;1;5;4;1;3;0;5;400;259;77;27;37;;;;;;;44;29;6;9;;151;151;;;;;;;;;;;;
Bezirk Wandsbek;Wahlkreis 13 - Alstertal - Walddörfer;Duvenstedt;52204;STIMMBEZIRK;;;N;1066;678;388;0;471;5;466;471;4;467;2309;835;281;171;41;289;7;7;15;18;6;;619;434;49;40;21;10;11;20;7;16;11;187;73;51;20;32;11;;;;;;36;6;6;13;1;0;5;0;2;0;3;381;260;70;23;28;;;;;;;77;44;13;20;;174;174;;;;;;;;;;;;
Bezirk Wandsbek;Wahlkreis 13 - Alstertal - Walddörfer;Duvenstedt;5229901;BRIEFWAHLBEZIRK;;;N;0;0;0;0;579;579;0;578;5;573;2847;763;303;108;58;223;6;15;36;14;0;;1232;885;75;96;44;10;48;53;7;8;6;187;61;73;16;23;14;;;;;;68;12;0;37;1;4;2;2;3;5;2;430;289;72;26;43;;;;;;;81;45;24;12;;86;86;;;;;;;;;;;;
Bezirk Wandsbek;Wahlkreis 13 - Alstertal - Walddörfer;Duvenstedt;5229902;BRIEFWAHLBEZIRK;;;N;0;0;0;0;547;547;0;547;4;543;2699;738;312;121;51;195;4;18;22;11;4;;1196;900;87;70;19;8;14;41;4;38;15;189;60;81;15;12;21;;;;;;66;26;0;19;2;1;4;0;10;2;2;321;191;65;13;52;;;;;;;102;71;20;11;;87;87;;;;;;;;;;;;
Bezirk Wandsbek;Wahlkreis 13 - Alstertal - Walddörfer;Duvenstedt;5229903;BRIEFWAHLBEZIRK;;;N;0;0;0;0;493;493;0;493;1;492;2453;654;251;103;33;218;9;18;10;9;3;;952;720;45;69;18;12;21;34;3;22;8;182;97;48;13;11;13;;;;;;89;27;7;20;3;3;8;2;4;1;14;384;221;90;22;51;;;;;;;83;53;17;13;;109;109;;;;;;;;;;;;
Bezirk Wandsbek;Wahlkreis 13 - Alstertal - Walddörfer;Wohldorf-Ohlstedt;52301;STIMMBEZIRK;;;N;1259;808;451;0;641;8;633;641;5;636;3177;844;511;126;46;87;5;9;18;40;2;;1135;749;198;47;12;5;11;98;2;6;7;142;67;40;4;5;26;;;;;;93;23;1;32;3;17;11;2;1;1;2;729;440;133;40;116;;;;;;;107;62;28;17;;127;127;;;;;;;;;;;;
Bezirk Wandsbek;Wahlkreis 13 - Alstertal - Walddörfer;Wohldorf-Ohlstedt;52302;STIMMBEZIRK;;;N;1165;680;485;0;489;8;481;489;6;483;2406;562;375;69;15;61;3;1;23;15;0;;1139;739;160;41;18;9;17;121;16;9;9;91;43;32;5;3;8;;;;;;98;49;2;26;1;3;2;2;5;0;8;380;231;70;38;41;;;;;;;39;23;13;3;;97;97;;;;;;;;;;;;
Bezirk Wandsbek;Wahlkreis 13 - Alstertal - Walddörfer;Wohldorf-Ohlstedt;52303;STIMMBEZIRK;;;N;1246;758;488;0;578;16;562;578;2;576;2854;704;382;91;35;134;9;3;19;24;7;;1145;734;121;71;38;10;26;128;5;4;8;161;58;74;8;7;14;;;;;;59;33;2;16;1;0;3;0;2;1;1;555;357;96;47;55;;;;;;;85;58;16;11;;145;145;;;;;;;;;;;;
Bezirk Wandsbek;Wahlkreis 13 - Alstertal - Walddörfer;Wohldorf-Ohlstedt;5239901;BRIEFWAHLBEZIRK;;;N;0;0;0;0;568;568;0;568;1;567;2831;592;346;77;28;79;4;9;31;17;1;;1321;840;171;51;31;15;15;171;1;14;12;123;47;40;20;11;5;;;;;;177;84;6;32;3;9;24;2;13;1;3;419;259;84;31;45;;;;;;;120;79;22;19;;79;79;;;;;;;;;;;;
Bezirk Wandsbek;Wahlkreis 13 - Alstertal - Walddörfer;Wohldorf-Ohlstedt;5239902;BRIEFWAHLBEZIRK;;;N;0;0;0;0;390;390;0;384;2;382;1910;445;248;55;20;75;8;11;19;8;1;;834;507;107;24;19;19;22;104;4;17;11;114;39;35;10;10;20;;;;;;106;46;3;33;3;11;0;2;4;3;1;290;171;47;26;46;;;;;;;86;48;24;14;;35;35;;;;;;;;;;;;
Bezirk Wandsbek;Wahlkreis 13 - Alstertal - Walddörfer;Wohldorf-Ohlstedt;5239903;BRIEFWAHLBEZIRK;;;N;0;0;0;0;372;372;0;369;1;368;1833;383;171;52;38;58;7;8;25;20;4;;712;432;92;37;12;18;12;94;1;9;5;102;20;52;12;9;9;;;;;;94;31;1;30;2;3;1;1;9;4;12;367;205;95;23;44;;;;;;;100;62;24;14;;75;75;;;;;;;;;;;;
Bezirk Wandsbek;Wahlkreis 13 - Alstertal - Walddörfer;Bergstedt;52401;STIMMBEZIRK;;;N;1110;623;487;0;463;6;457;463;3;460;2260;639;354;80;33;66;7;2;41;47;9;;640;424;123;36;13;5;0;16;7;5;11;207;62;37;15;78;15;;;;;;31;23;1;2;0;0;5;0;0;0;0;506;353;55;33;65;;;;;;;71;31;26;14;;166;166;;;;;;;;;;;;
Bezirk Wandsbek;Wahlkreis 13 - Alstertal - Walddörfer;Bergstedt;52402;STIMMBEZIRK;;;N;1215;690;525;0;509;7;502;509;4;505;2508;886;495;103;33;49;5;6;117;72;6;;626;411;165;11;5;2;9;13;3;5;2;170;53;34;27;41;15;;;;;;28;13;0;9;2;2;0;0;1;0;1;596;419;89;45;43;;;;;;;95;53;27;15;;107;107;;;;;;;;;;;;
Bezirk Wandsbek;Wahlkreis 13 - Alstertal - Walddörfer;Bergstedt;52403;STIMMBEZIRK;;;N;1170;696;474;0;488;2;486;487;9;478;2374;632;353;80;30;59;8;7;39;51;5;;678;479;113;16;18;11;11;10;4;10;6;273;79;63;21;101;9;;;;;;59;29;0;6;1;11;0;1;2;0;9;498;342;90;28;38;;;;;;;73;45;18;10;;161;161;;;;;;;;;;;;
Bezirk Wandsbek;Wahlkreis 13 - Alstertal - Walddörfer;Bergstedt;52404;STIMMBEZIRK;;;N;1172;696;476;0;521;3;518;521;8;513;2546;847;540;83;26;48;3;2;51;93;1;;683;430;184;13;5;5;9;12;2;17;6;216;79;30;20;83;4;;;;;;48;35;2;3;0;2;0;1;2;1;2;491;311;100;30;50;;;;;;;94;36;45;13;;167;167;;;;;;;;;;;;
Bezirk Wandsbek;Wahlkreis 13 - Alstertal - Walddörfer;Bergstedt;52405;STIMMBEZIRK;;;N;1094;692;402;0;555;11;544;554;2;552;2748;883;489;106;49;58;25;12;49;82;13;;837;493;255;17;20;3;5;14;6;12;12;192;99;28;11;43;11;;;;;;34;13;4;1;8;2;2;1;3;0;0;661;485;88;24;64;;;;;;;46;28;13;5;;95;95;;;;;;;;;;;;
Bezirk Wandsbek;Wahlkreis 13 - Alstertal - Walddörfer;Bergstedt;52406;STIMMBEZIRK;;;N;1154;742;412;0;506;4;502;506;12;494;2447;978;594;92;52;98;5;1;74;54;8;;552;303;171;21;10;12;7;10;3;6;9;257;91;50;35;64;17;;;;;;42;9;8;6;0;5;6;0;2;1;5;396;251;79;46;20;;;;;;;71;40;26;5;;151;151;;;;;;;;;;;;
Bezirk Wandsbek;Wahlkreis 13 - Alstertal - Walddörfer;Bergstedt;52407;STIMMBEZIRK;;;N;1074;711;363;0;509;13;496;509;5;504;2505;848;501;91;52;71;3;6;56;64;4;;702;475;154;17;12;7;5;13;1;15;3;232;45;61;16;87;23;;;;;;52;19;1;10;0;5;8;7;2;0;0;466;323;57;48;38;;;;;;;65;35;23;7;;140;140;;;;;;;;;;;;
Bezirk Wandsbek;Wahlkreis 13 - Alstertal - Walddörfer;Bergstedt;5249901;BRIEFWAHLBEZIRK;;;N;0;0;0;0;653;653;0;653;4;649;3245;1150;717;116;67;63;8;6;75;87;11;;975;626;227;39;10;6;9;31;3;14;10;146;36;51;7;47;5;;;;;;99;46;6;18;1;5;5;1;6;1;10;617;369;121;72;55;;;;;;;86;30;47;9;;172;172;;;;;;;;;;;;
Bezirk Wandsbek;Wahlkreis 13 - Alstertal - Walddörfer;Bergstedt;5249902;BRIEFWAHLBEZIRK;;;N;0;0;0;0;621;621;0;620;2;618;3065;1006;584;71;54;65;19;4;113;92;4;;946;587;239;30;23;20;12;12;1;11;11;162;32;47;19;50;14;;;;;;85;35;10;22;0;3;7;2;2;0;4;628;405;104;52;67;;;;;;;78;27;36;15;;160;160;;;;;;;;;;;;
Bezirk Wandsbek;Wahlkreis 13 - Alstertal - Walddörfer;Bergstedt;5249903;BRIEFWAHLBEZIRK;;;N;0;0;0;0;529;529;0;509;1;508;2528;863;492;92;38;66;19;4;79;68;5;;747;436;206;39;16;7;16;13;4;6;4;99;25;33;12;22;7;;;;;;120;30;12;21;6;10;9;12;6;6;8;503;290;93;39;81;;;;;;;77;35;34;8;;119;119;;;;;;;;;;;;
Bezirk Wandsbek;Wahlkreis 13 - Alstertal - Walddörfer;Bergstedt;5249904;BRIEFWAHLBEZIRK;;;N;0;0;0;0;590;590;0;590;2;588;2920;1067;621;110;61;82;11;20;79;72;11;;845;507;182;23;32;14;13;44;5;5;20;129;16;56;14;33;10;;;;;;59;22;2;19;2;6;3;0;2;1;2;558;299;146;62;51;;;;;;;140;62;69;9;;122;122;;;;;;;;;;;;
Bezirk Wandsbek;Wahlkreis 13 - Alstertal - Walddörfer;Bergstedt;5249905;BRIEFWAHLBEZIRK;;;N;0;0;0;0;595;595;0;595;8;587;2912;978;517;106;46;83;24;7;98;92;5;;887;556;175;44;19;21;10;28;4;18;12;152;39;37;12;52;12;;;;;;84;19;21;8;5;3;18;1;3;5;1;563;348;126;38;51;;;;;;;113;63;42;8;;135;135;;;;;;;;;;;;
Bezirk Wandsbek;Wahlkreis 13 - Alstertal - Walddörfer;Volksdorf;52501;STIMMBEZIRK;;;N;853;572;281;0;479;5;474;478;5;473;2363;810;557;103;33;44;6;6;15;46;0;;598;329;217;6;15;3;8;14;2;3;1;119;31;31;9;31;17;;;;;;44;12;1;16;2;6;2;1;1;1;2;589;398;93;48;50;;;;;;;73;48;13;12;;130;130;;;;;;;;;;;;
Bezirk Wandsbek;Wahlkreis 13 - Alstertal - Walddörfer;Volksdorf;52502;STIMMBEZIRK;;;N;764;537;227;0;385;2;383;385;5;380;1891;674;514;48;15;40;2;3;18;26;8;;135;78;40;2;5;0;2;3;1;3;1;152;43;45;22;31;11;;;;;;18;0;7;0;0;0;8;1;0;0;2;586;339;148;63;36;;;;;;;63;44;16;3;;263;263;;;;;;;;;;;;
Bezirk Wandsbek;Wahlkreis 13 - Alstertal - Walddörfer;Volksdorf;52503;STIMMBEZIRK;;;N;1094;622;472;0;458;7;451;458;5;453;2250;714;539;67;26;35;9;2;11;25;0;;757;410;272;27;14;7;6;10;0;8;3;112;54;30;5;14;9;;;;;;79;32;14;19;0;2;3;0;5;1;3;431;270;85;51;25;;;;;;;66;42;20;4;;91;91;;;;;;;;;;;;
Bezirk Wandsbek;Wahlkreis 13 - Alstertal - Walddörfer;Volksdorf;52504;STIMMBEZIRK;;;N;1069;647;422;0;513;8;505;513;4;509;2541;749;536;90;41;22;2;0;11;46;1;;797;338;372;11;10;5;26;12;1;19;3;175;64;58;25;16;12;;;;;;78;30;14;15;0;14;2;1;0;1;1;590;315;170;72;33;;;;;;;60;47;5;8;;92;92;;;;;;;;;;;;
Bezirk Wandsbek;Wahlkreis 13 - Alstertal - Walddörfer;Volksdorf;52505;STIMMBEZIRK;;;N;1053;708;345;0;392;8;384;392;6;386;1891;715;488;106;14;50;6;2;10;33;6;;313;151;134;3;9;2;2;1;3;8;0;194;64;45;41;27;17;;;;;;36;24;0;1;0;3;1;1;0;1;5;326;174;101;30;21;;;;;;;88;57;21;10;;219;219;;;;;;;;;;;;
Bezirk Wandsbek;Wahlkreis 13 - Alstertal - Walddörfer;Volksdorf;52506;STIMMBEZIRK;;;N;1197;651;546;0;480;8;472;480;9;471;2351;736;578;55;10;34;3;9;14;29;4;;707;326;323;19;13;1;4;6;2;3;10;184;79;59;21;16;9;;;;;;44;10;2;25;1;2;2;0;0;0;2;517;321;100;50;46;;;;;;;60;48;6;6;;103;103;;;;;;;;;;;;
Bezirk Wandsbek;Wahlkreis 13 - Alstertal - Walddörfer;Volksdorf;52507;STIMMBEZIRK;;;N;889;486;403;0;330;4;326;330;7;323;1604;464;348;56;12;19;8;0;7;14;0;;534;296;208;9;8;5;1;3;2;1;1;110;22;50;12;16;10;;;;;;39;19;7;7;1;2;3;0;0;0;0;332;180;69;59;24;;;;;;;17;12;3;2;;108;108;;;;;;;;;;;;
Bezirk Wandsbek;Wahlkreis 13 - Alstertal - Walddörfer;Volksdorf;52508;STIMMBEZIRK;;;N;1008;622;386;0;512;6;506;512;4;508;2525;702;520;83;34;27;6;6;14;11;1;;795;385;333;14;14;2;6;18;6;11;6;54;17;25;7;1;4;;;;;;113;56;19;8;1;13;1;15;0;0;0;710;397;152;103;58;;;;;;;39;22;3;14;;112;112;;;;;;;;;;;;
Bezirk Wandsbek;Wahlkreis 13 - Alstertal - Walddörfer;Volksdorf;52509;STIMMBEZIRK;;;N;1358;761;597;0;468;5;463;467;7;460;2264;742;524;95;22;35;8;1;23;31;3;;827;482;256;14;15;5;11;24;2;7;11;101;43;27;21;5;5;;;;;;72;34;9;19;4;6;0;0;0;0;0;363;216;66;52;29;;;;;;;41;27;9;5;;118;118;;;;;;;;;;;;
Bezirk Wandsbek;Wahlkreis 13 - Alstertal - Walddörfer;Volksdorf;52510;STIMMBEZIRK;;;N;1174;745;429;0;581;7;574;581;9;572;2839;926;650;140;29;34;13;4;10;40;6;;857;423;350;11;20;4;24;13;2;3;7;137;49;54;14;11;9;;;;;;39;10;6;11;0;1;8;1;0;0;2;655;396;158;69;32;;;;;;;100;76;19;5;;125;125;;;;;;;;;;;;
Bezirk Wandsbek;Wahlkreis 13 - Alstertal - Walddörfer;Volksdorf;52511;STIMMBEZIRK;;;N;1062;697;365;0;565;4;561;565;4;561;2790;948;701;84;24;40;12;7;22;57;1;;706;307;332;24;6;7;11;5;3;7;4;95;37;22;13;15;8;;;;;;32;11;3;9;1;1;3;0;2;1;1;775;490;154;94;37;;;;;;;78;49;26;3;;156;156;;;;;;;;;;;;
Bezirk Wandsbek;Wahlkreis 13 - Alstertal - Walddörfer;Volksdorf;52512;STIMMBEZIRK;;;N;1053;607;446;0;515;8;507;515;3;512;2546;847;609;100;29;29;5;3;36;35;1;;629;271;297;24;4;11;4;5;3;7;3;117;36;54;17;6;4;;;;;;47;16;15;2;1;8;2;3;0;0;0;673;409;105;100;59;;;;;;;81;67;8;6;;152;152;;;;;;;;;;;;
Bezirk Wandsbek;Wahlkreis 13 - Alstertal - Walddörfer;Volksdorf;52513;STIMMBEZIRK;;;N;1008;647;361;0;565;7;558;565;8;557;2773;1143;868;100;40;49;3;5;17;61;0;;722;327;314;11;16;15;20;9;2;5;3;116;34;46;14;9;13;;;;;;71;26;11;16;1;3;6;1;1;1;5;555;373;95;49;38;;;;;;;59;42;7;10;;107;107;;;;;;;;;;;;
Bezirk Wandsbek;Wahlkreis 13 - Alstertal - Walddörfer;Volksdorf;52514;STIMMBEZIRK;;;N;1098;619;479;0;485;5;480;485;1;484;2411;666;461;81;34;33;4;1;13;39;0;;840;397;353;11;10;15;9;16;9;13;7;92;35;33;13;7;4;;;;;;77;27;32;6;0;4;2;0;2;4;0;567;323;130;56;58;;;;;;;58;36;10;12;;111;111;;;;;;;;;;;;
Bezirk Wandsbek;Wahlkreis 13 - Alstertal - Walddörfer;Volksdorf;52515;STIMMBEZIRK;;;N;1015;635;380;0;449;4;445;449;5;444;2198;742;516;137;22;16;7;2;17;23;2;;634;269;329;7;8;7;1;4;2;5;2;159;52;56;23;14;14;;;;;;63;17;13;20;1;4;5;0;2;0;1;403;240;70;62;31;;;;;;;58;44;8;6;;139;139;;;;;;;;;;;;
Bezirk Wandsbek;Wahlkreis 13 - Alstertal - Walddörfer;Volksdorf;5259901;BRIEFWAHLBEZIRK;;;N;0;0;0;0;399;399;0;399;9;390;1950;844;620;74;41;38;8;4;17;37;5;;581;251;284;14;4;0;5;14;3;5;1;58;22;10;10;8;8;;;;;;48;15;10;11;0;4;3;2;3;0;0;323;171;66;51;35;;;;;;;60;37;16;7;;36;36;;;;;;;;;;;;
Bezirk Wandsbek;Wahlkreis 13 - Alstertal - Walddörfer;Volksdorf;5259902;BRIEFWAHLBEZIRK;;;N;0;0;0;0;474;474;0;474;2;472;2360;782;585;65;40;34;6;6;14;32;0;;761;326;357;20;8;7;17;8;7;6;5;121;42;28;34;10;7;;;;;;69;20;20;10;3;8;1;1;2;0;4;479;260;113;63;43;;;;;;;68;36;21;11;;80;80;;;;;;;;;;;;
Bezirk Wandsbek;Wahlkreis 13 - Alstertal - Walddörfer;Volksdorf;5259903;BRIEFWAHLBEZIRK;;;N;0;0;0;0;620;620;0;620;5;615;3072;1089;834;107;32;46;4;3;30;27;6;;1160;562;523;7;23;3;13;13;3;6;7;111;34;18;18;21;20;;;;;;73;25;17;14;1;9;3;2;0;2;0;526;272;134;65;55;;;;;;;52;32;7;13;;61;61;;;;;;;;;;;;
Bezirk Wandsbek;Wahlkreis 13 - Alstertal - Walddörfer;Volksdorf;5259904;BRIEFWAHLBEZIRK;;;N;0;0;0;0;618;618;0;613;4;609;3019;997;686;93;57;55;6;2;35;57;6;;996;428;479;28;19;3;14;9;2;11;3;92;23;32;14;8;15;;;;;;116;40;31;19;3;13;6;2;0;2;0;593;312;166;77;38;;;;;;;122;59;36;27;;103;103;;;;;;;;;;;;
Bezirk Wandsbek;Wahlkreis 13 - Alstertal - Walddörfer;Volksdorf;5259905;BRIEFWAHLBEZIRK;;;N;0;0;0;0;574;574;0;573;5;568;2829;1036;779;99;31;39;9;11;24;41;3;;922;402;446;13;9;8;7;14;4;7;12;122;33;41;28;14;6;;;;;;92;43;24;6;2;2;8;6;0;1;0;491;284;111;49;47;;;;;;;63;33;11;19;;103;103;;;;;;;;;;;;
Bezirk Wandsbek;Wahlkreis 13 - Alstertal - Walddörfer;Volksdorf;5259906;BRIEFWAHLBEZIRK;;;N;0;0;0;0;573;573;0;573;2;571;2850;1004;712;97;41;52;8;3;29;57;5;;972;419;434;24;18;12;15;16;13;11;10;121;41;37;26;9;8;;;;;;94;25;11;11;2;8;5;18;4;4;6;456;265;123;35;33;;;;;;;94;67;6;21;;109;109;;;;;;;;;;;;
Bezirk Wandsbek;Wahlkreis 13 - Alstertal - Walddörfer;Volksdorf;5259907;BRIEFWAHLBEZIRK;;;N;0;0;0;0;483;483;0;483;5;478;2380;802;590;64;24;42;3;12;18;47;2;;734;320;355;17;9;7;6;8;5;4;3;53;11;22;9;5;6;;;;;;96;25;15;11;2;11;20;6;1;0;5;510;262;161;54;33;;;;;;;103;64;26;13;;82;82;;;;;;;;;;;;
Bezirk Wandsbek;Wahlkreis 13 - Alstertal - Walddörfer;Volksdorf;5259908;BRIEFWAHLBEZIRK;;;N;0;0;0;0;603;603;0;603;5;598;2975;1000;729;96;38;57;3;4;20;49;4;;847;383;368;16;22;13;14;10;10;4;7;116;46;43;10;9;8;;;;;;113;45;35;19;2;3;2;2;1;0;4;662;337;192;82;51;;;;;;;105;68;22;15;;132;132;;;;;;;;;;;;
Bezirk Wandsbek;Wahlkreis 13 - Alstertal - Walddörfer;Volksdorf;5259909;BRIEFWAHLBEZIRK;;;N;0;0;0;0;733;733;0;733;15;718;3581;1162;821;95;40;68;15;10;44;64;5;;1091;443;502;33;28;21;8;22;7;12;15;110;36;43;10;8;13;;;;;;144;55;23;28;0;11;12;0;2;3;10;751;366;174;139;72;;;;;;;128;83;26;19;;195;195;;;;;;;;;;;;
Bezirk Wandsbek;Wahlkreis 13 - Alstertal - Walddörfer;Volksdorf;5259910;BRIEFWAHLBEZIRK;;;N;0;0;0;0;692;692;0;689;11;678;3366;1157;823;129;27;47;5;6;44;72;4;;1025;483;447;23;14;10;17;7;7;12;5;124;25;73;11;7;8;;;;;;97;45;23;16;1;2;3;3;0;0;4;720;370;200;101;49;;;;;;;83;64;11;8;;160;160;;;;;;;;;;;;
Bezirk Wandsbek;Wahlkreis 14 - Rahlstedt;Rahlstedt;52601;STIMMBEZIRK;;;N;1056;617;439;0;476;8;468;476;9;467;2273;817;378;266;50;32;28;14;18;31;;;518;364;13;59;17;25;21;10;9;;;49;32;5;3;3;4;1;1;0;;;186;92;58;36;;;;;;;;463;356;107;;;;;;;;;154;53;101;;;86;86;;;;;;;;;;;;
Bezirk Wandsbek;Wahlkreis 14 - Rahlstedt;Rahlstedt;52602;STIMMBEZIRK;;;N;966;642;324;0;401;4;397;401;6;395;1969;812;393;254;50;25;20;26;15;29;;;413;264;38;43;14;23;10;13;8;;;30;14;4;4;1;6;1;0;0;;;260;163;77;20;;;;;;;;198;174;24;;;;;;;;;208;121;87;;;48;48;;;;;;;;;;;;
Bezirk Wandsbek;Wahlkreis 14 - Rahlstedt;Rahlstedt;52603;STIMMBEZIRK;;;N;1195;841;354;0;495;8;487;485;6;479;2380;871;335;215;137;15;57;38;30;44;;;460;283;45;53;9;30;25;12;3;;;49;9;6;9;4;6;6;8;1;;;325;219;78;28;;;;;;;;382;325;57;;;;;;;;;221;148;73;;;72;72;;;;;;;;;;;;
Bezirk Wandsbek;Wahlkreis 14 - Rahlstedt;Rahlstedt;52604;STIMMBEZIRK;;;N;877;626;251;0;411;4;407;411;3;408;2027;794;410;170;58;21;48;31;14;42;;;345;182;50;25;16;32;23;7;10;;;39;10;6;4;1;7;2;7;2;;;213;121;75;17;;;;;;;;371;313;58;;;;;;;;;220;119;101;;;45;45;;;;;;;;;;;;
Bezirk Wandsbek;Wahlkreis 14 - Rahlstedt;Rahlstedt;52605;STIMMBEZIRK;;;N;1043;692;351;0;469;0;469;469;6;463;2296;818;389;183;117;26;33;36;17;17;;;568;364;53;70;9;28;31;10;3;;;66;35;5;11;4;7;1;1;2;;;213;104;97;12;;;;;;;;466;370;96;;;;;;;;;138;78;60;;;27;27;;;;;;;;;;;;
Bezirk Wandsbek;Wahlkreis 14 - Rahlstedt;Rahlstedt;52606;STIMMBEZIRK;;;N;892;584;308;0;366;5;361;366;7;359;1784;598;244;208;70;11;18;20;12;15;;;516;306;50;67;20;44;11;9;9;;;27;7;3;4;5;4;4;0;0;;;177;134;36;7;;;;;;;;272;210;62;;;;;;;;;127;71;56;;;67;67;;;;;;;;;;;;
Bezirk Wandsbek;Wahlkreis 14 - Rahlstedt;Rahlstedt;52607;STIMMBEZIRK;;;N;1077;677;400;0;377;4;373;377;3;374;1841;750;340;143;153;26;38;24;8;18;;;373;205;47;48;8;32;19;8;6;;;30;21;3;3;2;1;0;0;0;;;298;214;54;30;;;;;;;;276;238;38;;;;;;;;;103;74;29;;;11;11;;;;;;;;;;;;
Bezirk Wandsbek;Wahlkreis 14 - Rahlstedt;Rahlstedt;52608;STIMMBEZIRK;;;N;1118;891;227;0;368;0;368;368;9;359;1784;718;307;100;145;35;35;27;35;34;;;341;153;28;75;14;23;28;14;6;;;41;31;2;0;1;6;0;1;0;;;313;225;55;33;;;;;;;;139;106;33;;;;;;;;;180;99;81;;;52;52;;;;;;;;;;;;
Bezirk Wandsbek;Wahlkreis 14 - Rahlstedt;Rahlstedt;52609;STIMMBEZIRK;;;N;867;734;133;0;280;0;280;280;6;274;1359;541;193;61;79;41;54;57;15;41;;;211;81;19;57;14;21;8;6;5;;;40;8;5;4;13;3;1;6;0;;;336;222;79;35;;;;;;;;47;27;20;;;;;;;;;152;83;69;;;32;32;;;;;;;;;;;;
Bezirk Wandsbek;Wahlkreis 14 - Rahlstedt;Rahlstedt;52610;STIMMBEZIRK;;;N;1076;701;375;0;323;6;317;323;9;314;1559;530;270;100;67;22;35;12;9;15;;;391;215;29;72;16;24;23;7;5;;;17;3;0;1;6;0;7;0;0;;;262;168;60;34;;;;;;;;178;142;36;;;;;;;;;150;88;62;;;31;31;;;;;;;;;;;;
Bezirk Wandsbek;Wahlkreis 14 - Rahlstedt;Rahlstedt;52611;STIMMBEZIRK;;;N;904;565;339;0;310;8;302;310;7;303;1485;507;218;149;57;17;28;24;11;3;;;390;281;16;45;8;25;6;6;3;;;29;13;1;3;0;3;4;5;0;;;193;134;27;32;;;;;;;;224;193;31;;;;;;;;;113;64;49;;;29;29;;;;;;;;;;;;
Bezirk Wandsbek;Wahlkreis 14 - Rahlstedt;Rahlstedt;52612;STIMMBEZIRK;;;N;1052;814;238;0;352;2;350;352;8;344;1693;694;335;129;105;29;32;31;2;31;;;312;153;20;73;12;21;6;17;10;;;31;10;6;2;6;4;0;3;0;;;316;197;72;47;;;;;;;;124;91;33;;;;;;;;;192;101;91;;;24;24;;;;;;;;;;;;
Bezirk Wandsbek;Wahlkreis 14 - Rahlstedt;Rahlstedt;52613;STIMMBEZIRK;;;N;1131;768;363;0;397;6;391;397;8;389;1942;757;338;200;97;24;21;14;28;35;;;414;269;17;57;9;45;9;6;2;;;20;11;3;2;1;2;1;0;0;;;270;148;85;37;;;;;;;;297;257;40;;;;;;;;;116;50;66;;;68;68;;;;;;;;;;;;
Bezirk Wandsbek;Wahlkreis 14 - Rahlstedt;Rahlstedt;52614;STIMMBEZIRK;;;N;788;628;160;0;228;3;225;228;3;225;1094;449;180;89;66;33;26;23;9;23;;;216;86;11;56;9;28;15;4;7;;;2;1;0;1;0;0;0;0;0;;;197;122;55;20;;;;;;;;86;55;31;;;;;;;;;122;63;59;;;22;22;;;;;;;;;;;;
Bezirk Wandsbek;Wahlkreis 14 - Rahlstedt;Rahlstedt;52615;STIMMBEZIRK;;;N;1332;840;492;0;503;5;498;503;6;497;2459;820;398;168;103;41;31;33;22;24;;;656;380;75;101;12;43;25;16;4;;;58;17;5;12;6;13;2;1;2;;;213;135;48;30;;;;;;;;477;411;66;;;;;;;;;181;85;96;;;54;54;;;;;;;;;;;;
Bezirk Wandsbek;Wahlkreis 14 - Rahlstedt;Rahlstedt;52616;STIMMBEZIRK;;;N;1067;847;220;0;330;3;327;330;8;322;1575;621;265;130;71;52;28;20;25;30;;;304;140;28;37;26;27;24;13;9;;;26;2;6;6;3;0;7;1;1;;;387;241;94;52;;;;;;;;120;87;33;;;;;;;;;96;48;48;;;21;21;;;;;;;;;;;;
Bezirk Wandsbek;Wahlkreis 14 - Rahlstedt;Rahlstedt;52617;STIMMBEZIRK;;;N;916;601;315;0;380;5;375;380;10;370;1829;748;394;208;68;16;23;13;13;13;;;535;333;44;58;23;41;18;12;6;;;18;10;2;0;3;2;0;1;0;;;211;135;55;21;;;;;;;;170;142;28;;;;;;;;;120;78;42;;;27;27;;;;;;;;;;;;
Bezirk Wandsbek;Wahlkreis 14 - Rahlstedt;Rahlstedt;52618;STIMMBEZIRK;;;N;1116;729;387;0;397;3;394;397;9;388;1920;762;340;215;57;23;23;20;16;68;;;355;215;41;41;11;27;9;7;4;;;60;12;6;9;6;5;8;13;1;;;209;138;54;17;;;;;;;;267;224;43;;;;;;;;;218;131;87;;;49;49;;;;;;;;;;;;
Bezirk Wandsbek;Wahlkreis 14 - Rahlstedt;Rahlstedt;52619;STIMMBEZIRK;;;N;990;673;317;0;393;1;392;393;5;388;1918;679;365;148;43;25;33;22;9;34;;;509;350;50;37;20;19;16;15;2;;;14;3;2;2;3;3;1;0;0;;;271;147;97;27;;;;;;;;265;200;65;;;;;;;;;138;84;54;;;42;42;;;;;;;;;;;;
Bezirk Wandsbek;Wahlkreis 14 - Rahlstedt;Rahlstedt;52620;STIMMBEZIRK;;;N;1011;817;194;0;312;0;312;312;9;303;1497;621;284;161;28;25;22;21;29;51;;;221;124;23;29;6;12;12;5;10;;;17;8;1;1;3;2;1;0;1;;;339;198;97;44;;;;;;;;104;73;31;;;;;;;;;171;107;64;;;24;24;;;;;;;;;;;;
Bezirk Wandsbek;Wahlkreis 14 - Rahlstedt;Rahlstedt;52621;STIMMBEZIRK;;;N;1140;869;271;0;482;7;475;482;4;478;2369;1126;678;216;81;33;46;28;20;24;;;496;322;50;51;17;22;19;10;5;;;59;21;1;3;8;12;13;1;0;;;333;197;108;28;;;;;;;;159;128;31;;;;;;;;;179;101;78;;;17;17;;;;;;;;;;;;
Bezirk Wandsbek;Wahlkreis 14 - Rahlstedt;Rahlstedt;52622;STIMMBEZIRK;;;N;1037;700;337;0;377;0;377;377;2;375;1861;663;349;148;61;17;15;14;10;49;;;478;296;36;55;18;34;26;12;1;;;30;3;6;9;4;4;1;2;1;;;250;162;49;39;;;;;;;;253;212;41;;;;;;;;;154;99;55;;;33;33;;;;;;;;;;;;
Bezirk Wandsbek;Wahlkreis 14 - Rahlstedt;Rahlstedt;52623;STIMMBEZIRK;;;N;884;602;282;0;383;4;379;383;6;377;1869;759;397;222;40;19;14;25;21;21;;;420;204;52;82;21;22;10;18;11;;;20;5;5;0;2;0;1;7;0;;;254;179;53;22;;;;;;;;243;201;42;;;;;;;;;129;87;42;;;44;44;;;;;;;;;;;;
Bezirk Wandsbek;Wahlkreis 14 - Rahlstedt;Rahlstedt;52624;STIMMBEZIRK;;;N;786;551;235;0;350;0;350;350;4;346;1709;562;233;162;40;43;23;36;10;15;;;496;263;67;54;24;52;18;15;3;;;39;22;4;3;5;4;1;0;0;;;169;101;52;16;;;;;;;;263;183;80;;;;;;;;;142;96;46;;;38;38;;;;;;;;;;;;
Bezirk Wandsbek;Wahlkreis 14 - Rahlstedt;Rahlstedt;52625;STIMMBEZIRK;;;N;1114;798;316;0;460;1;459;460;3;457;2277;855;435;145;78;37;51;41;21;47;;;561;342;44;90;14;46;15;8;2;;;19;4;4;1;1;1;1;7;0;;;349;224;99;26;;;;;;;;312;260;52;;;;;;;;;141;84;57;;;40;40;;;;;;;;;;;;
Bezirk Wandsbek;Wahlkreis 14 - Rahlstedt;Rahlstedt;52626;STIMMBEZIRK;;;N;882;628;254;0;295;1;294;295;9;286;1415;486;189;168;18;22;19;24;20;26;;;392;184;58;62;21;27;22;8;10;;;33;9;8;2;2;7;2;1;2;;;233;165;33;35;;;;;;;;162;134;28;;;;;;;;;106;55;51;;;3;3;;;;;;;;;;;;
Bezirk Wandsbek;Wahlkreis 14 - Rahlstedt;Rahlstedt;52628;STIMMBEZIRK;;;N;1179;988;191;0;378;2;376;378;14;364;1777;702;297;180;88;26;24;22;29;36;;;314;155;37;69;12;17;15;5;4;;;31;22;3;1;1;1;3;0;0;;;492;250;174;68;;;;;;;;82;64;18;;;;;;;;;137;98;39;;;19;19;;;;;;;;;;;;
Bezirk Wandsbek;Wahlkreis 14 - Rahlstedt;Rahlstedt;52629;STIMMBEZIRK;;;N;1242;1035;207;0;342;0;342;342;16;326;1609;591;233;93;86;24;29;48;30;48;;;207;117;17;49;3;6;9;6;0;;;20;9;3;5;2;1;0;0;0;;;454;276;132;46;;;;;;;;138;108;30;;;;;;;;;160;86;74;;;39;39;;;;;;;;;;;;
Bezirk Wandsbek;Wahlkreis 14 - Rahlstedt;Rahlstedt;52630;STIMMBEZIRK;;;N;1015;810;205;0;298;1;297;298;9;289;1428;580;276;72;154;20;20;14;3;21;;;282;141;24;73;18;9;11;6;0;;;10;3;1;0;3;1;1;0;1;;;358;236;100;22;;;;;;;;94;75;19;;;;;;;;;89;51;38;;;15;15;;;;;;;;;;;;
Bezirk Wandsbek;Wahlkreis 14 - Rahlstedt;Rahlstedt;52631;STIMMBEZIRK;;;N;655;486;169;0;220;1;219;219;6;213;1049;376;164;91;24;11;31;17;24;14;;;244;122;17;52;5;18;18;9;3;;;7;6;1;0;0;0;0;0;0;;;120;70;29;21;;;;;;;;138;118;20;;;;;;;;;120;75;45;;;44;44;;;;;;;;;;;;
Bezirk Wandsbek;Wahlkreis 14 - Rahlstedt;Rahlstedt;52632;STIMMBEZIRK;;;N;1140;838;302;0;385;2;383;383;9;374;1861;714;379;98;113;19;27;21;31;26;;;430;228;40;60;12;41;24;17;8;;;24;10;1;2;3;6;1;0;1;;;374;247;101;26;;;;;;;;159;130;29;;;;;;;;;130;97;33;;;30;30;;;;;;;;;;;;
Bezirk Wandsbek;Wahlkreis 14 - Rahlstedt;Rahlstedt;52633;STIMMBEZIRK;;;N;1145;681;464;0;322;13;309;311;13;298;1479;474;260;80;33;16;17;18;28;22;;;390;197;38;51;13;16;47;21;7;;;21;9;0;0;1;5;0;5;1;;;220;165;42;13;;;;;;;;169;133;36;;;;;;;;;190;117;73;;;15;15;;;;;;;;;;;;
Bezirk Wandsbek;Wahlkreis 14 - Rahlstedt;Rahlstedt;52634;STIMMBEZIRK;;;N;1077;692;385;0;359;1;358;359;3;356;1738;686;318;155;34;24;32;64;24;35;;;378;195;48;60;13;21;28;5;8;;;35;21;2;5;3;2;1;0;1;;;257;162;62;33;;;;;;;;218;138;80;;;;;;;;;134;67;67;;;30;30;;;;;;;;;;;;
Bezirk Wandsbek;Wahlkreis 14 - Rahlstedt;Rahlstedt;52635;STIMMBEZIRK;;;N;1021;672;349;0;415;4;411;415;8;407;2014;664;339;153;51;24;32;22;13;30;;;536;344;39;61;17;34;17;15;9;;;34;14;12;1;4;1;2;0;0;;;279;167;80;32;;;;;;;;300;255;45;;;;;;;;;151;99;52;;;50;50;;;;;;;;;;;;
Bezirk Wandsbek;Wahlkreis 14 - Rahlstedt;Rahlstedt;52636;STIMMBEZIRK;;;N;1012;714;298;0;359;3;356;359;6;353;1748;612;308;113;58;30;25;28;16;34;;;319;186;25;44;18;16;25;4;1;;;53;19;8;8;7;3;1;4;3;;;264;183;59;22;;;;;;;;235;184;51;;;;;;;;;224;123;101;;;41;41;;;;;;;;;;;;
Bezirk Wandsbek;Wahlkreis 14 - Rahlstedt;Rahlstedt;52637;STIMMBEZIRK;;;N;986;858;128;0;291;0;291;291;8;283;1397;485;197;100;60;35;30;21;14;28;;;298;151;30;70;13;14;12;4;4;;;23;11;0;0;9;1;1;0;1;;;273;192;44;37;;;;;;;;85;66;19;;;;;;;;;198;117;81;;;35;35;;;;;;;;;;;;
Bezirk Wandsbek;Wahlkreis 14 - Rahlstedt;Rahlstedt;52638;STIMMBEZIRK;;;N;1394;1155;239;0;428;2;426;428;10;418;2057;664;217;105;167;34;49;50;23;19;;;403;208;37;47;10;52;25;20;4;;;27;12;2;2;2;5;4;0;0;;;511;351;113;47;;;;;;;;195;150;45;;;;;;;;;238;144;94;;;19;19;;;;;;;;;;;;
Bezirk Wandsbek;Wahlkreis 14 - Rahlstedt;Rahlstedt;52639;STIMMBEZIRK;;;N;1071;869;202;0;376;1;375;376;9;367;1805;621;289;100;133;15;24;21;16;23;;;365;174;30;88;17;19;10;22;5;;;31;12;1;3;1;9;0;2;3;;;467;324;93;50;;;;;;;;152;119;33;;;;;;;;;128;67;61;;;41;41;;;;;;;;;;;;
Bezirk Wandsbek;Wahlkreis 14 - Rahlstedt;Rahlstedt;52640;STIMMBEZIRK;;;N;984;684;300;0;431;2;429;431;1;430;2149;722;282;147;85;41;51;43;19;54;;;577;318;64;57;36;39;25;23;15;;;37;14;2;11;3;2;2;1;2;;;235;161;49;25;;;;;;;;342;270;72;;;;;;;;;205;147;58;;;31;31;;;;;;;;;;;;
Bezirk Wandsbek;Wahlkreis 14 - Rahlstedt;Rahlstedt;52642;STIMMBEZIRK;;;N;887;628;259;0;353;2;351;353;7;346;1699;634;295;163;100;13;10;19;16;18;;;316;163;35;49;5;29;11;23;1;;;37;20;2;1;4;3;5;1;1;;;319;188;83;48;;;;;;;;240;185;55;;;;;;;;;114;70;44;;;39;39;;;;;;;;;;;;
Bezirk Wandsbek;Wahlkreis 14 - Rahlstedt;Rahlstedt;52643;STIMMBEZIRK;;;N;1024;730;294;0;442;3;439;442;8;434;2145;907;535;162;43;22;41;44;26;34;;;560;335;62;47;13;37;30;27;9;;;52;20;10;5;2;9;1;4;1;;;191;121;53;17;;;;;;;;251;221;30;;;;;;;;;170;88;82;;;14;14;;;;;;;;;;;;
Bezirk Wandsbek;Wahlkreis 14 - Rahlstedt;Rahlstedt;52644;STIMMBEZIRK;;;N;684;509;175;0;213;1;212;213;3;210;1042;341;162;108;21;14;14;6;4;12;;;216;111;21;27;14;24;8;4;7;;;11;1;1;0;6;1;0;2;0;;;147;95;40;12;;;;;;;;123;95;28;;;;;;;;;170;99;71;;;34;34;;;;;;;;;;;;
Bezirk Wandsbek;Wahlkreis 14 - Rahlstedt;Rahlstedt;52647;STIMMBEZIRK;;;N;838;599;239;0;260;4;256;260;0;260;1274;443;241;70;55;13;31;10;8;15;;;346;198;35;55;6;31;17;3;1;;;11;7;0;1;1;0;2;0;0;;;189;124;35;30;;;;;;;;169;133;36;;;;;;;;;99;54;45;;;17;17;;;;;;;;;;;;
Bezirk Wandsbek;Wahlkreis 14 - Rahlstedt;Rahlstedt;52648;STIMMBEZIRK;;;N;938;648;290;0;389;11;378;389;5;384;1899;869;368;280;57;36;41;34;17;36;;;370;172;57;58;7;44;11;11;10;;;31;12;0;9;7;1;1;0;1;;;248;173;46;29;;;;;;;;175;135;40;;;;;;;;;167;94;73;;;39;39;;;;;;;;;;;;
Bezirk Wandsbek;Wahlkreis 14 - Rahlstedt;Rahlstedt;52651;STIMMBEZIRK;;;N;958;605;353;0;400;2;398;400;9;391;1945;733;403;148;79;33;26;22;13;9;;;540;359;35;61;9;30;24;11;11;;;29;4;7;4;5;1;3;5;0;;;260;164;74;22;;;;;;;;242;190;52;;;;;;;;;108;54;54;;;33;33;;;;;;;;;;;;
Bezirk Wandsbek;Wahlkreis 14 - Rahlstedt;Rahlstedt;52652;STIMMBEZIRK;;;N;1076;728;348;0;444;6;438;444;6;438;2104;769;270;159;114;52;44;62;30;38;;;550;288;50;98;27;39;29;14;5;;;67;27;5;15;7;6;4;3;0;;;300;209;42;49;;;;;;;;220;168;52;;;;;;;;;135;74;61;;;63;63;;;;;;;;;;;;
Bezirk Wandsbek;Wahlkreis 14 - Rahlstedt;Rahlstedt;52653;STIMMBEZIRK;;;N;1219;815;404;0;444;5;439;444;5;439;2183;637;302;163;91;13;24;20;14;10;;;650;387;45;102;15;48;15;19;19;;;79;18;5;11;16;6;14;4;5;;;254;178;59;17;;;;;;;;324;259;65;;;;;;;;;182;122;60;;;57;57;;;;;;;;;;;;
Bezirk Wandsbek;Wahlkreis 14 - Rahlstedt;Rahlstedt;52654;STIMMBEZIRK;;;N;901;608;293;0;449;7;442;449;6;443;2215;850;380;326;33;28;23;18;25;17;;;536;334;48;50;23;40;16;13;12;;;35;21;3;4;0;2;0;0;5;;;186;126;50;10;;;;;;;;400;283;117;;;;;;;;;156;81;75;;;52;52;;;;;;;;;;;;
Bezirk Wandsbek;Wahlkreis 14 - Rahlstedt;Rahlstedt;52657;STIMMBEZIRK;;;N;1115;802;313;0;506;7;499;506;6;500;2469;1022;417;233;242;31;43;13;18;25;;;641;363;59;86;37;41;29;15;11;;;30;10;11;7;0;0;2;0;0;;;391;251;89;51;;;;;;;;163;119;44;;;;;;;;;195;130;65;;;27;27;;;;;;;;;;;;
Bezirk Wandsbek;Wahlkreis 14 - Rahlstedt;Rahlstedt;52659;STIMMBEZIRK;;;N;1058;812;246;0;382;8;374;373;8;365;1797;800;397;171;28;45;30;55;33;41;;;382;220;52;32;13;42;11;6;6;;;38;20;3;4;1;9;0;1;0;;;244;162;48;34;;;;;;;;147;127;20;;;;;;;;;151;76;75;;;35;35;;;;;;;;;;;;
Bezirk Wandsbek;Wahlkreis 14 - Rahlstedt;Rahlstedt;52660;STIMMBEZIRK;;;N;1015;718;297;0;363;1;362;363;5;358;1764;667;322;134;84;26;39;26;19;17;;;474;270;41;55;22;48;20;10;8;;;31;14;7;1;1;7;0;0;1;;;209;125;47;37;;;;;;;;190;142;48;;;;;;;;;138;94;44;;;55;55;;;;;;;;;;;;
Bezirk Wandsbek;Wahlkreis 14 - Rahlstedt;Rahlstedt;52663;STIMMBEZIRK;;;N;684;576;108;0;199;4;195;198;5;193;960;357;177;85;38;11;12;8;6;20;;;208;125;28;23;4;15;2;6;5;;;10;2;0;5;0;1;2;0;0;;;251;166;73;12;;;;;;;;56;43;13;;;;;;;;;73;47;26;;;5;5;;;;;;;;;;;;
Bezirk Wandsbek;Wahlkreis 14 - Rahlstedt;Rahlstedt;52664;STIMMBEZIRK;;;N;947;656;291;0;417;1;416;417;2;415;2044;749;367;207;35;39;29;12;34;26;;;400;217;49;56;16;21;19;9;13;;;36;7;1;11;4;2;7;4;0;;;232;159;36;37;;;;;;;;380;311;69;;;;;;;;;216;116;100;;;31;31;;;;;;;;;;;;
Bezirk Wandsbek;Wahlkreis 14 - Rahlstedt;Rahlstedt;52665;STIMMBEZIRK;;;N;1043;840;203;0;326;1;325;326;12;314;1518;653;302;165;55;19;18;44;20;30;;;263;163;23;33;15;8;5;14;2;;;27;11;3;3;2;5;2;1;0;;;328;224;80;24;;;;;;;;109;87;22;;;;;;;;;126;69;57;;;12;12;;;;;;;;;;;;
Bezirk Wandsbek;Wahlkreis 14 - Rahlstedt;Rahlstedt;52666;STIMMBEZIRK;;;N;1164;760;404;0;352;6;346;352;4;348;1732;575;288;95;65;40;24;26;18;19;;;374;217;44;38;21;28;9;12;5;;;37;15;3;11;1;3;1;2;1;;;309;224;65;20;;;;;;;;238;202;36;;;;;;;;;158;79;79;;;41;41;;;;;;;;;;;;
Bezirk Wandsbek;Wahlkreis 14 - Rahlstedt;Rahlstedt;52667;STIMMBEZIRK;;;N;916;606;310;0;338;1;337;338;1;337;1677;672;360;156;64;17;25;28;7;15;;;383;224;32;70;15;27;2;9;4;;;1;0;0;1;0;0;0;0;0;;;201;114;60;27;;;;;;;;268;213;55;;;;;;;;;100;52;48;;;52;52;;;;;;;;;;;;
Bezirk Wandsbek;Wahlkreis 14 - Rahlstedt;Rahlstedt;52669;STIMMBEZIRK;;;N;797;547;250;0;363;1;362;362;6;356;1750;734;390;164;44;31;41;20;12;32;;;463;343;35;29;10;23;10;3;10;;;42;17;3;6;2;8;1;5;0;;;196;120;52;24;;;;;;;;188;139;49;;;;;;;;;96;74;22;;;31;31;;;;;;;;;;;;
Bezirk Wandsbek;Wahlkreis 14 - Rahlstedt;Rahlstedt;52670;STIMMBEZIRK;;;N;804;632;172;0;372;7;365;372;8;364;1790;731;343;197;52;19;24;37;16;43;;;480;264;54;50;14;38;35;15;10;;;1;0;1;0;0;0;0;0;0;;;220;141;61;18;;;;;;;;179;136;43;;;;;;;;;131;76;55;;;48;48;;;;;;;;;;;;
Bezirk Wandsbek;Wahlkreis 14 - Rahlstedt;Rahlstedt;52672;STIMMBEZIRK;;;N;1086;734;352;0;478;4;474;478;11;467;2329;793;416;214;42;30;44;16;8;23;;;570;315;82;73;13;43;21;14;9;;;44;23;4;6;2;3;3;3;0;;;330;252;68;10;;;;;;;;394;278;116;;;;;;;;;144;75;69;;;54;54;;;;;;;;;;;;
Bezirk Wandsbek;Wahlkreis 14 - Rahlstedt;Rahlstedt;52674;STIMMBEZIRK;;;N;1072;795;277;0;422;1;421;422;6;416;2055;847;450;234;55;21;20;30;13;24;;;446;266;54;39;19;25;25;12;6;;;27;13;0;4;5;0;0;5;0;;;340;238;79;23;;;;;;;;210;150;60;;;;;;;;;145;90;55;;;40;40;;;;;;;;;;;;
Bezirk Wandsbek;Wahlkreis 14 - Rahlstedt;Rahlstedt;52675;STIMMBEZIRK;;;N;575;458;117;0;248;1;247;244;5;239;1175;501;269;113;49;18;21;15;13;3;;;244;122;31;33;14;27;11;4;2;;;20;13;1;1;1;1;3;0;0;;;164;103;43;18;;;;;;;;92;75;17;;;;;;;;;119;58;61;;;35;35;;;;;;;;;;;;
Bezirk Wandsbek;Wahlkreis 14 - Rahlstedt;Rahlstedt;52676;STIMMBEZIRK;;;N;1039;721;318;0;370;7;363;370;10;360;1766;665;388;114;53;14;23;28;16;29;;;282;155;23;34;16;18;22;10;4;;;35;22;2;2;6;1;1;1;0;;;355;183;121;51;;;;;;;;237;191;46;;;;;;;;;168;99;69;;;24;24;;;;;;;;;;;;
Bezirk Wandsbek;Wahlkreis 14 - Rahlstedt;Rahlstedt;52677;STIMMBEZIRK;;;N;1046;784;262;0;350;17;333;349;7;342;1694;634;303;104;51;25;38;35;19;59;;;329;175;23;60;9;19;23;15;5;;;34;8;3;7;0;7;5;3;1;;;352;221;97;34;;;;;;;;101;71;30;;;;;;;;;205;100;105;;;39;39;;;;;;;;;;;;
Bezirk Wandsbek;Wahlkreis 14 - Rahlstedt;Rahlstedt;52678;STIMMBEZIRK;;;N;1072;700;372;0;534;7;527;534;6;528;2613;1044;616;190;80;46;45;19;20;28;;;751;460;68;81;19;60;31;22;10;;;41;13;2;11;1;12;2;0;0;;;164;123;30;11;;;;;;;;387;295;92;;;;;;;;;186;89;97;;;40;40;;;;;;;;;;;;
Bezirk Wandsbek;Wahlkreis 14 - Rahlstedt;Rahlstedt;5269901;BRIEFWAHLBEZIRK;;;N;0;0;0;0;729;729;0;729;5;724;3620;1252;642;314;73;61;39;35;28;60;;;1116;683;95;134;42;83;49;14;16;;;152;83;21;6;12;11;9;8;2;;;158;99;43;16;;;;;;;;642;501;141;;;;;;;;;194;104;90;;;106;106;;;;;;;;;;;;
Bezirk Wandsbek;Wahlkreis 14 - Rahlstedt;Rahlstedt;5269902;BRIEFWAHLBEZIRK;;;N;0;0;0;0;656;656;0;656;4;652;3236;1446;715;306;161;67;54;60;36;47;;;828;369;81;146;41;100;46;28;17;;;74;28;6;7;9;3;14;7;0;;;249;169;48;32;;;;;;;;420;318;102;;;;;;;;;119;77;42;;;100;100;;;;;;;;;;;;
Bezirk Wandsbek;Wahlkreis 14 - Rahlstedt;Rahlstedt;5269903;BRIEFWAHLBEZIRK;;;N;0;0;0;0;594;594;0;594;7;587;2872;1354;615;286;188;58;41;52;39;75;;;663;325;78;145;32;33;30;12;8;;;59;16;9;14;4;15;1;0;0;;;224;146;60;18;;;;;;;;335;254;81;;;;;;;;;140;85;55;;;97;97;;;;;;;;;;;;
Bezirk Wandsbek;Wahlkreis 14 - Rahlstedt;Rahlstedt;5269904;BRIEFWAHLBEZIRK;;;N;0;0;0;0;568;568;0;565;4;561;2800;1262;599;290;132;58;24;66;28;65;;;661;318;72;136;26;62;27;14;6;;;58;32;8;3;1;6;5;0;3;;;280;161;85;34;;;;;;;;351;241;110;;;;;;;;;130;78;52;;;58;58;;;;;;;;;;;;
Bezirk Wandsbek;Wahlkreis 14 - Rahlstedt;Rahlstedt;5269905;BRIEFWAHLBEZIRK;;;N;0;0;0;0;582;582;0;572;4;568;2825;1246;653;213;141;48;65;46;38;42;;;782;382;94;122;21;98;30;26;9;;;56;43;6;0;6;0;1;0;0;;;288;177;92;19;;;;;;;;248;197;51;;;;;;;;;125;74;51;;;80;80;;;;;;;;;;;;
Bezirk Wandsbek;Wahlkreis 14 - Rahlstedt;Rahlstedt;5269906;BRIEFWAHLBEZIRK;;;N;0;0;0;0;602;602;0;599;6;593;2945;1272;619;250;145;69;43;49;46;51;;;677;332;63;131;13;64;31;36;7;;;72;24;4;12;2;16;9;4;1;;;309;202;73;34;;;;;;;;396;286;110;;;;;;;;;116;70;46;;;103;103;;;;;;;;;;;;
Bezirk Wandsbek;Wahlkreis 14 - Rahlstedt;Rahlstedt;5269907;BRIEFWAHLBEZIRK;;;N;0;0;0;0;651;651;0;651;5;646;3221;1243;620;294;147;40;35;50;24;33;;;944;471;95;153;34;102;47;26;16;;;87;23;13;11;8;14;12;5;1;;;322;197;77;48;;;;;;;;301;224;77;;;;;;;;;216;119;97;;;108;108;;;;;;;;;;;;
Bezirk Wandsbek;Wahlkreis 14 - Rahlstedt;Rahlstedt;5269908;BRIEFWAHLBEZIRK;;;N;0;0;0;0;662;662;0;662;3;659;3285;1445;684;309;186;45;80;55;29;57;;;881;471;84;133;36;64;50;29;14;;;62;16;8;5;7;12;7;6;1;;;297;162;73;62;;;;;;;;351;249;102;;;;;;;;;180;98;82;;;69;69;;;;;;;;;;;;
Bezirk Wandsbek;Wahlkreis 14 - Rahlstedt;Rahlstedt;5269909;BRIEFWAHLBEZIRK;;;N;0;0;0;0;669;669;0;669;7;662;3304;1466;743;265;176;49;64;55;58;56;;;762;397;82;130;25;67;31;25;5;;;91;34;15;8;7;6;7;9;5;;;331;213;83;35;;;;;;;;340;254;86;;;;;;;;;244;136;108;;;70;70;;;;;;;;;;;;
Bezirk Wandsbek;Wahlkreis 14 - Rahlstedt;Rahlstedt;5269910;BRIEFWAHLBEZIRK;;;N;0;0;0;0;629;629;0;629;5;624;3116;1222;527;281;133;49;38;92;53;49;;;894;437;91;164;29;82;51;24;16;;;96;32;15;6;13;13;11;5;1;;;272;152;75;45;;;;;;;;363;266;97;;;;;;;;;171;102;69;;;98;98;;;;;;;;;;;;
Bezirk Wandsbek;Wahlkreis 14 - Rahlstedt;Rahlstedt;5269911;BRIEFWAHLBEZIRK;;;N;0;0;0;0;622;622;0;622;4;618;3066;1305;625;295;174;32;42;70;25;42;;;859;435;69;181;30;68;45;24;7;;;55;32;5;7;2;4;2;3;0;;;288;167;87;34;;;;;;;;307;218;89;;;;;;;;;169;80;89;;;83;83;;;;;;;;;;;;
Bezirk Wandsbek;Wahlkreis 14 - Rahlstedt;Rahlstedt;5269912;BRIEFWAHLBEZIRK;;;N;0;0;0;0;626;626;0;623;5;618;3082;1256;600;294;160;50;36;42;38;36;;;789;382;78;170;24;64;49;12;10;;;56;20;6;14;2;6;5;2;1;;;284;178;74;32;;;;;;;;342;241;101;;;;;;;;;275;133;142;;;80;80;;;;;;;;;;;;
Bezirk Wandsbek;Wahlkreis 14 - Rahlstedt;Rahlstedt;5269913;BRIEFWAHLBEZIRK;;;N;0;0;0;0;609;609;0;605;3;602;2960;1236;552;308;163;53;43;53;26;38;;;823;449;50;126;29;86;48;26;9;;;93;33;10;18;11;11;3;6;1;;;228;143;50;35;;;;;;;;368;264;104;;;;;;;;;141;90;51;;;71;71;;;;;;;;;;;;
Bezirk Wandsbek;Wahlkreis 14 - Rahlstedt;Rahlstedt;5269914;BRIEFWAHLBEZIRK;;;N;0;0;0;0;635;635;0;635;4;631;3122;1231;547;281;143;67;50;59;39;45;;;812;401;74;167;34;69;39;23;5;;;85;36;4;11;22;6;3;3;0;;;283;196;44;43;;;;;;;;321;235;86;;;;;;;;;296;163;133;;;94;94;;;;;;;;;;;;
Bezirk Wandsbek;Wahlkreis 14 - Rahlstedt;Rahlstedt;5269915;BRIEFWAHLBEZIRK;;;N;0;0;0;0;653;653;0;653;7;646;3197;1331;712;269;147;55;35;45;32;36;;;897;445;89;160;47;86;44;17;9;;;89;29;9;10;14;16;7;3;1;;;209;127;48;34;;;;;;;;351;260;91;;;;;;;;;247;128;119;;;73;73;;;;;;;;;;;;
Bezirk Wandsbek;Wahlkreis 14 - Rahlstedt;Rahlstedt;5269916;BRIEFWAHLBEZIRK;;;N;0;0;0;0;642;642;0;641;6;635;3158;1310;722;220;151;51;32;57;20;57;;;868;451;82;153;26;67;35;37;17;;;87;35;6;13;4;11;7;11;0;;;234;141;68;25;;;;;;;;304;246;58;;;;;;;;;233;135;98;;;122;122;;;;;;;;;;;;
Bezirk Wandsbek;Wahlkreis 14 - Rahlstedt;Rahlstedt;5269917;BRIEFWAHLBEZIRK;;;N;0;0;0;0;702;702;0;697;7;690;3443;1284;572;259;124;57;54;119;37;62;;;936;412;99;163;53;103;55;39;12;;;121;32;12;14;14;28;12;8;1;;;392;215;109;68;;;;;;;;358;246;112;;;;;;;;;274;171;103;;;78;78;;;;;;;;;;;;
Bezirk Wandsbek;Wahlkreis 14 - Rahlstedt;Rahlstedt;5269918;BRIEFWAHLBEZIRK;;;N;0;0;0;0;675;675;0;672;7;665;3306;1281;604;260;164;48;56;64;29;56;;;831;357;75;201;43;66;43;29;17;;;88;45;14;6;0;15;7;0;1;;;317;190;92;35;;;;;;;;379;289;90;;;;;;;;;275;172;103;;;135;135;;;;;;;;;;;;
Bezirk Wandsbek;Wahlkreis 14 - Rahlstedt;Rahlstedt;5269919;BRIEFWAHLBEZIRK;;;N;0;0;0;0;717;717;0;713;3;710;3511;1459;734;288;139;64;76;46;46;66;;;788;373;101;132;28;64;41;27;22;;;127;65;15;3;5;18;12;8;1;;;381;241;100;40;;;;;;;;425;336;89;;;;;;;;;218;154;64;;;113;113;;;;;;;;;;;;
Bezirk Wandsbek;Wahlkreis 14 - Rahlstedt;Rahlstedt;5269920;BRIEFWAHLBEZIRK;;;N;0;0;0;0;651;651;0;651;1;650;3232;1361;685;280;185;36;59;46;20;50;;;749;383;57;107;27;80;38;45;12;;;82;22;12;20;10;5;7;6;0;;;316;207;73;36;;;;;;;;387;306;81;;;;;;;;;215;111;104;;;122;122;;;;;;;;;;;;
Bezirk Wandsbek;Wahlkreis 14 - Rahlstedt;Rahlstedt;5269921;BRIEFWAHLBEZIRK;;;N;0;0;0;0;672;672;0;672;5;667;3327;1253;555;255;116;72;65;65;29;96;;;781;389;67;97;27;105;45;32;19;;;128;46;11;5;9;20;31;5;1;;;355;211;103;41;;;;;;;;405;274;131;;;;;;;;;233;151;82;;;172;172;;;;;;;;;;;;
Bezirk Wandsbek;Wahlkreis 14 - Rahlstedt;Rahlstedt;5269922;BRIEFWAHLBEZIRK;;;N;0;0;0;0;674;674;0;674;3;671;3341;1255;600;252;132;47;69;51;34;70;;;910;475;86;168;23;79;41;30;8;;;128;86;5;7;8;11;9;2;0;;;279;189;56;34;;;;;;;;349;270;79;;;;;;;;;257;136;121;;;163;163;;;;;;;;;;;;
Bezirk Wandsbek;Wahlkreis 14 - Rahlstedt;Rahlstedt;5269923;BRIEFWAHLBEZIRK;;;N;0;0;0;0;705;705;0;704;4;700;3491;1382;608;300;177;59;36;67;67;68;;;872;403;78;168;47;92;51;18;15;;;69;31;14;5;8;7;3;1;0;;;285;163;70;52;;;;;;;;438;325;113;;;;;;;;;332;165;167;;;113;113;;;;;;;;;;;;
Bezirk Wandsbek;Wahlkreis 14 - Rahlstedt;Rahlstedt;5269924;BRIEFWAHLBEZIRK;;;N;0;0;0;0;706;706;0;706;4;702;3505;1354;571;299;114;79;67;88;32;104;;;718;312;84;146;24;46;56;33;17;;;112;34;14;3;14;17;9;19;2;;;324;190;94;40;;;;;;;;439;324;115;;;;;;;;;429;225;204;;;129;129;;;;;;;;;;;;
Bezirk Wandsbek;Wahlkreis 14 - Rahlstedt;Rahlstedt;5269925;BRIEFWAHLBEZIRK;;;N;0;0;0;0;689;689;0;689;8;681;3405;1316;543;284;141;59;82;71;63;73;;;738;373;76;120;23;42;56;25;23;;;122;42;11;11;29;9;9;4;7;;;271;164;80;27;;;;;;;;435;340;95;;;;;;;;;351;176;175;;;172;172;;;;;;;;;;;;
Bezirk Wandsbek;Wahlkreis 14 - Rahlstedt;Rahlstedt;5269926;BRIEFWAHLBEZIRK;;;N;0;0;0;0;662;662;0;659;8;651;3238;1244;549;274;124;68;30;84;45;70;;;797;451;68;134;21;52;37;26;8;;;109;47;13;15;11;11;7;3;2;;;302;173;103;26;;;;;;;;435;327;108;;;;;;;;;212;110;102;;;139;139;;;;;;;;;;;;
Bezirk Bergedorf;Wahlkreis 15 - Bergedorf;Lohbrügge;60101;STIMMBEZIRK;;;N;736;513;222;1;230;1;229;230;3;227;1116;397;144;49;87;26;14;16;10;33;2;16;294;219;9;4;34;15;13;;;;;16;6;5;5;0;0;0;0;0;0;;9;4;3;0;2;0;;;;;;113;54;55;4;;;;;;;;155;96;19;40;;13;3;4;6;111;83;28;8;8;0;0;0;0;
Bezirk Bergedorf;Wahlkreis 15 - Bergedorf;Lohbrügge;60102;STIMMBEZIRK;;;N;1084;811;273;0;360;5;355;360;8;352;1745;571;172;94;102;47;25;24;24;43;13;27;288;176;33;10;34;15;20;;;;;38;17;2;4;0;6;2;0;6;1;;11;6;1;2;1;1;;;;;;288;127;112;49;;;;;;;;299;193;46;60;;45;20;15;10;196;146;50;0;0;6;6;3;3;
Bezirk Bergedorf;Wahlkreis 15 - Bergedorf;Lohbrügge;60103;STIMMBEZIRK;;;N;869;659;210;0;310;3;307;310;7;303;1495;585;232;94;65;67;17;31;25;32;6;16;279;190;15;15;24;20;15;;;;;15;2;2;1;0;0;3;1;1;5;;5;0;2;0;1;2;;;;;;141;68;61;12;;;;;;;;236;160;23;53;;23;19;3;1;189;150;39;13;13;5;5;4;4;
Bezirk Bergedorf;Wahlkreis 15 - Bergedorf;Lohbrügge;60104;STIMMBEZIRK;;;N;667;471;196;0;274;0;274;274;3;271;1341;469;151;78;52;47;28;18;36;29;9;21;230;180;13;1;21;9;6;;;;;29;4;2;2;2;1;5;1;7;5;;7;4;2;1;0;0;;;;;;180;77;84;19;;;;;;;;214;127;27;60;;27;17;5;5;158;125;33;16;16;0;0;11;11;
Bezirk Bergedorf;Wahlkreis 15 - Bergedorf;Lohbrügge;60105;STIMMBEZIRK;;;N;1087;779;308;0;358;0;358;358;9;349;1730;624;190;65;86;87;30;35;37;61;8;25;305;191;17;12;49;22;14;;;;;20;6;10;1;0;0;0;1;0;2;;1;1;0;0;0;0;;;;;;183;70;87;26;;;;;;;;422;235;67;120;;33;14;9;10;125;105;20;1;1;5;5;11;11;
Bezirk Bergedorf;Wahlkreis 15 - Bergedorf;Lohbrügge;60106;STIMMBEZIRK;;;N;1083;740;343;0;500;2;498;500;6;494;2445;729;243;93;82;56;43;50;44;63;20;35;840;582;50;32;95;61;20;;;;;35;21;1;4;2;1;4;1;0;1;;6;2;1;1;1;1;;;;;;160;72;66;22;;;;;;;;380;237;59;84;;38;14;12;12;224;183;41;0;0;31;31;2;2;
Bezirk Bergedorf;Wahlkreis 15 - Bergedorf;Lohbrügge;60107;STIMMBEZIRK;;;N;998;742;256;0;317;1;316;317;4;313;1533;557;153;115;81;41;13;22;19;89;5;19;333;214;16;10;42;21;30;;;;;20;9;0;5;0;1;2;1;2;0;;10;1;1;1;6;1;;;;;;200;94;69;37;;;;;;;;320;156;43;121;;9;1;4;4;59;49;10;18;18;5;5;2;2;
Bezirk Bergedorf;Wahlkreis 15 - Bergedorf;Lohbrügge;60108;STIMMBEZIRK;;;N;884;690;194;0;387;1;386;387;11;376;1845;671;193;114;95;64;48;41;25;50;18;23;353;250;13;11;41;29;9;;;;;35;12;9;0;0;0;6;5;3;0;;1;0;0;0;1;0;;;;;;202;69;112;21;;;;;;;;325;205;53;67;;40;19;16;5;192;148;44;14;14;0;0;12;12;
Bezirk Bergedorf;Wahlkreis 15 - Bergedorf;Lohbrügge;60109;STIMMBEZIRK;;;N;866;589;277;0;296;0;296;296;4;292;1430;555;170;119;75;40;16;34;21;46;11;23;268;150;19;5;43;38;13;;;;;29;23;2;2;0;2;0;0;0;0;;7;2;2;1;0;2;;;;;;163;86;46;31;;;;;;;;229;125;39;65;;39;14;17;8;132;100;32;3;3;5;5;0;0;
Bezirk Bergedorf;Wahlkreis 15 - Bergedorf;Lohbrügge;60110;STIMMBEZIRK;;;N;890;660;230;0;337;1;336;336;4;332;1648;484;124;83;56;52;23;34;19;58;14;21;306;180;23;7;36;57;3;;;;;26;9;1;7;0;2;6;0;1;0;;8;1;2;2;1;2;;;;;;265;106;120;39;;;;;;;;202;116;43;43;;72;42;17;13;248;183;65;11;11;5;5;21;21;
Bezirk Bergedorf;Wahlkreis 15 - Bergedorf;Lohbrügge;60111;STIMMBEZIRK;;;N;718;507;211;0;268;5;263;268;6;262;1280;418;125;77;86;41;7;20;3;32;10;17;315;190;13;16;47;27;22;;;;;11;7;3;1;0;0;0;0;0;0;;10;6;1;1;1;1;;;;;;140;77;49;14;;;;;;;;173;102;35;36;;34;22;10;2;167;147;20;6;6;0;0;6;6;
Bezirk Bergedorf;Wahlkreis 15 - Bergedorf;Lohbrügge;60112;STIMMBEZIRK;;;N;876;632;244;0;285;0;285;285;4;281;1379;532;131;102;109;61;19;19;27;45;10;9;292;175;17;11;57;22;10;;;;;11;2;0;2;0;0;0;6;0;1;;3;1;0;1;0;1;;;;;;178;102;61;15;;;;;;;;190;124;28;38;;20;8;10;2;128;87;41;2;2;15;15;8;8;
Bezirk Bergedorf;Wahlkreis 15 - Bergedorf;Lohbrügge;60113;STIMMBEZIRK;;;N;959;740;219;0;334;2;332;334;4;330;1631;570;160;67;147;43;13;30;13;79;2;16;392;279;17;20;37;36;3;;;;;27;7;1;16;0;1;0;0;2;0;;0;0;0;0;0;0;;;;;;149;56;77;16;;;;;;;;283;163;36;84;;43;22;4;17;146;104;42;11;11;0;0;10;10;
Bezirk Bergedorf;Wahlkreis 15 - Bergedorf;Lohbrügge;60114;STIMMBEZIRK;;;N;1132;811;321;0;281;1;280;281;7;274;1354;384;115;86;63;37;10;16;22;25;3;7;261;162;23;6;47;11;12;;;;;24;8;0;2;0;8;3;1;1;1;;18;6;11;0;0;1;;;;;;196;94;74;28;;;;;;;;284;124;68;92;;38;14;18;6;124;103;21;14;14;6;6;5;5;
Bezirk Bergedorf;Wahlkreis 15 - Bergedorf;Lohbrügge;60116;STIMMBEZIRK;;;N;1048;871;177;0;310;0;310;310;9;301;1502;417;100;63;58;36;27;36;17;63;9;8;315;182;25;8;66;22;12;;;;;7;0;1;1;5;0;0;0;0;0;;15;1;5;4;3;2;;;;;;150;61;59;30;;;;;;;;498;293;63;142;;14;12;2;0;56;47;9;11;11;10;10;9;9;
Bezirk Bergedorf;Wahlkreis 15 - Bergedorf;Lohbrügge;60117;STIMMBEZIRK;;;N;958;744;214;0;353;0;353;353;13;340;1649;697;167;118;145;51;28;40;32;84;5;27;394;276;22;10;52;19;15;;;;;35;10;3;6;5;1;6;2;2;0;;0;0;0;0;0;0;;;;;;139;65;49;25;;;;;;;;249;142;40;67;;27;14;2;11;97;81;16;7;7;0;0;4;4;
Bezirk Bergedorf;Wahlkreis 15 - Bergedorf;Lohbrügge;60118;STIMMBEZIRK;;;N;877;700;177;0;259;1;258;259;8;251;1235;420;112;91;58;44;9;17;34;39;5;11;206;145;6;5;29;11;10;;;;;12;1;0;5;1;1;2;0;2;0;;10;3;6;0;0;1;;;;;;188;57;74;57;;;;;;;;262;163;33;66;;22;10;2;10;60;48;12;7;7;42;42;6;6;
Bezirk Bergedorf;Wahlkreis 15 - Bergedorf;Lohbrügge;60119;STIMMBEZIRK;;;N;1105;863;242;0;365;2;363;365;15;350;1720;641;214;84;140;47;20;35;19;50;11;21;269;161;13;5;47;37;6;;;;;21;7;2;2;0;0;1;6;3;0;;16;3;10;0;0;3;;;;;;195;97;72;26;;;;;;;;408;210;60;138;;24;11;6;7;101;69;32;15;15;25;25;5;5;
Bezirk Bergedorf;Wahlkreis 15 - Bergedorf;Lohbrügge;60120;STIMMBEZIRK;;;N;950;705;245;0;305;0;305;305;3;302;1496;570;168;104;87;53;14;34;31;65;8;6;383;290;17;12;26;26;12;;;;;20;15;5;0;0;0;0;0;0;0;;8;4;1;1;1;1;;;;;;113;46;46;21;;;;;;;;251;157;36;58;;26;18;3;5;108;83;25;7;7;0;0;10;10;
Bezirk Bergedorf;Wahlkreis 15 - Bergedorf;Lohbrügge;60121;STIMMBEZIRK;;;N;922;658;264;0;394;2;392;394;14;380;1875;503;183;63;41;58;25;38;19;50;1;25;569;384;50;25;65;30;15;;;;;23;13;2;0;1;0;5;0;0;2;;16;16;0;0;0;0;;;;;;180;121;44;15;;;;;;;;245;149;25;71;;35;23;4;8;244;190;54;34;34;7;7;19;19;
Bezirk Bergedorf;Wahlkreis 15 - Bergedorf;Lohbrügge;60122;STIMMBEZIRK;;;N;1029;733;296;0;356;6;350;356;13;343;1700;627;198;117;74;68;25;42;15;53;8;27;329;210;23;12;43;34;7;;;;;42;3;7;20;0;0;8;0;1;3;;2;1;0;0;0;1;;;;;;229;116;88;25;;;;;;;;268;160;39;69;;44;21;13;10;138;110;28;11;11;0;0;10;10;
Bezirk Bergedorf;Wahlkreis 15 - Bergedorf;Lohbrügge;60123;STIMMBEZIRK;;;N;972;732;240;0;300;0;300;300;9;291;1429;417;131;55;46;34;18;30;44;27;14;18;428;289;16;6;66;38;13;;;;;17;9;3;1;0;0;0;3;0;1;;8;3;5;0;0;0;;;;;;181;85;51;45;;;;;;;;294;175;39;80;;30;15;2;13;33;26;7;11;11;10;10;0;0;
Bezirk Bergedorf;Wahlkreis 15 - Bergedorf;Lohbrügge;60125;STIMMBEZIRK;;;N;810;626;184;0;237;3;234;237;7;230;1117;321;107;42;55;20;4;17;15;40;2;19;235;120;12;10;52;18;23;;;;;15;2;0;3;0;3;1;4;1;1;;3;0;3;0;0;0;;;;;;148;65;62;21;;;;;;;;225;112;50;63;;42;23;8;11;84;70;14;7;7;36;36;1;1;
Bezirk Bergedorf;Wahlkreis 15 - Bergedorf;Lohbrügge;60126;STIMMBEZIRK;;;N;1294;1045;249;0;393;0;393;393;12;381;1883;606;242;116;70;53;19;25;14;36;9;22;297;174;11;12;52;34;14;;;;;14;11;0;1;0;0;2;0;0;0;;11;11;0;0;0;0;;;;;;304;110;142;52;;;;;;;;401;162;69;170;;54;45;4;5;174;129;45;14;14;2;2;6;6;
Bezirk Bergedorf;Wahlkreis 15 - Bergedorf;Lohbrügge;60127;STIMMBEZIRK;;;N;1243;928;315;0;359;1;358;359;8;351;1734;653;173;119;143;51;23;27;29;57;13;18;306;176;23;7;53;31;16;;;;;54;29;1;12;1;3;3;0;5;0;;0;0;0;0;0;0;;;;;;175;45;91;39;;;;;;;;335;188;43;104;;36;29;4;3;147;120;27;18;18;5;5;5;5;
Bezirk Bergedorf;Wahlkreis 15 - Bergedorf;Lohbrügge;60130;STIMMBEZIRK;;;N;608;439;169;0;224;1;223;223;10;213;998;361;56;71;102;15;15;18;19;48;5;12;211;146;14;11;22;7;11;;;;;28;9;0;13;1;1;3;0;1;0;;2;0;2;0;0;0;;;;;;123;55;52;16;;;;;;;;199;111;22;66;;24;22;1;1;39;32;7;10;10;0;0;1;1;
Bezirk Bergedorf;Wahlkreis 15 - Bergedorf;Lohbrügge;60131;STIMMBEZIRK;;;N;1083;802;281;0;311;0;311;311;9;302;1460;426;141;112;52;35;16;28;9;16;9;8;269;171;15;12;41;22;8;;;;;23;3;3;2;0;1;0;2;1;11;;23;11;2;6;2;2;;;;;;265;81;122;62;;;;;;;;272;133;47;92;;16;7;4;5;99;78;21;16;16;25;25;26;26;
Bezirk Bergedorf;Wahlkreis 15 - Bergedorf;Lohbrügge;60132;STIMMBEZIRK;;;N;752;525;227;0;303;0;303;303;6;297;1480;500;170;90;82;39;14;22;20;38;2;23;314;197;31;6;39;21;20;;;;;54;25;4;5;0;2;12;5;0;1;;5;1;1;1;1;1;;;;;;183;90;76;17;;;;;;;;140;80;25;35;;32;14;8;10;220;174;46;6;6;6;6;20;20;
Bezirk Bergedorf;Wahlkreis 15 - Bergedorf;Lohbrügge;60133;STIMMBEZIRK;;;N;1430;1055;375;0;483;0;483;483;9;474;2323;621;169;148;77;51;29;34;25;37;21;30;513;297;44;20;96;33;23;;;;;53;15;12;12;4;2;2;2;3;1;;51;44;7;0;0;0;;;;;;270;93;88;89;;;;;;;;505;263;72;170;;26;17;7;2;140;117;23;17;17;103;103;24;24;
Bezirk Bergedorf;Wahlkreis 15 - Bergedorf;Lohbrügge;60134;STIMMBEZIRK;;;N;1037;779;258;0;489;8;481;488;7;481;2387;943;242;263;84;98;46;45;53;61;17;34;547;353;29;23;87;42;13;;;;;46;12;1;16;3;5;1;1;7;0;;15;10;2;1;1;1;;;;;;231;79;81;71;;;;;;;;293;194;27;72;;35;13;9;13;204;168;36;5;5;61;61;7;7;
Bezirk Bergedorf;Wahlkreis 15 - Bergedorf;Lohbrügge;6019901;BRIEFWAHLBEZIRK;;;N;0;0;0;0;458;458;0;456;4;452;2243;910;230;152;151;91;46;59;38;103;10;30;546;340;37;14;82;48;25;;;;;54;27;10;4;0;0;6;1;6;0;;9;6;1;1;1;0;;;;;;206;120;71;15;;;;;;;;194;110;36;48;;57;27;9;21;240;175;65;21;21;0;0;6;6;
Bezirk Bergedorf;Wahlkreis 15 - Bergedorf;Lohbrügge;6019902;BRIEFWAHLBEZIRK;;;N;0;0;0;0;449;449;0;448;4;444;2214;818;175;122;158;91;39;48;30;103;19;33;423;224;32;25;85;34;23;;;;;80;28;6;17;0;4;7;2;16;0;;15;4;4;2;1;4;;;;;;279;153;101;25;;;;;;;;188;97;38;53;;113;59;30;24;260;202;58;27;27;5;5;6;6;
Bezirk Bergedorf;Wahlkreis 15 - Bergedorf;Lohbrügge;6019903;BRIEFWAHLBEZIRK;;;N;0;0;0;0;391;391;0;384;1;383;1866;761;182;116;119;73;34;63;37;104;7;26;356;200;34;15;54;37;16;;;;;58;10;4;11;1;9;10;1;12;0;;19;3;7;2;7;0;;;;;;226;146;50;30;;;;;;;;173;98;31;44;;65;41;6;18;160;113;47;15;15;11;11;22;22;
Bezirk Bergedorf;Wahlkreis 15 - Bergedorf;Lohbrügge;6019904;BRIEFWAHLBEZIRK;;;N;0;0;0;0;520;520;0;516;8;508;2521;1015;252;140;172;83;38;85;38;154;16;37;700;496;29;17;112;36;10;;;;;44;28;1;3;6;2;1;1;2;0;;12;7;0;5;0;0;;;;;;176;88;61;27;;;;;;;;245;138;22;85;;72;29;11;32;239;180;59;10;10;1;1;7;7;
Bezirk Bergedorf;Wahlkreis 15 - Bergedorf;Lohbrügge;6019905;BRIEFWAHLBEZIRK;;;N;0;0;0;0;502;502;0;502;4;498;2466;1163;276;187;221;105;45;91;67;113;21;37;614;423;39;8;81;34;29;;;;;53;13;5;13;1;0;1;2;15;3;;11;1;0;10;0;0;;;;;;142;93;30;19;;;;;;;;136;96;10;30;;70;27;29;14;253;213;40;10;10;0;0;14;14;
Bezirk Bergedorf;Wahlkreis 15 - Bergedorf;Lohbrügge;6019906;BRIEFWAHLBEZIRK;;;N;0;0;0;0;492;492;0;492;7;485;2419;986;232;149;170;104;36;80;55;95;13;52;587;354;35;10;100;50;38;;;;;72;34;12;6;2;0;0;7;11;0;;18;4;11;0;1;2;;;;;;135;55;57;23;;;;;;;;332;168;65;99;;51;34;12;5;200;160;40;18;18;14;14;6;6;
Bezirk Bergedorf;Wahlkreis 15 - Bergedorf;Lohbrügge;6019907;BRIEFWAHLBEZIRK;;;N;0;0;0;0;484;484;0;483;3;480;2371;902;168;130;185;84;38;93;42;113;2;47;662;423;50;18;75;71;25;;;;;57;16;11;7;1;5;5;6;6;0;;23;14;1;6;1;1;;;;;;160;76;58;26;;;;;;;;265;183;27;55;;64;39;10;15;167;142;25;31;31;15;15;25;25;
Bezirk Bergedorf;Wahlkreis 15 - Bergedorf;Lohbrügge;6019908;BRIEFWAHLBEZIRK;;;N;0;0;0;0;470;470;0;466;3;463;2287;772;200;105;159;75;20;59;28;83;12;31;644;377;46;27;106;60;28;;;;;39;19;5;2;0;1;0;5;1;6;;14;2;3;1;2;6;;;;;;190;90;57;43;;;;;;;;298;164;42;92;;78;30;18;30;216;158;58;26;26;5;5;5;5;
Bezirk Bergedorf;Wahlkreis 15 - Bergedorf;Lohbrügge;6019909;BRIEFWAHLBEZIRK;;;N;0;0;0;0;459;459;0;459;4;455;2262;875;223;156;168;57;16;77;32;108;14;24;699;486;34;19;95;45;20;;;;;38;11;10;4;0;1;5;0;4;3;;6;3;2;0;0;1;;;;;;181;82;81;18;;;;;;;;218;156;21;41;;25;13;5;7;191;156;35;15;15;1;1;13;13;
Bezirk Bergedorf;Wahlkreis 15 - Bergedorf;Lohbrügge;6019910;BRIEFWAHLBEZIRK;;;N;0;0;0;0;458;458;0;455;3;452;2258;853;207;142;104;135;28;72;32;78;19;36;552;311;36;20;85;67;33;;;;;39;12;4;10;0;1;4;2;5;1;;20;10;1;3;2;4;;;;;;213;90;69;54;;;;;;;;278;169;46;63;;86;36;27;23;170;119;51;18;18;17;17;12;12;
Bezirk Bergedorf;Wahlkreis 15 - Bergedorf;Lohbrügge;6019911;BRIEFWAHLBEZIRK;;;N;0;0;0;0;453;453;0;452;10;442;2193;806;236;92;126;83;24;64;40;89;10;42;567;332;41;29;88;60;17;;;;;48;16;7;3;7;2;2;7;4;0;;10;2;1;4;1;2;;;;;;180;54;102;24;;;;;;;;194;112;27;55;;124;67;25;32;227;181;46;20;20;5;5;12;12;
Bezirk Bergedorf;Wahlkreis 15 - Bergedorf;Lohbrügge;6019912;BRIEFWAHLBEZIRK;;;N;0;0;0;0;484;484;0;468;4;464;2318;827;272;92;106;76;28;70;46;91;22;24;561;323;36;21;91;69;21;;;;;69;24;7;14;0;1;2;12;8;1;;6;4;1;0;1;0;;;;;;241;93;87;61;;;;;;;;280;160;45;75;;99;29;25;45;179;135;44;23;23;31;31;2;2;
Bezirk Bergedorf;Wahlkreis 15 - Bergedorf;Lohbrügge;6019913;BRIEFWAHLBEZIRK;;;N;0;0;0;0;476;476;0;476;4;472;2331;802;222;114;90;84;30;88;43;85;5;41;513;266;52;20;106;48;21;;;;;101;43;4;20;1;13;4;8;1;7;;4;1;2;0;0;1;;;;;;343;129;148;66;;;;;;;;315;201;51;63;;61;36;20;5;141;102;39;16;16;19;19;16;16;
Bezirk Bergedorf;Wahlkreis 15 - Bergedorf;Lohbrügge;6019914;BRIEFWAHLBEZIRK;;;N;0;0;0;0;444;444;0;444;2;442;2195;736;226;116;78;107;30;40;41;69;14;15;626;371;52;17;79;53;54;;;;;39;13;5;14;2;2;2;1;0;0;;31;25;3;1;1;1;;;;;;278;99;106;73;;;;;;;;218;128;24;66;;46;16;9;21;189;155;34;26;26;1;1;5;5;
Bezirk Bergedorf;Wahlkreis 15 - Bergedorf;Lohbrügge;6019915;BRIEFWAHLBEZIRK;;;N;0;0;0;0;406;406;0;405;2;403;2007;753;240;96;96;64;41;42;26;105;10;33;490;325;18;14;57;64;12;;;;;41;25;7;3;0;0;2;2;1;1;;5;5;0;0;0;0;;;;;;204;57;94;53;;;;;;;;191;126;34;31;;68;43;11;14;202;161;41;20;20;22;22;11;11;
Bezirk Bergedorf;Wahlkreis 15 - Bergedorf;Bergedorf;60201;STIMMBEZIRK;;;N;863;603;260;0;409;3;406;409;7;402;2000;617;233;70;57;57;22;41;31;59;5;42;408;257;34;11;47;47;12;;;;;61;18;5;3;0;0;5;1;28;1;;17;3;2;8;2;2;;;;;;275;105;143;27;;;;;;;;187;99;29;59;;67;37;11;19;348;274;74;4;4;11;11;5;5;
Bezirk Bergedorf;Wahlkreis 15 - Bergedorf;Bergedorf;60202;STIMMBEZIRK;;;N;951;618;333;0;443;1;442;442;0;442;2166;521;204;61;34;57;14;45;36;39;7;24;695;427;53;20;47;120;28;;;;;96;64;12;4;0;1;2;1;12;0;;0;0;0;0;0;0;;;;;;154;67;67;20;;;;;;;;140;76;28;36;;71;40;10;21;457;385;72;11;11;1;1;20;20;
Bezirk Bergedorf;Wahlkreis 15 - Bergedorf;Bergedorf;60203;STIMMBEZIRK;;;N;908;622;286;0;343;5;338;343;5;338;1683;377;109;43;30;55;33;35;13;24;17;18;348;234;29;3;30;33;19;;;;;54;26;18;3;0;3;0;4;0;0;;2;0;0;0;1;1;;;;;;301;129;143;29;;;;;;;;194;132;23;39;;72;34;16;22;333;274;59;0;0;1;1;1;1;
Bezirk Bergedorf;Wahlkreis 15 - Bergedorf;Bergedorf;60204;STIMMBEZIRK;;;N;789;550;239;0;233;5;228;233;7;226;1109;337;110;51;32;40;17;26;23;13;7;18;167;93;15;3;28;15;13;;;;;17;4;2;3;5;1;0;0;2;0;;0;0;0;0;0;0;;;;;;234;56;154;24;;;;;;;;130;80;14;36;;13;9;3;1;178;135;43;16;16;0;0;17;17;
Bezirk Bergedorf;Wahlkreis 15 - Bergedorf;Bergedorf;60205;STIMMBEZIRK;;;N;1223;891;332;0;457;2;455;456;12;444;2159;519;234;64;33;78;20;19;22;23;13;13;289;191;20;2;36;20;20;;;;;38;10;5;4;4;2;1;5;5;2;;0;0;0;0;0;0;;;;;;475;172;256;47;;;;;;;;204;130;36;38;;116;62;18;36;500;398;102;1;1;12;12;5;5;
Bezirk Bergedorf;Wahlkreis 15 - Bergedorf;Bergedorf;60206;STIMMBEZIRK;;;N;1122;815;307;0;390;1;389;390;9;381;1882;589;201;89;44;59;20;44;49;30;31;22;407;267;17;17;50;32;24;;;;;53;29;4;5;1;3;2;2;7;0;;7;2;1;1;1;2;;;;;;175;53;90;32;;;;;;;;226;116;49;61;;91;50;19;22;275;219;56;20;20;11;11;28;28;
Bezirk Bergedorf;Wahlkreis 15 - Bergedorf;Bergedorf;60207;STIMMBEZIRK;;;N;1033;677;356;0;322;0;322;321;5;316;1569;462;178;33;26;75;12;38;26;45;8;21;298;187;16;3;38;27;27;;;;;28;13;2;8;0;2;0;1;1;1;;8;4;1;1;1;1;;;;;;155;49;73;33;;;;;;;;255;156;38;61;;60;42;11;7;280;218;62;11;11;7;7;5;5;
Bezirk Bergedorf;Wahlkreis 15 - Bergedorf;Bergedorf;60208;STIMMBEZIRK;;;N;1008;639;369;0;451;2;449;451;6;445;2215;794;284;89;60;75;27;107;54;42;26;30;529;359;20;17;95;24;14;;;;;35;15;12;5;0;0;0;3;0;0;;5;0;5;0;0;0;;;;;;210;95;93;22;;;;;;;;232;160;22;50;;49;21;13;15;307;227;80;38;38;0;0;16;16;
Bezirk Bergedorf;Wahlkreis 15 - Bergedorf;Bergedorf;60209;STIMMBEZIRK;;;N;978;622;356;0;431;3;428;431;9;422;2094;750;312;76;48;78;33;89;12;61;14;27;488;300;34;27;70;37;20;;;;;21;12;3;0;0;6;0;0;0;0;;5;0;5;0;0;0;;;;;;156;71;71;14;;;;;;;;264;159;22;83;;32;14;11;7;354;286;68;10;10;11;11;3;3;
Bezirk Bergedorf;Wahlkreis 15 - Bergedorf;Bergedorf;60210;STIMMBEZIRK;;;N;993;780;213;0;353;4;349;353;10;343;1688;467;161;65;18;74;15;40;27;40;19;8;340;209;26;17;51;18;19;;;;;17;11;1;5;0;0;0;0;0;0;;4;0;2;0;2;0;;;;;;224;70;134;20;;;;;;;;448;260;54;134;;32;19;4;9;133;89;44;12;12;5;5;6;6;
Bezirk Bergedorf;Wahlkreis 15 - Bergedorf;Bergedorf;60212;STIMMBEZIRK;;;N;983;747;236;0;306;2;304;306;11;295;1452;341;135;33;16;46;14;33;14;24;9;17;267;163;14;21;37;13;19;;;;;30;19;0;7;0;0;2;2;0;0;;1;1;0;0;0;0;;;;;;232;91;107;34;;;;;;;;378;257;44;77;;38;25;7;6;118;94;24;16;16;30;30;1;1;
Bezirk Bergedorf;Wahlkreis 15 - Bergedorf;Bergedorf;60213;STIMMBEZIRK;;;N;1183;1048;135;0;293;2;291;293;15;278;1357;342;166;25;36;44;5;19;16;14;8;9;219;143;13;8;33;13;9;;;;;16;0;6;0;0;10;0;0;0;0;;24;16;8;0;0;0;;;;;;197;77;76;44;;;;;;;;467;287;66;114;;16;6;3;7;59;48;11;11;11;5;5;1;1;
Bezirk Bergedorf;Wahlkreis 15 - Bergedorf;Bergedorf;60215;STIMMBEZIRK;;;N;938;791;147;0;331;0;331;331;0;331;1604;498;201;59;61;53;8;22;44;25;2;23;330;223;21;20;41;16;9;;;;;27;6;5;3;0;1;3;2;4;3;;11;5;6;0;0;0;;;;;;250;104;113;33;;;;;;;;355;185;70;100;;47;26;10;11;61;45;16;4;4;8;8;13;13;
Bezirk Bergedorf;Wahlkreis 15 - Bergedorf;Bergedorf;60223;STIMMBEZIRK;;;N;1107;613;494;0;464;5;459;464;11;453;2231;928;433;81;70;89;46;94;38;30;12;35;563;381;50;14;76;22;20;;;;;18;6;4;1;2;0;3;0;2;0;;11;11;0;0;0;0;;;;;;186;74;86;26;;;;;;;;205;148;25;32;;45;29;10;6;255;219;36;5;5;5;5;10;10;
Bezirk Bergedorf;Wahlkreis 15 - Bergedorf;Bergedorf;60224;STIMMBEZIRK;;;N;1070;690;380;0;485;3;482;485;6;479;2379;839;352;104;62;70;29;108;28;31;26;29;542;387;31;16;73;16;19;;;;;54;27;5;6;0;1;12;0;3;0;;6;4;1;1;0;0;;;;;;210;114;76;20;;;;;;;;324;222;52;50;;35;20;8;7;348;292;56;20;20;0;0;1;1;
Bezirk Bergedorf;Wahlkreis 15 - Bergedorf;Bergedorf;60301;STIMMBEZIRK;;;N;901;594;307;0;432;1;431;432;5;427;2133;521;151;73;23;74;37;39;11;60;7;46;721;504;35;21;51;88;22;;;;;129;73;17;10;4;5;8;3;9;0;;10;2;2;2;2;2;;;;;;179;88;65;26;;;;;;;;78;57;8;13;;50;28;3;19;425;350;75;4;4;10;10;6;6;
Bezirk Bergedorf;Wahlkreis 15 - Bergedorf;Bergedorf;60302;STIMMBEZIRK;;;N;766;590;176;0;340;1;339;340;12;328;1548;558;200;54;35;67;13;100;24;22;6;37;351;219;30;9;53;25;15;;;;;39;10;16;0;3;1;7;0;0;2;;13;3;2;3;2;3;;;;;;177;69;89;19;;;;;;;;157;102;28;27;;41;24;11;6;198;158;40;12;12;0;0;2;2;
Bezirk Bergedorf;Wahlkreis 15 - Bergedorf;Bergedorf;60303;STIMMBEZIRK;;;N;932;671;261;0;446;4;442;446;4;442;2189;673;269;54;41;81;33;47;56;33;9;50;426;232;59;12;47;57;19;;;;;62;52;0;2;1;0;1;2;1;3;;5;0;2;0;3;0;;;;;;337;146;156;35;;;;;;;;209;139;28;42;;52;30;16;6;373;309;64;15;15;5;5;32;32;
Bezirk Bergedorf;Wahlkreis 15 - Bergedorf;Bergedorf;60304;STIMMBEZIRK;;;N;1051;676;375;0;433;0;433;433;6;427;2106;657;234;57;63;71;43;52;32;47;17;41;518;343;29;10;59;55;22;;;;;36;12;6;3;0;7;0;7;1;0;;0;0;0;0;0;0;;;;;;267;150;85;32;;;;;;;;234;162;17;55;;55;25;17;13;329;262;67;2;2;1;1;7;7;
Bezirk Bergedorf;Wahlkreis 15 - Bergedorf;Bergedorf;60306;STIMMBEZIRK;;;N;1049;714;335;0;398;0;398;398;3;395;1962;523;207;30;44;75;29;44;24;19;11;40;405;264;44;7;17;51;22;;;;;49;35;7;1;0;1;0;0;5;0;;1;1;0;0;0;0;;;;;;337;133;155;49;;;;;;;;179;113;23;43;;45;16;15;14;409;316;93;1;1;6;6;7;7;
Bezirk Bergedorf;Wahlkreis 15 - Bergedorf;Bergedorf;60307;STIMMBEZIRK;;;N;1081;800;281;0;363;1;362;363;4;359;1763;533;187;81;40;89;19;39;20;23;9;26;308;202;21;7;23;31;24;;;;;33;15;4;0;0;3;5;0;0;6;;7;0;7;0;0;0;;;;;;326;154;123;49;;;;;;;;282;163;47;72;;21;10;3;8;207;148;59;22;22;15;15;9;9;
Bezirk Bergedorf;Wahlkreis 15 - Bergedorf;Bergedorf;60308;STIMMBEZIRK;;;N;1051;746;305;0;386;2;384;386;3;383;1898;611;216;64;39;98;41;35;50;37;6;25;316;222;23;10;36;19;6;;;;;33;12;6;3;0;1;2;1;2;6;;17;7;6;1;1;2;;;;;;347;121;199;27;;;;;;;;195;123;20;52;;45;29;7;9;303;245;58;2;2;6;6;23;23;
Bezirk Bergedorf;Wahlkreis 15 - Bergedorf;Bergedorf;60309;STIMMBEZIRK;;;N;1250;860;390;0;390;6;384;390;2;388;1921;538;189;69;42;80;26;32;32;28;13;27;253;187;13;5;10;13;25;;;;;38;21;8;1;0;7;0;0;1;0;;16;9;3;1;0;3;;;;;;383;116;206;61;;;;;;;;287;152;46;89;;80;46;17;17;292;224;68;15;15;10;10;9;9;
Bezirk Bergedorf;Wahlkreis 15 - Bergedorf;Bergedorf;60310;STIMMBEZIRK;;;N;978;644;334;0;452;2;450;452;3;449;2229;649;270;51;49;82;47;39;44;37;5;25;404;285;29;9;30;33;18;;;;;123;45;50;9;2;1;3;7;6;0;;13;3;4;2;2;2;;;;;;346;154;154;38;;;;;;;;91;59;22;10;;87;47;25;15;480;380;100;7;7;2;2;27;27;
Bezirk Bergedorf;Wahlkreis 15 - Bergedorf;Bergedorf;60312;STIMMBEZIRK;;;N;1067;751;316;0;439;3;436;439;9;430;2109;702;207;87;60;108;29;49;54;56;22;30;375;260;30;14;38;23;10;;;;;66;39;10;3;0;1;3;6;2;2;;2;0;1;0;0;1;;;;;;306;134;138;34;;;;;;;;193;117;34;42;;86;52;17;17;343;292;51;23;23;0;0;13;13;
Bezirk Bergedorf;Wahlkreis 15 - Bergedorf;Bergedorf;6029901;BRIEFWAHLBEZIRK;;;N;0;0;0;0;534;534;0;534;6;528;2588;1000;347;119;60;116;35;121;49;66;29;58;676;428;61;33;77;58;19;;;;;60;29;6;2;2;1;2;7;9;2;;13;4;7;1;1;0;;;;;;177;70;79;28;;;;;;;;178;104;16;58;;40;14;20;6;385;275;110;45;45;10;10;4;4;
Bezirk Bergedorf;Wahlkreis 15 - Bergedorf;Bergedorf;6029902;BRIEFWAHLBEZIRK;;;N;0;0;0;0;535;535;0;535;4;531;2548;948;302;108;90;88;63;136;42;56;17;46;708;536;44;16;62;31;19;;;;;81;30;31;3;2;5;3;0;5;2;;0;0;0;0;0;0;;;;;;201;94;89;18;;;;;;;;144;102;22;20;;94;56;14;24;339;254;85;12;12;10;10;11;11;
Bezirk Bergedorf;Wahlkreis 15 - Bergedorf;Bergedorf;6029903;BRIEFWAHLBEZIRK;;;N;0;0;0;0;523;523;0;522;2;520;2577;958;328;112;76;85;58;122;47;51;13;66;634;408;42;13;98;58;15;;;;;85;41;9;6;1;7;3;5;8;5;;17;2;3;6;4;2;;;;;;198;115;62;21;;;;;;;;195;117;37;41;;92;36;17;39;349;266;83;35;35;4;4;10;10;
Bezirk Bergedorf;Wahlkreis 15 - Bergedorf;Bergedorf;6029904;BRIEFWAHLBEZIRK;;;N;0;0;0;0;508;508;0;507;2;505;2496;822;284;100;61;79;29;117;37;64;17;34;763;474;54;36;121;55;23;;;;;82;39;8;4;2;4;13;6;6;0;;6;0;0;0;1;5;;;;;;175;79;82;14;;;;;;;;204;126;36;42;;81;39;23;19;307;244;63;32;32;15;15;9;9;
Bezirk Bergedorf;Wahlkreis 15 - Bergedorf;Bergedorf;6029905;BRIEFWAHLBEZIRK;;;N;0;0;0;0;502;502;0;492;5;487;2418;889;351;110;65;103;30;100;33;63;11;23;615;375;58;16;59;99;8;;;;;70;29;13;4;2;2;1;5;13;1;;10;3;2;2;1;2;;;;;;219;94;111;14;;;;;;;;175;128;28;19;;113;76;18;19;290;231;59;15;15;1;1;21;21;
Bezirk Bergedorf;Wahlkreis 15 - Bergedorf;Bergedorf;6029906;BRIEFWAHLBEZIRK;;;N;0;0;0;0;493;493;0;493;2;491;2433;843;304;73;71;97;73;78;39;63;14;31;658;382;52;21;108;62;33;;;;;52;19;8;3;8;2;2;9;1;0;;1;0;1;0;0;0;;;;;;217;118;76;23;;;;;;;;202;116;39;47;;91;34;31;26;343;264;79;6;6;0;0;20;20;
Bezirk Bergedorf;Wahlkreis 15 - Bergedorf;Bergedorf;6029907;BRIEFWAHLBEZIRK;;;N;0;0;0;0;497;497;0;497;2;495;2460;827;270;111;73;93;45;66;29;67;23;50;616;367;65;13;68;81;22;;;;;95;29;41;10;1;5;2;5;2;0;;14;11;3;0;0;0;;;;;;215;112;84;19;;;;;;;;127;93;14;20;;120;58;31;31;376;309;67;29;29;7;7;34;34;
Bezirk Bergedorf;Wahlkreis 15 - Bergedorf;Bergedorf;6029908;BRIEFWAHLBEZIRK;;;N;0;0;0;0;501;501;0;501;3;498;2462;822;261;80;51;119;20;79;40;100;19;53;625;397;32;24;83;58;31;;;;;72;35;16;2;1;1;3;6;8;0;;9;3;2;1;1;2;;;;;;268;86;147;35;;;;;;;;142;81;21;40;;134;45;52;37;338;246;92;23;23;7;7;22;22;
Bezirk Bergedorf;Wahlkreis 15 - Bergedorf;Bergedorf;6029909;BRIEFWAHLBEZIRK;;;N;0;0;0;0;420;420;0;417;2;415;2071;658;203;68;36;75;30;64;47;66;4;65;462;292;29;11;57;47;26;;;;;56;16;9;7;1;4;6;5;7;1;;7;0;7;0;0;0;;;;;;228;106;95;27;;;;;;;;178;114;27;37;;73;44;19;10;362;305;57;19;19;15;15;13;13;
Bezirk Bergedorf;Wahlkreis 15 - Bergedorf;Bergedorf;6029910;BRIEFWAHLBEZIRK;;;N;0;0;0;0;497;497;0;497;6;491;2432;737;256;64;52;109;31;74;48;51;14;38;662;432;53;12;79;57;29;;;;;109;38;30;12;1;2;6;3;16;1;;19;4;5;2;3;5;;;;;;274;127;122;25;;;;;;;;146;103;17;26;;119;52;45;22;321;252;69;20;20;5;5;20;20;
Bezirk Bergedorf;Wahlkreis 15 - Bergedorf;Bergedorf;6029911;BRIEFWAHLBEZIRK;;;N;0;0;0;0;511;511;0;492;4;488;2410;681;232;86;41;89;17;83;31;56;22;24;576;391;35;19;57;50;24;;;;;96;45;20;9;0;3;5;2;12;0;;15;2;8;5;0;0;;;;;;227;87;106;34;;;;;;;;202;113;26;63;;70;31;14;25;425;325;100;49;49;49;49;20;20;
Bezirk Bergedorf;Wahlkreis 15 - Bergedorf;Bergedorf;6029912;BRIEFWAHLBEZIRK;;;N;0;0;0;0;499;499;0;499;0;499;2464;797;276;52;51;108;39;72;79;71;18;31;532;318;33;25;56;63;37;;;;;63;23;9;14;1;2;0;8;3;3;;14;12;1;0;0;1;;;;;;268;95;138;35;;;;;;;;202;113;24;65;;134;50;40;44;392;307;85;32;32;18;18;12;12;
Bezirk Bergedorf;Wahlkreis 15 - Bergedorf;Bergedorf;6029913;BRIEFWAHLBEZIRK;;;N;0;0;0;0;502;502;0;501;0;501;2498;758;200;91;56;103;41;73;46;79;28;41;537;347;50;18;68;33;21;;;;;95;39;19;9;1;4;1;11;8;3;;11;1;7;1;1;1;;;;;;334;129;148;57;;;;;;;;159;82;20;57;;118;56;40;22;430;323;107;23;23;13;13;20;20;
Bezirk Bergedorf;Wahlkreis 15 - Bergedorf;Bergedorf;6029914;BRIEFWAHLBEZIRK;;;N;0;0;0;0;507;507;0;505;4;501;2485;770;263;72;55;96;33;70;64;54;6;57;414;252;51;3;56;36;16;;;;;106;57;25;10;0;3;0;9;2;0;;1;0;0;0;0;1;;;;;;415;133;241;41;;;;;;;;133;55;23;55;;112;51;40;21;483;384;99;23;23;0;0;28;28;
Bezirk Bergedorf;Wahlkreis 15 - Bergedorf;Curslack;60401;STIMMBEZIRK;;;N;1012;696;316;0;449;0;449;446;5;441;2186;676;244;63;52;81;53;49;37;53;14;30;658;349;140;21;58;53;37;;;;;86;38;10;11;1;12;7;1;4;2;;1;0;1;0;0;0;;;;;;164;61;81;22;;;;;;;;277;171;30;76;;43;10;26;7;250;196;54;17;17;0;0;14;14;
Bezirk Bergedorf;Wahlkreis 15 - Bergedorf;Curslack;60402;STIMMBEZIRK;;;N;850;540;310;0;363;1;362;363;6;357;1765;538;171;58;51;53;71;35;13;31;9;46;626;384;65;10;81;48;38;;;;;28;15;4;1;1;2;4;0;1;0;;0;0;0;0;0;0;;;;;;133;66;58;9;;;;;;;;177;140;24;13;;17;8;6;3;218;182;36;12;12;0;0;16;16;
Bezirk Bergedorf;Wahlkreis 15 - Bergedorf;Curslack;60403;STIMMBEZIRK;;;N;908;545;363;0;315;0;315;315;11;304;1492;524;181;62;37;75;39;27;23;29;10;41;495;325;53;13;53;37;14;;;;;16;5;0;4;0;1;1;0;4;1;;3;3;0;0;0;0;;;;;;71;32;35;4;;;;;;;;202;131;34;37;;45;10;18;17;125;97;28;6;6;0;0;5;5;
Bezirk Bergedorf;Wahlkreis 15 - Bergedorf;Curslack;6049901;BRIEFWAHLBEZIRK;;;N;0;0;0;0;505;505;0;505;2;503;2499;758;210;87;70;86;58;72;30;82;18;45;826;537;82;17;110;51;29;;;;;96;48;16;7;2;10;4;7;0;2;;13;2;5;2;3;1;;;;;;121;43;67;11;;;;;;;;219;161;23;35;;113;49;54;10;290;218;72;11;11;0;0;52;52;
Bezirk Bergedorf;Wahlkreis 15 - Bergedorf;Curslack;6049902;BRIEFWAHLBEZIRK;;;N;0;0;0;0;448;448;0;448;3;445;2217;694;177;84;43;104;66;40;48;38;15;79;827;454;131;13;133;64;32;;;;;47;26;2;3;1;2;2;1;8;2;;18;8;3;3;2;2;;;;;;141;40;76;25;;;;;;;;130;85;22;23;;76;28;22;26;236;154;82;21;21;0;0;27;27;
Bezirk Bergedorf;Wahlkreis 15 - Bergedorf;Altengamme;60501;STIMMBEZIRK;;;N;827;521;306;0;368;1;367;368;11;357;1778;451;211;24;31;33;62;14;10;37;4;25;643;367;67;14;53;56;86;;;;;40;22;3;3;0;3;1;8;0;0;;6;1;3;0;0;2;;;;;;135;55;66;14;;;;;;;;223;144;34;45;;37;7;1;29;216;157;59;10;10;0;0;17;17;
Bezirk Bergedorf;Wahlkreis 15 - Bergedorf;Altengamme;60502;STIMMBEZIRK;;;N;932;621;311;0;421;2;419;421;8;413;2032;537;244;37;32;56;42;20;17;48;10;31;690;304;89;13;96;25;163;;;;;22;10;2;4;2;2;1;0;1;0;;7;2;0;5;0;0;;;;;;163;67;79;17;;;;;;;;178;128;27;23;;62;15;8;39;353;273;80;9;9;0;0;11;11;
Bezirk Bergedorf;Wahlkreis 15 - Bergedorf;Altengamme;6059901;BRIEFWAHLBEZIRK;;;N;0;0;0;0;562;562;0;562;1;561;2770;673;237;46;58;82;49;62;36;51;7;45;1021;513;94;12;171;60;171;;;;;92;41;8;18;1;11;5;2;4;2;;15;1;9;3;1;1;;;;;;194;84;90;20;;;;;;;;184;112;38;34;;129;44;21;64;376;272;104;18;18;4;4;64;64;
Bezirk Bergedorf;Wahlkreis 15 - Bergedorf;Neuengamme;60601;STIMMBEZIRK;;;N;1037;615;422;0;405;4;401;405;8;397;1959;457;191;22;23;53;38;18;27;31;8;46;721;450;101;5;77;45;43;;;;;24;3;1;3;2;5;0;5;5;0;;2;2;0;0;0;0;;;;;;154;52;95;7;;;;;;;;273;150;61;62;;45;18;14;13;238;175;63;26;26;0;0;19;19;
Bezirk Bergedorf;Wahlkreis 15 - Bergedorf;Neuengamme;60602;STIMMBEZIRK;;;N;1000;697;303;0;524;1;523;524;9;515;2519;691;250;63;53;83;63;34;43;62;9;31;901;530;127;23;124;73;24;;;;;36;8;3;7;0;9;1;1;1;6;;0;0;0;0;0;0;;;;;;232;87;119;26;;;;;;;;329;204;71;54;;65;20;25;20;246;181;65;10;10;0;0;9;9;
Bezirk Bergedorf;Wahlkreis 15 - Bergedorf;Neuengamme;60603;STIMMBEZIRK;;;N;888;569;319;0;352;0;352;352;4;348;1723;446;199;39;32;24;43;23;23;26;5;32;646;369;77;13;108;57;22;;;;;32;18;3;2;0;4;0;3;2;0;;3;0;0;1;1;1;;;;;;114;68;32;14;;;;;;;;292;187;34;71;;37;15;12;10;138;99;39;5;5;0;0;10;10;
Bezirk Bergedorf;Wahlkreis 15 - Bergedorf;Neuengamme;6069901;BRIEFWAHLBEZIRK;;;N;0;0;0;0;500;500;0;500;2;498;2488;636;165;43;76;74;71;61;36;63;2;45;1068;570;154;9;209;67;59;;;;;53;22;14;4;0;1;2;5;3;2;;10;1;1;1;6;1;;;;;;167;98;53;16;;;;;;;;226;193;18;15;;120;20;49;51;176;123;53;7;7;0;0;25;25;
Bezirk Bergedorf;Wahlkreis 15 - Bergedorf;Neuengamme;6069902;BRIEFWAHLBEZIRK;;;N;0;0;0;0;484;484;0;484;6;478;2363;682;207;55;37;92;58;42;45;84;9;53;709;359;99;9;127;55;60;;;;;100;52;5;3;0;10;6;19;4;1;;7;0;4;0;0;3;;;;;;155;70;69;16;;;;;;;;229;160;32;37;;97;34;26;37;317;240;77;43;43;6;6;18;18;
Bezirk Bergedorf;Wahlkreis 15 - Bergedorf;Kirchwerder;60701;STIMMBEZIRK;;;N;1012;628;384;0;432;1;431;432;13;419;2031;465;151;45;34;51;96;18;15;26;12;17;938;592;97;26;168;36;19;;;;;32;18;4;3;2;0;4;1;0;0;;5;1;3;0;1;0;;;;;;133;42;74;17;;;;;;;;278;186;46;46;;46;18;17;11;129;90;39;3;3;0;0;2;2;
Bezirk Bergedorf;Wahlkreis 15 - Bergedorf;Kirchwerder;60702;STIMMBEZIRK;;;N;1056;696;360;0;481;1;480;481;6;475;2350;602;240;56;52;75;57;21;32;34;24;11;1082;554;229;18;165;83;33;;;;;13;3;0;6;0;1;0;2;0;1;;0;0;0;0;0;0;;;;;;147;63;73;11;;;;;;;;290;186;34;70;;56;24;20;12;139;109;30;10;10;6;6;5;5;
Bezirk Bergedorf;Wahlkreis 15 - Bergedorf;Kirchwerder;60703;STIMMBEZIRK;;;N;546;392;154;0;291;4;287;291;6;285;1404;298;101;25;30;28;28;12;18;39;3;14;730;337;142;11;155;69;16;;;;;24;9;8;0;0;5;2;0;0;0;;1;1;0;0;0;0;;;;;;47;19;25;3;;;;;;;;169;97;28;44;;27;15;5;7;101;86;15;0;0;0;0;7;7;
Bezirk Bergedorf;Wahlkreis 15 - Bergedorf;Kirchwerder;60704;STIMMBEZIRK;;;N;946;592;354;0;378;1;377;378;3;375;1832;559;209;32;38;65;60;43;30;41;7;34;502;282;81;9;56;62;12;;;;;34;9;1;1;3;10;3;2;3;2;;5;1;4;0;0;0;;;;;;197;99;69;29;;;;;;;;274;165;44;65;;33;10;6;17;204;150;54;10;10;2;2;12;12;
Bezirk Bergedorf;Wahlkreis 15 - Bergedorf;Kirchwerder;60705;STIMMBEZIRK;;;N;1145;808;337;0;567;11;556;567;8;559;2754;591;183;51;31;58;115;31;47;34;10;31;1268;793;171;22;181;65;36;;;;;57;20;9;2;1;19;2;1;1;2;;5;1;1;1;1;1;;;;;;116;41;56;19;;;;;;;;440;276;97;67;;60;31;15;14;190;145;45;10;10;0;0;17;17;
Bezirk Bergedorf;Wahlkreis 15 - Bergedorf;Kirchwerder;60706;STIMMBEZIRK;;;N;977;591;386;0;397;3;394;397;3;394;1957;525;160;59;29;51;109;27;15;31;8;36;667;378;104;11;98;49;27;;;;;41;15;0;10;0;10;6;0;0;0;;7;5;2;0;0;0;;;;;;135;46;83;6;;;;;;;;308;247;32;29;;49;27;7;15;195;142;53;21;21;0;0;9;9;
Bezirk Bergedorf;Wahlkreis 15 - Bergedorf;Kirchwerder;60707;STIMMBEZIRK;;;N;1208;787;421;0;550;3;547;550;6;544;2692;751;247;52;41;81;196;22;33;43;13;23;1016;598;192;10;140;45;31;;;;;48;34;1;0;2;10;1;0;0;0;;9;6;2;1;0;0;;;;;;211;89;96;26;;;;;;;;316;204;44;68;;72;18;28;26;242;164;78;16;16;5;5;6;6;
Bezirk Bergedorf;Wahlkreis 15 - Bergedorf;Kirchwerder;60708;STIMMBEZIRK;;;N;992;659;333;0;467;2;465;467;5;462;2281;562;194;47;44;73;60;35;37;36;7;29;914;554;168;6;113;49;24;;;;;52;26;5;5;0;6;6;1;3;0;;0;0;0;0;0;0;;;;;;126;39;62;25;;;;;;;;313;194;61;58;;59;21;11;27;211;183;28;21;21;5;5;18;18;
Bezirk Bergedorf;Wahlkreis 15 - Bergedorf;Kirchwerder;6079901;BRIEFWAHLBEZIRK;;;N;0;0;0;0;499;499;0;497;2;495;2452;586;191;53;45;32;82;55;25;44;7;52;1231;658;264;11;196;74;28;;;;;50;33;2;0;0;2;12;1;0;0;;0;0;0;0;0;0;;;;;;117;69;37;11;;;;;;;;188;131;24;33;;58;18;20;20;179;140;39;23;23;0;0;20;20;
Bezirk Bergedorf;Wahlkreis 15 - Bergedorf;Kirchwerder;6079902;BRIEFWAHLBEZIRK;;;N;0;0;0;0;518;518;0;518;6;512;2546;572;133;55;35;28;90;74;33;60;6;58;1184;640;241;27;148;86;42;;;;;69;27;2;6;1;11;6;5;11;0;;6;1;2;1;1;1;;;;;;136;56;52;28;;;;;;;;287;177;41;69;;61;30;11;20;173;129;44;43;43;5;5;10;10;
Bezirk Bergedorf;Wahlkreis 15 - Bergedorf;Kirchwerder;6079903;BRIEFWAHLBEZIRK;;;N;0;0;0;0;517;517;0;517;5;512;2551;610;177;50;48;47;80;51;26;73;14;44;1146;582;229;20;185;80;50;;;;;116;44;1;15;1;15;0;15;24;1;;5;1;3;0;0;1;;;;;;116;40;45;31;;;;;;;;214;138;33;43;;73;21;33;19;198;155;43;48;48;1;1;24;24;
Bezirk Bergedorf;Wahlkreis 15 - Bergedorf;Kirchwerder;6079904;BRIEFWAHLBEZIRK;;;N;0;0;0;0;521;521;0;520;3;517;2569;674;202;66;43;63;88;49;34;92;15;22;1121;610;212;24;151;98;26;;;;;53;28;3;4;1;9;4;2;1;1;;1;1;0;0;0;0;;;;;;162;59;86;17;;;;;;;;199;131;38;30;;107;43;35;29;224;151;73;12;12;0;0;16;16;
Bezirk Bergedorf;Wahlkreis 15 - Bergedorf;Kirchwerder;6079905;BRIEFWAHLBEZIRK;;;N;0;0;0;0;527;527;0;527;2;525;2597;628;177;51;40;96;111;27;40;57;5;24;1010;509;222;26;159;49;45;;;;;104;47;3;8;1;18;5;6;13;3;;7;4;2;1;0;0;;;;;;251;119;89;43;;;;;;;;272;180;47;45;;75;34;20;21;228;174;54;13;13;0;0;9;9;
Bezirk Bergedorf;Wahlkreis 15 - Bergedorf;Ochsenwerder;60801;STIMMBEZIRK;;;N;1301;847;454;0;604;6;598;604;5;599;2956;756;158;56;47;41;292;44;28;46;6;38;1120;593;179;29;209;76;34;;;;;29;13;0;5;0;2;1;4;3;1;;3;3;0;0;0;0;;;;;;212;79;92;41;;;;;;;;389;229;79;81;;68;25;23;20;348;257;91;15;15;6;6;10;10;
Bezirk Bergedorf;Wahlkreis 15 - Bergedorf;Ochsenwerder;60802;STIMMBEZIRK;;;N;918;598;320;0;403;0;403;403;2;401;1989;483;134;35;20;47;118;27;25;32;9;36;838;515;104;16;133;50;20;;;;;33;22;1;1;1;6;0;2;0;0;;8;2;1;0;1;4;;;;;;142;69;67;6;;;;;;;;343;230;51;62;;19;9;4;6;115;78;37;8;8;0;0;0;0;
Bezirk Bergedorf;Wahlkreis 15 - Bergedorf;Ochsenwerder;6089901;BRIEFWAHLBEZIRK;;;N;0;0;0;0;374;374;0;374;2;372;1854;473;107;38;31;32;187;25;10;24;3;16;804;369;118;21;204;75;17;;;;;48;28;0;0;0;1;14;2;2;1;;8;0;3;1;4;0;;;;;;74;33;34;7;;;;;;;;153;108;23;22;;49;25;12;12;233;172;61;3;3;0;0;9;9;
Bezirk Bergedorf;Wahlkreis 15 - Bergedorf;Ochsenwerder;6089902;BRIEFWAHLBEZIRK;;;N;0;0;0;0;367;367;0;367;1;366;1818;498;106;36;22;73;178;10;9;28;3;33;738;357;104;16;144;70;47;;;;;42;17;2;9;2;5;4;1;2;0;;14;2;2;2;2;6;;;;;;162;53;92;17;;;;;;;;115;88;10;17;;70;22;22;26;158;117;41;10;10;0;0;11;11;
Bezirk Bergedorf;Wahlkreis 15 - Bergedorf;Reitbrook/Allermöhe/Billwerder/Moorfleet/Tatenberg/Spadenland;60901;STIMMBEZIRK;;;N;399;277;122;0;201;0;201;201;6;195;971;158;53;9;7;14;28;4;5;17;2;19;414;219;41;6;108;32;8;;;;;25;1;2;0;0;1;20;1;0;0;;0;0;0;0;0;0;;;;;;76;32;32;12;;;;;;;;188;110;56;22;;20;17;2;1;80;64;16;4;4;5;5;1;1;
Bezirk Bergedorf;Wahlkreis 15 - Bergedorf;Reitbrook/Allermöhe/Billwerder/Moorfleet/Tatenberg/Spadenland;61001;STIMMBEZIRK;;;N;645;429;216;0;295;4;291;295;7;288;1421;386;141;32;18;30;78;13;18;22;10;24;511;262;47;4;176;16;6;;;;;17;5;0;0;0;0;12;0;0;0;;9;9;0;0;0;0;;;;;;124;53;62;9;;;;;;;;190;134;25;31;;14;7;3;4;161;123;38;6;6;0;0;3;3;
Bezirk Bergedorf;Wahlkreis 15 - Bergedorf;Reitbrook/Allermöhe/Billwerder/Moorfleet/Tatenberg/Spadenland;61002;STIMMBEZIRK;;;N;379;262;117;0;165;3;162;165;4;161;804;173;73;10;15;4;11;13;4;10;2;31;294;172;7;7;100;6;2;;;;;31;9;3;1;1;6;11;0;0;0;;8;0;4;1;3;0;;;;;;75;35;33;7;;;;;;;;128;92;18;18;;12;4;1;7;68;50;18;4;4;10;10;1;1;
Bezirk Bergedorf;Wahlkreis 15 - Bergedorf;Reitbrook/Allermöhe/Billwerder/Moorfleet/Tatenberg/Spadenland;61101;STIMMBEZIRK;;;N;1466;1092;374;0;443;5;438;443;4;439;2166;408;144;45;19;44;62;32;16;17;15;14;781;436;62;23;164;68;28;;;;;33;16;1;3;3;2;5;0;3;0;;9;4;2;1;0;2;;;;;;340;155;145;40;;;;;;;;362;215;43;104;;35;9;10;16;110;94;16;21;21;47;47;20;20;
Bezirk Bergedorf;Wahlkreis 15 - Bergedorf;Reitbrook/Allermöhe/Billwerder/Moorfleet/Tatenberg/Spadenland;61201;STIMMBEZIRK;;;N;872;643;229;0;412;8;404;412;10;402;1999;573;170;52;20;47;143;26;46;36;4;29;579;348;37;11;149;27;7;;;;;41;22;6;1;0;2;8;1;1;0;;13;5;2;2;2;2;;;;;;229;63;122;44;;;;;;;;290;216;26;48;;57;28;12;17;183;120;63;23;23;10;10;1;1;
Bezirk Bergedorf;Wahlkreis 15 - Bergedorf;Reitbrook/Allermöhe/Billwerder/Moorfleet/Tatenberg/Spadenland;61301;STIMMBEZIRK;;;N;457;300;157;0;217;2;215;217;3;214;1040;250;82;13;14;20;90;10;2;10;2;7;399;260;30;7;66;19;17;;;;;20;2;2;0;0;11;2;0;3;0;;0;0;0;0;0;0;;;;;;97;53;43;1;;;;;;;;100;72;13;15;;29;12;13;4;142;80;62;2;2;0;0;1;1;
Bezirk Bergedorf;Wahlkreis 15 - Bergedorf;Reitbrook/Allermöhe/Billwerder/Moorfleet/Tatenberg/Spadenland;61401;STIMMBEZIRK;;;N;446;336;110;0;259;3;256;259;3;256;1275;368;58;15;18;27;199;17;4;21;3;6;519;298;57;10;112;28;14;;;;;32;16;2;1;0;6;1;4;2;0;;0;0;0;0;0;0;;;;;;64;25;27;12;;;;;;;;171;114;35;22;;21;10;4;7;97;59;38;0;0;2;2;1;1;
Bezirk Bergedorf;Wahlkreis 15 - Bergedorf;Reitbrook/Allermöhe/Billwerder/Moorfleet/Tatenberg/Spadenland;6099901;BRIEFWAHLBEZIRK;;;N;0;0;0;0;407;407;0;402;2;400;1985;428;103;25;24;37;103;36;18;60;4;18;855;499;90;19;183;27;37;;;;;59;9;9;4;1;4;18;8;6;0;;20;6;11;1;1;1;;;;;;140;64;65;11;;;;;;;;188;120;15;53;;49;28;17;4;195;126;69;6;6;22;22;23;23;
Bezirk Bergedorf;Wahlkreis 15 - Bergedorf;Reitbrook/Allermöhe/Billwerder/Moorfleet/Tatenberg/Spadenland;6099902;BRIEFWAHLBEZIRK;;;N;0;0;0;0;405;405;0;404;3;401;2003;461;114;42;23;41;83;54;36;35;5;28;671;330;74;15;200;33;19;;;;;84;19;1;8;1;11;31;5;3;5;;6;1;3;2;0;0;;;;;;228;85;101;42;;;;;;;;260;189;30;41;;66;29;12;25;170;136;34;24;24;10;10;23;23;
Bezirk Bergedorf;Wahlkreis 15 - Bergedorf;Reitbrook/Allermöhe/Billwerder/Moorfleet/Tatenberg/Spadenland;6099903;BRIEFWAHLBEZIRK;;;N;0;0;0;0;422;422;0;421;1;420;2095;498;142;42;30;32;117;29;31;36;10;29;800;399;66;23;239;48;25;;;;;84;28;3;18;7;6;13;6;1;2;;10;5;0;1;4;0;;;;;;168;65;67;36;;;;;;;;246;176;22;48;;63;35;13;15;208;156;52;7;7;5;5;6;6;
Bezirk Bergedorf;Wahlkreis 15 - Bergedorf;Neuallermöhe;61504;STIMMBEZIRK;;;N;1047;835;212;0;446;6;440;446;9;437;2160;622;340;60;24;50;23;15;12;19;57;22;500;252;29;61;115;26;17;;;;;65;28;8;8;1;3;5;3;6;3;;13;11;1;0;0;1;;;;;;173;77;65;31;;;;;;;;533;262;57;214;;48;16;17;15;159;135;24;28;28;10;10;9;9;
Bezirk Bergedorf;Wahlkreis 15 - Bergedorf;Neuallermöhe;61505;STIMMBEZIRK;;;N;1236;1029;207;0;293;4;289;293;8;285;1414;350;191;46;20;27;5;8;5;18;21;9;204;111;9;8;62;11;3;;;;;5;0;1;2;0;1;0;0;0;1;;17;4;12;0;0;1;;;;;;235;98;104;33;;;;;;;;443;167;61;215;;23;10;6;7;107;98;9;21;21;6;6;3;3;
Bezirk Bergedorf;Wahlkreis 15 - Bergedorf;Neuallermöhe;61506;STIMMBEZIRK;;;N;1152;1009;143;0;398;0;398;398;6;392;1922;497;283;28;16;63;21;33;15;5;25;8;281;123;21;31;83;13;10;;;;;32;7;0;0;0;3;11;2;0;9;;37;2;27;0;0;8;;;;;;190;82;70;38;;;;;;;;624;308;79;237;;37;26;5;6;159;119;40;31;31;33;33;1;1;
Bezirk Bergedorf;Wahlkreis 15 - Bergedorf;Neuallermöhe;61507;STIMMBEZIRK;;;N;1317;1087;230;0;420;0;420;420;10;410;2043;580;316;39;29;42;17;32;19;19;53;14;223;92;20;27;67;9;8;;;;;24;8;0;6;1;4;1;0;0;4;;35;10;21;1;0;3;;;;;;375;126;166;83;;;;;;;;506;284;76;146;;49;21;4;24;217;185;32;1;1;21;21;12;12;
Bezirk Bergedorf;Wahlkreis 15 - Bergedorf;Neuallermöhe;61508;STIMMBEZIRK;;;N;1309;1131;178;0;438;1;437;437;9;428;2118;611;254;51;45;61;20;31;23;20;78;28;278;140;14;17;55;17;35;;;;;35;16;1;1;1;1;1;5;9;0;;10;6;3;0;1;0;;;;;;318;129;135;54;;;;;;;;584;242;77;265;;49;29;11;9;177;155;22;34;34;20;20;2;2;
Bezirk Bergedorf;Wahlkreis 15 - Bergedorf;Neuallermöhe;61509;STIMMBEZIRK;;;N;1137;842;295;0;417;0;417;415;6;409;2030;562;349;22;33;27;23;25;20;10;37;16;373;140;34;60;109;12;18;;;;;36;14;1;11;2;0;5;3;0;0;;12;2;9;0;0;1;;;;;;198;58;101;39;;;;;;;;582;288;86;208;;26;4;13;9;198;175;23;18;18;10;10;15;15;
Bezirk Bergedorf;Wahlkreis 15 - Bergedorf;Neuallermöhe;61516;STIMMBEZIRK;;;N;1128;935;193;0;334;3;331;334;14;320;1581;571;385;25;19;32;22;12;22;31;15;8;223;120;11;27;30;16;19;;;;;19;4;0;5;0;0;5;0;5;0;;5;1;1;1;1;1;;;;;;157;50;76;31;;;;;;;;442;213;59;170;;38;19;7;12;121;98;23;5;5;0;0;0;0;
Bezirk Bergedorf;Wahlkreis 15 - Bergedorf;Neuallermöhe;61517;STIMMBEZIRK;;;N;1007;745;262;0;295;1;294;295;9;286;1426;430;241;33;34;51;11;9;18;8;16;9;197;104;22;14;41;12;4;;;;;13;6;0;5;2;0;0;0;0;0;;6;1;5;0;0;0;;;;;;88;41;40;7;;;;;;;;421;193;61;167;;27;22;2;3;204;171;33;24;24;16;16;0;0;
Bezirk Bergedorf;Wahlkreis 15 - Bergedorf;Neuallermöhe;61518;STIMMBEZIRK;;;N;1048;782;266;0;365;2;363;365;14;351;1730;568;351;37;32;48;15;20;21;17;19;8;336;214;18;23;65;13;3;;;;;15;6;0;0;0;5;2;0;0;2;;6;1;1;1;1;2;;;;;;197;81;87;29;;;;;;;;397;180;58;159;;22;9;3;10;172;144;28;9;9;7;7;1;1;
Bezirk Bergedorf;Wahlkreis 15 - Bergedorf;Neuallermöhe;61519;STIMMBEZIRK;;;N;1044;756;288;0;405;2;403;405;8;397;1981;627;410;45;25;45;14;15;16;21;24;12;416;203;35;39;100;16;23;;;;;18;9;0;1;1;6;0;0;1;0;;4;3;0;1;0;0;;;;;;173;90;46;37;;;;;;;;484;250;80;154;;51;10;21;20;153;122;31;21;21;15;15;19;19;
Bezirk Bergedorf;Wahlkreis 15 - Bergedorf;Neuallermöhe;61521;STIMMBEZIRK;;;N;1035;777;258;0;410;1;409;410;17;393;1948;670;358;32;35;103;15;35;10;40;16;26;351;207;8;30;59;26;21;;;;;25;13;3;1;1;0;5;0;0;2;;4;2;1;0;0;1;;;;;;268;112;104;52;;;;;;;;441;251;68;122;;16;0;8;8;151;125;26;10;10;10;10;2;2;
Bezirk Bergedorf;Wahlkreis 15 - Bergedorf;Neuallermöhe;61522;STIMMBEZIRK;;;N;1196;943;253;0;369;0;369;368;13;355;1698;612;428;32;17;42;25;14;22;22;4;6;226;117;19;23;37;23;7;;;;;19;12;0;3;0;0;1;3;0;0;;30;28;0;2;0;0;;;;;;127;50;63;14;;;;;;;;557;301;93;163;;34;13;12;9;80;71;9;12;12;0;0;1;1;
Bezirk Bergedorf;Wahlkreis 15 - Bergedorf;Neuallermöhe;61523;STIMMBEZIRK;;;N;1212;1056;156;0;362;1;361;362;5;357;1770;499;227;41;15;69;15;18;22;21;49;22;189;91;12;12;47;13;14;;;;;18;3;0;9;0;0;0;0;0;6;;11;1;0;0;5;5;;;;;;376;112;160;104;;;;;;;;452;250;72;130;;57;29;12;16;124;104;20;35;35;6;6;3;3;
Bezirk Bergedorf;Wahlkreis 15 - Bergedorf;Neuallermöhe;6159901;BRIEFWAHLBEZIRK;;;N;0;0;0;0;454;454;0;453;1;452;2256;836;425;63;44;98;26;63;26;43;22;26;489;246;28;33;144;17;21;;;;;66;31;1;7;2;10;12;0;2;1;;4;1;2;0;0;1;;;;;;204;84;94;26;;;;;;;;299;212;15;72;;84;41;17;26;233;180;53;31;31;1;1;9;9;
Bezirk Bergedorf;Wahlkreis 15 - Bergedorf;Neuallermöhe;6159902;BRIEFWAHLBEZIRK;;;N;0;0;0;0;456;456;0;453;7;446;2227;915;560;42;49;47;21;59;34;41;27;35;570;247;52;67;153;19;32;;;;;41;24;1;8;1;1;2;3;0;1;;38;7;28;1;1;1;;;;;;125;67;41;17;;;;;;;;240;165;26;49;;39;11;15;13;199;158;41;41;41;5;5;14;14;
Bezirk Bergedorf;Wahlkreis 15 - Bergedorf;Neuallermöhe;6159903;BRIEFWAHLBEZIRK;;;N;0;0;0;0;466;466;0;460;1;459;2290;765;422;61;25;65;15;59;24;30;51;13;461;226;25;39;124;24;23;;;;;38;17;6;1;2;1;4;7;0;0;;5;0;5;0;0;0;;;;;;298;102;149;47;;;;;;;;347;171;95;81;;70;39;18;13;250;181;69;30;30;20;20;6;6;
Bezirk Bergedorf;Wahlkreis 15 - Bergedorf;Neuallermöhe;6159904;BRIEFWAHLBEZIRK;;;N;0;0;0;0;456;456;0;456;6;450;2232;693;395;39;42;64;11;39;36;33;14;20;439;220;33;44;92;35;15;;;;;49;22;1;10;10;2;2;2;0;0;;11;2;4;4;0;1;;;;;;306;87;166;53;;;;;;;;329;168;55;106;;93;47;26;20;252;198;54;21;21;29;29;10;10;
Bezirk Bergedorf;Wahlkreis 15 - Bergedorf;Neuallermöhe;6159905;BRIEFWAHLBEZIRK;;;N;0;0;0;0;468;468;0;463;2;461;2288;624;355;34;31;54;5;27;26;45;25;22;471;204;38;65;91;44;29;;;;;44;15;1;4;4;6;3;5;5;1;;12;3;4;4;1;0;;;;;;364;113;160;91;;;;;;;;360;155;57;148;;86;37;21;28;223;185;38;58;58;31;31;15;15;
Bezirk Bergedorf;Wahlkreis 15 - Bergedorf;Neuallermöhe;6159906;BRIEFWAHLBEZIRK;;;N;0;0;0;0;426;426;0;422;5;417;2083;535;288;27;20;39;14;36;22;36;37;16;443;224;29;62;94;13;21;;;;;20;5;0;3;2;0;5;5;0;0;;21;4;15;2;0;0;;;;;;329;133;146;50;;;;;;;;275;155;28;92;;80;20;33;27;298;232;66;40;40;16;16;26;26;
Bezirk Harburg;Wahlkreis 16 - Harburg;Harburg;70101;STIMMBEZIRK;;;N;1096;832;264;0;290;5;285;290;8;282;1398;312;133;79;39;18;25;18;;;;;168;95;14;8;15;12;24;;;;;440;240;132;68;;;;;;;;36;16;6;5;2;6;1;;;;;83;35;8;40;;;;;;;;229;179;50;;;130;130;;;;;;;;;;;;
Bezirk Harburg;Wahlkreis 16 - Harburg;Harburg;70102;STIMMBEZIRK;;;N;783;602;181;0;226;0;226;226;0;226;1126;226;82;68;36;9;19;12;;;;;172;99;15;33;5;4;16;;;;;281;113;117;51;;;;;;;;31;16;4;3;1;5;2;;;;;56;22;10;24;;;;;;;;186;134;52;;;174;174;;;;;;;;;;;;
Bezirk Harburg;Wahlkreis 16 - Harburg;Harburg;70103;STIMMBEZIRK;;;N;868;661;207;0;299;0;299;299;10;289;1437;517;202;156;83;14;36;26;;;;;143;69;19;9;24;7;15;;;;;315;171;87;57;;;;;;;;20;6;3;2;1;5;3;;;;;32;20;5;7;;;;;;;;220;177;43;;;190;190;;;;;;;;;;;;
Bezirk Harburg;Wahlkreis 16 - Harburg;Harburg;70104;STIMMBEZIRK;;;N;610;463;147;0;190;0;190;190;4;186;916;305;99;104;56;12;22;12;;;;;102;54;7;7;12;3;19;;;;;236;133;67;36;;;;;;;;12;8;2;0;0;0;2;;;;;11;10;0;1;;;;;;;;153;107;46;;;97;97;;;;;;;;;;;;
Bezirk Harburg;Wahlkreis 16 - Harburg;Harburg;70105;STIMMBEZIRK;;;N;723;548;175;0;260;3;257;259;7;252;1247;351;149;91;34;24;36;17;;;;;109;51;8;13;11;9;17;;;;;291;130;106;55;;;;;;;;58;17;13;17;1;2;8;;;;;58;32;10;16;;;;;;;;231;177;54;;;149;149;;;;;;;;;;;;
Bezirk Harburg;Wahlkreis 16 - Harburg;Harburg;70106;STIMMBEZIRK;;;N;829;604;225;0;284;8;276;284;6;278;1373;417;205;111;41;21;27;12;;;;;198;105;14;26;29;4;20;;;;;242;137;58;47;;;;;;;;29;13;3;3;5;5;0;;;;;60;37;8;15;;;;;;;;282;219;63;;;145;145;;;;;;;;;;;;
Bezirk Harburg;Wahlkreis 16 - Harburg;Harburg;70108;STIMMBEZIRK;;;N;812;616;196;0;277;6;271;277;5;272;1347;399;196;125;28;12;17;21;;;;;126;74;2;4;6;10;30;;;;;284;160;88;36;;;;;;;;42;15;12;10;0;2;3;;;;;62;28;13;21;;;;;;;;252;195;57;;;182;182;;;;;;;;;;;;
Bezirk Harburg;Wahlkreis 16 - Harburg;Harburg;70110;STIMMBEZIRK;;;N;698;545;153;0;262;2;260;262;2;260;1254;315;131;86;29;27;24;18;;;;;142;71;19;19;14;7;12;;;;;293;161;90;42;;;;;;;;44;24;8;7;0;2;3;;;;;92;41;16;35;;;;;;;;220;151;69;;;148;148;;;;;;;;;;;;
Bezirk Harburg;Wahlkreis 16 - Harburg;Harburg;70201;STIMMBEZIRK;;;N;1289;954;335;0;314;4;310;314;10;304;1505;419;207;109;46;12;25;20;;;;;212;113;19;16;22;3;39;;;;;397;208;119;70;;;;;;;;28;17;5;1;2;1;2;;;;;67;49;7;11;;;;;;;;251;196;55;;;131;131;;;;;;;;;;;;
Bezirk Harburg;Wahlkreis 16 - Harburg;Harburg;70203;STIMMBEZIRK;;;N;1397;1160;237;0;314;3;311;314;14;300;1355;416;185;80;37;22;58;34;;;;;177;70;5;23;22;17;40;;;;;337;191;105;41;;;;;;;;20;5;5;5;3;0;2;;;;;77;38;14;25;;;;;;;;77;61;16;;;251;251;;;;;;;;;;;;
Bezirk Harburg;Wahlkreis 16 - Harburg;Harburg;70206;STIMMBEZIRK;;;N;892;754;138;0;269;1;268;269;19;250;1235;405;169;107;64;29;18;18;;;;;134;82;9;6;22;3;12;;;;;283;165;75;43;;;;;;;;28;5;0;12;4;6;1;;;;;44;25;4;15;;;;;;;;149;107;42;;;192;192;;;;;;;;;;;;
Bezirk Harburg;Wahlkreis 16 - Harburg;Harburg;70207;STIMMBEZIRK;;;N;1129;941;188;0;333;5;328;333;9;324;1607;430;197;120;35;22;28;28;;;;;185;77;9;26;24;9;40;;;;;402;232;99;71;;;;;;;;32;8;12;4;0;0;8;;;;;62;29;16;17;;;;;;;;274;211;63;;;222;222;;;;;;;;;;;;
Bezirk Harburg;Wahlkreis 16 - Harburg;Harburg;70210;STIMMBEZIRK;;;N;1384;954;430;0;419;5;414;419;5;414;2037;592;216;167;93;16;68;32;;;;;258;153;17;19;10;18;41;;;;;338;186;110;42;;;;;;;;85;48;9;4;1;2;21;;;;;159;91;12;56;;;;;;;;387;292;95;;;218;218;;;;;;;;;;;;
Bezirk Harburg;Wahlkreis 16 - Harburg;Harburg;7019901;BRIEFWAHLBEZIRK;;;N;0;0;0;0;533;533;0;532;8;524;2599;738;325;190;55;48;69;51;;;;;429;230;33;30;73;26;37;;;;;322;143;131;48;;;;;;;;71;31;15;9;3;8;5;;;;;173;95;32;46;;;;;;;;567;413;154;;;299;299;;;;;;;;;;;;
Bezirk Harburg;Wahlkreis 16 - Harburg;Harburg;7019902;BRIEFWAHLBEZIRK;;;N;0;0;0;0;555;555;0;553;9;544;2691;751;287;198;93;47;93;33;;;;;528;254;41;72;87;17;57;;;;;381;179;134;68;;;;;;;;81;35;22;9;3;5;7;;;;;201;113;38;50;;;;;;;;466;352;114;;;283;283;;;;;;;;;;;;
Bezirk Harburg;Wahlkreis 16 - Harburg;Harburg;7019903;BRIEFWAHLBEZIRK;;;N;0;0;0;0;363;363;0;351;0;351;1743;487;176;156;46;27;59;23;;;;;227;92;26;26;49;8;26;;;;;381;221;106;54;;;;;;;;52;20;9;8;7;0;8;;;;;102;45;11;46;;;;;;;;394;289;105;;;100;100;;;;;;;;;;;;
Bezirk Harburg;Wahlkreis 16 - Harburg;Harburg;7019904;BRIEFWAHLBEZIRK;;;N;0;0;0;0;579;579;0;579;3;576;2848;677;247;208;63;54;64;41;;;;;380;176;33;47;38;16;70;;;;;628;322;200;106;;;;;;;;81;28;13;36;2;1;1;;;;;250;129;43;78;;;;;;;;615;464;151;;;217;217;;;;;;;;;;;;
Bezirk Harburg;Wahlkreis 16 - Harburg;Harburg;7019905;BRIEFWAHLBEZIRK;;;N;0;0;0;0;527;527;0;527;1;526;2605;663;275;175;75;35;64;39;;;;;384;199;33;35;61;17;39;;;;;496;237;186;73;;;;;;;;108;51;11;30;4;3;9;;;;;176;97;23;56;;;;;;;;556;433;123;;;222;222;;;;;;;;;;;;
Bezirk Harburg;Wahlkreis 16 - Harburg;Neuland/Gut Moor;70301;STIMMBEZIRK;;;N;375;295;80;0;186;0;186;186;6;180;868;195;52;19;16;9;82;17;;;;;228;154;16;10;19;8;21;;;;;54;24;22;8;;;;;;;;160;141;1;2;1;3;12;;;;;24;15;2;7;;;;;;;;66;54;12;;;141;141;;;;;;;;;;;;
Bezirk Harburg;Wahlkreis 16 - Harburg;Neuland/Gut Moor;70302;STIMMBEZIRK;;;N;585;420;165;0;247;1;246;247;8;239;1190;342;81;71;12;9;158;11;;;;;223;110;18;23;32;9;31;;;;;154;99;35;20;;;;;;;;34;20;1;6;0;3;4;;;;;47;20;10;17;;;;;;;;57;40;17;;;333;333;;;;;;;;;;;;
Bezirk Harburg;Wahlkreis 16 - Harburg;Neuland/Gut Moor;7039901;BRIEFWAHLBEZIRK;;;N;0;0;0;0;214;214;0;214;2;212;1058;249;27;42;12;10;141;17;;;;;295;154;28;25;47;12;29;;;;;105;50;29;26;;;;;;;;63;53;0;5;4;1;0;;;;;90;33;37;20;;;;;;;;90;69;21;;;166;166;;;;;;;;;;;;
Bezirk Harburg;Wahlkreis 16 - Harburg;Wilstorf;70501;STIMMBEZIRK;;;N;953;686;267;0;277;3;274;277;9;268;1334;403;191;58;22;12;37;83;;;;;229;151;9;14;31;13;11;;;;;217;103;64;50;;;;;;;;20;8;7;2;0;0;3;;;;;75;41;3;31;;;;;;;;160;119;41;;;230;230;;;;;;;;;;;;
Bezirk Harburg;Wahlkreis 16 - Harburg;Wilstorf;70502;STIMMBEZIRK;;;N;955;691;264;0;315;1;314;315;9;306;1513;451;201;65;35;18;48;84;;;;;281;133;16;24;34;56;18;;;;;218;102;74;42;;;;;;;;26;7;19;0;0;0;0;;;;;76;43;5;28;;;;;;;;195;140;55;;;266;266;;;;;;;;;;;;
Bezirk Harburg;Wahlkreis 16 - Harburg;Wilstorf;70504;STIMMBEZIRK;;;N;1238;1030;208;0;344;0;344;344;15;329;1632;619;225;145;48;41;44;116;;;;;255;126;33;18;19;37;22;;;;;227;154;42;31;;;;;;;;16;7;4;0;0;1;4;;;;;81;62;6;13;;;;;;;;83;64;19;;;351;351;;;;;;;;;;;;
Bezirk Harburg;Wahlkreis 16 - Harburg;Wilstorf;70505;STIMMBEZIRK;;;N;1000;755;245;0;266;2;264;266;3;263;1256;400;163;81;50;12;44;50;;;;;216;131;11;29;19;13;13;;;;;206;123;53;30;;;;;;;;18;2;10;3;0;0;3;;;;;59;31;3;25;;;;;;;;92;65;27;;;265;265;;;;;;;;;;;;
Bezirk Harburg;Wahlkreis 16 - Harburg;Wilstorf;70506;STIMMBEZIRK;;;N;1167;914;253;0;406;5;401;406;9;397;1953;603;210;86;95;30;70;112;;;;;503;265;50;39;46;75;28;;;;;270;161;63;46;;;;;;;;11;2;0;5;0;1;3;;;;;66;43;2;21;;;;;;;;216;167;49;;;284;284;;;;;;;;;;;;
Bezirk Harburg;Wahlkreis 16 - Harburg;Wilstorf;70507;STIMMBEZIRK;;;N;1056;712;344;0;368;0;368;368;9;359;1756;523;215;68;43;39;61;97;;;;;375;227;36;23;50;20;19;;;;;227;126;54;47;;;;;;;;26;6;7;9;1;0;3;;;;;96;81;4;11;;;;;;;;162;125;37;;;347;347;;;;;;;;;;;;
Bezirk Harburg;Wahlkreis 16 - Harburg;Wilstorf;70508;STIMMBEZIRK;;;N;872;609;263;0;291;3;288;291;5;286;1423;410;179;69;36;38;44;44;;;;;296;141;13;34;51;41;16;;;;;231;120;70;41;;;;;;;;14;8;0;0;1;1;4;;;;;49;32;2;15;;;;;;;;212;154;58;;;211;211;;;;;;;;;;;;
Bezirk Harburg;Wahlkreis 16 - Harburg;Wilstorf;70509;STIMMBEZIRK;;;N;874;611;263;0;288;11;277;283;11;272;1345;489;226;63;70;24;38;68;;;;;262;110;19;22;32;52;27;;;;;219;78;87;54;;;;;;;;14;8;4;0;0;0;2;;;;;80;47;7;26;;;;;;;;136;85;51;;;145;145;;;;;;;;;;;;
Bezirk Harburg;Wahlkreis 16 - Harburg;Wilstorf;70510;STIMMBEZIRK;;;N;744;600;144;0;238;2;236;238;8;230;1130;379;136;78;30;25;41;69;;;;;216;114;19;11;24;34;14;;;;;187;84;65;38;;;;;;;;24;10;6;7;0;0;1;;;;;61;43;6;12;;;;;;;;156;129;27;;;107;107;;;;;;;;;;;;
Bezirk Harburg;Wahlkreis 16 - Harburg;Wilstorf;70512;STIMMBEZIRK;;;N;1054;705;349;0;357;1;356;357;5;352;1732;563;206;105;46;26;90;90;;;;;367;240;20;22;25;43;17;;;;;274;142;95;37;;;;;;;;25;12;4;8;0;1;0;;;;;36;28;5;3;;;;;;;;191;149;42;;;276;276;;;;;;;;;;;;
Bezirk Harburg;Wahlkreis 16 - Harburg;Wilstorf;70513;STIMMBEZIRK;;;N;225;175;50;0;90;1;89;90;9;81;384;196;109;27;10;16;23;11;;;;;121;60;10;14;26;11;0;;;;;7;2;4;1;;;;;;;;10;2;2;1;2;2;1;;;;;4;4;0;0;;;;;;;;36;25;11;;;10;10;;;;;;;;;;;;
Bezirk Harburg;Wahlkreis 16 - Harburg;Wilstorf;7059901;BRIEFWAHLBEZIRK;;;N;0;0;0;0;548;548;0;545;11;534;2664;901;310;166;67;58;106;194;;;;;531;296;41;35;64;66;29;;;;;376;185;131;60;;;;;;;;47;16;7;2;1;13;8;;;;;191;121;24;46;;;;;;;;293;225;68;;;325;325;;;;;;;;;;;;
Bezirk Harburg;Wahlkreis 16 - Harburg;Wilstorf;7059902;BRIEFWAHLBEZIRK;;;N;0;0;0;0;566;566;0;545;13;532;2615;943;361;161;76;60;98;187;;;;;574;379;28;34;63;40;30;;;;;229;114;69;46;;;;;;;;50;11;14;13;4;5;3;;;;;201;135;28;38;;;;;;;;248;186;62;;;370;370;;;;;;;;;;;;
Bezirk Harburg;Wahlkreis 16 - Harburg;Wilstorf;7059903;BRIEFWAHLBEZIRK;;;N;0;0;0;0;310;310;0;310;3;307;1523;498;180;102;42;33;41;100;;;;;269;151;17;28;36;30;7;;;;;250;104;111;35;;;;;;;;51;6;17;12;5;6;5;;;;;71;42;10;19;;;;;;;;257;201;56;;;127;127;;;;;;;;;;;;
Bezirk Harburg;Wahlkreis 16 - Harburg;Wilstorf;7059904;BRIEFWAHLBEZIRK;;;N;0;0;0;0;538;538;0;535;10;525;2610;1020;452;119;41;59;135;214;;;;;607;347;33;37;69;93;28;;;;;183;101;61;21;;;;;;;;48;17;4;8;3;8;8;;;;;150;87;23;40;;;;;;;;266;192;74;;;336;336;;;;;;;;;;;;
Bezirk Harburg;Wahlkreis 16 - Harburg;Wilstorf;7059905;BRIEFWAHLBEZIRK;;;N;0;0;0;0;504;504;0;504;3;501;2481;1004;433;103;83;60;132;193;;;;;528;267;40;38;103;58;22;;;;;191;83;77;31;;;;;;;;70;15;14;10;3;7;21;;;;;149;84;19;46;;;;;;;;267;175;92;;;272;272;;;;;;;;;;;;
Bezirk Harburg;Wahlkreis 16 - Harburg;Rönneburg;70601;STIMMBEZIRK;;;N;1058;766;292;0;450;0;450;450;8;442;2189;604;289;92;38;26;89;70;;;;;568;401;31;21;59;33;23;;;;;310;182;96;32;;;;;;;;18;9;4;1;1;1;2;;;;;124;81;20;23;;;;;;;;230;179;51;;;335;335;;;;;;;;;;;;
Bezirk Harburg;Wahlkreis 16 - Harburg;Rönneburg;70602;STIMMBEZIRK;;;N;1138;724;414;0;407;3;404;407;10;397;1955;615;278;127;44;43;74;49;;;;;523;391;13;57;49;8;5;;;;;158;79;49;30;;;;;;;;17;7;1;7;2;0;0;;;;;56;32;4;20;;;;;;;;268;197;71;;;318;318;;;;;;;;;;;;
Bezirk Harburg;Wahlkreis 16 - Harburg;Rönneburg;7069901;BRIEFWAHLBEZIRK;;;N;0;0;0;0;428;428;0;426;5;421;2100;596;248;86;39;50;102;71;;;;;643;400;22;63;117;19;22;;;;;166;94;53;19;;;;;;;;64;34;6;10;4;1;9;;;;;95;59;9;27;;;;;;;;279;203;76;;;257;257;;;;;;;;;;;;
Bezirk Harburg;Wahlkreis 16 - Harburg;Rönneburg;7069902;BRIEFWAHLBEZIRK;;;N;0;0;0;0;234;234;0;233;1;232;1157;460;175;90;36;29;55;75;;;;;332;204;20;31;55;15;7;;;;;60;25;33;2;;;;;;;;17;11;1;2;0;1;2;;;;;58;34;13;11;;;;;;;;132;93;39;;;98;98;;;;;;;;;;;;
Bezirk Harburg;Wahlkreis 16 - Harburg;Langenbek;70701;STIMMBEZIRK;;;N;940;640;300;0;336;2;334;336;8;328;1635;513;264;80;32;30;54;53;;;;;415;239;20;75;51;16;14;;;;;198;118;54;26;;;;;;;;32;14;10;3;0;0;5;;;;;44;30;0;14;;;;;;;;187;148;39;;;246;246;;;;;;;;;;;;
Bezirk Harburg;Wahlkreis 16 - Harburg;Langenbek;70702;STIMMBEZIRK;;;N;997;660;337;0;316;0;316;316;11;305;1502;469;199;105;36;31;63;35;;;;;261;112;10;50;64;17;8;;;;;191;83;79;29;;;;;;;;26;7;5;8;5;0;1;;;;;52;30;6;16;;;;;;;;161;112;49;;;342;342;;;;;;;;;;;;
Bezirk Harburg;Wahlkreis 16 - Harburg;Langenbek;70703;STIMMBEZIRK;;;N;930;697;233;0;398;0;398;398;9;389;1927;572;259;94;51;41;65;62;;;;;519;248;48;109;84;14;16;;;;;205;103;70;32;;;;;;;;20;6;2;7;0;0;5;;;;;40;32;1;7;;;;;;;;218;135;83;;;353;353;;;;;;;;;;;;
Bezirk Harburg;Wahlkreis 16 - Harburg;Langenbek;7079901;BRIEFWAHLBEZIRK;;;N;0;0;0;0;272;272;0;272;4;268;1331;393;169;64;19;42;49;50;;;;;412;244;9;76;45;13;25;;;;;123;54;51;18;;;;;;;;40;12;5;5;5;3;10;;;;;73;39;12;22;;;;;;;;154;88;66;;;136;136;;;;;;;;;;;;
Bezirk Harburg;Wahlkreis 16 - Harburg;Langenbek;7079902;BRIEFWAHLBEZIRK;;;N;0;0;0;0;542;542;0;534;9;525;2612;960;417;160;57;87;115;124;;;;;872;468;18;159;186;18;23;;;;;86;43;34;9;;;;;;;;47;29;3;10;1;1;3;;;;;103;64;8;31;;;;;;;;314;225;89;;;230;230;;;;;;;;;;;;
Bezirk Harburg;Wahlkreis 16 - Harburg;Sinstorf;70801;STIMMBEZIRK;;;N;1232;893;339;0;498;3;495;497;8;489;2414;798;398;142;76;40;86;56;;;;;770;486;29;97;118;9;31;;;;;293;167;90;36;;;;;;;;39;23;7;3;0;6;0;;;;;34;22;5;7;;;;;;;;220;182;38;;;260;260;;;;;;;;;;;;
Bezirk Harburg;Wahlkreis 16 - Harburg;Sinstorf;70802;STIMMBEZIRK;;;N;1226;887;339;0;449;2;447;449;15;434;2153;778;365;157;55;96;62;43;;;;;659;313;36;56;197;27;30;;;;;142;89;41;12;;;;;;;;43;3;15;13;1;8;3;;;;;78;47;9;22;;;;;;;;194;158;36;;;259;259;;;;;;;;;;;;
Bezirk Harburg;Wahlkreis 16 - Harburg;Sinstorf;7089901;BRIEFWAHLBEZIRK;;;N;0;0;0;0;625;625;0;625;5;620;3074;990;516;149;70;79;103;73;;;;;969;413;46;98;325;32;55;;;;;224;82;96;46;;;;;;;;80;20;11;10;6;17;16;;;;;129;72;24;33;;;;;;;;349;280;69;;;333;333;;;;;;;;;;;;
Bezirk Harburg;Wahlkreis 16 - Harburg;Marmstorf;70901;STIMMBEZIRK;;;N;822;527;295;0;345;1;344;345;8;337;1661;460;236;93;33;56;35;7;;;;;605;239;12;30;304;9;11;;;;;145;79;47;19;;;;;;;;49;25;6;2;4;3;9;;;;;57;47;1;9;;;;;;;;176;117;59;;;169;169;;;;;;;;;;;;
Bezirk Harburg;Wahlkreis 16 - Harburg;Marmstorf;70902;STIMMBEZIRK;;;N;1069;682;387;0;414;0;414;414;4;410;2017;760;377;128;38;131;51;35;;;;;519;210;35;38;208;18;10;;;;;145;75;49;21;;;;;;;;23;13;4;2;1;2;1;;;;;74;49;2;23;;;;;;;;252;180;72;;;244;244;;;;;;;;;;;;
Bezirk Harburg;Wahlkreis 16 - Harburg;Marmstorf;70904;STIMMBEZIRK;;;N;1016;613;403;0;416;2;414;416;1;415;2067;689;352;118;30;118;49;22;;;;;694;185;12;45;423;11;18;;;;;183;95;61;27;;;;;;;;39;19;8;8;0;2;2;;;;;64;35;8;21;;;;;;;;269;182;87;;;129;129;;;;;;;;;;;;
Bezirk Harburg;Wahlkreis 16 - Harburg;Marmstorf;70905;STIMMBEZIRK;;;N;880;657;223;0;342;2;340;342;14;328;1628;587;285;85;40;99;57;21;;;;;304;91;4;18;173;8;10;;;;;197;100;62;35;;;;;;;;39;19;5;13;0;1;1;;;;;51;29;3;19;;;;;;;;262;179;83;;;188;188;;;;;;;;;;;;
Bezirk Harburg;Wahlkreis 16 - Harburg;Marmstorf;70906;STIMMBEZIRK;;;N;803;590;213;0;294;2;292;293;5;288;1418;404;219;45;18;76;31;15;;;;;504;139;22;32;287;14;10;;;;;118;63;37;18;;;;;;;;40;23;5;2;5;3;2;;;;;50;32;9;9;;;;;;;;116;86;30;;;186;186;;;;;;;;;;;;
Bezirk Harburg;Wahlkreis 16 - Harburg;Marmstorf;70907;STIMMBEZIRK;;;N;1087;848;239;0;481;2;479;481;15;466;2270;753;318;100;62;178;62;33;;;;;588;223;21;21;293;9;21;;;;;235;126;74;35;;;;;;;;29;4;5;8;0;0;12;;;;;54;39;6;9;;;;;;;;214;144;70;;;397;397;;;;;;;;;;;;
Bezirk Harburg;Wahlkreis 16 - Harburg;Marmstorf;70909;STIMMBEZIRK;;;N;822;518;304;0;317;0;317;317;4;313;1551;492;237;74;32;83;47;19;;;;;356;203;4;22;108;15;4;;;;;234;117;73;44;;;;;;;;40;14;3;5;3;4;11;;;;;51;26;7;18;;;;;;;;206;160;46;;;172;172;;;;;;;;;;;;
Bezirk Harburg;Wahlkreis 16 - Harburg;Marmstorf;7099901;BRIEFWAHLBEZIRK;;;N;0;0;0;0;307;307;0;305;3;302;1503;511;230;87;29;100;33;32;;;;;465;147;17;28;237;16;20;;;;;118;67;34;17;;;;;;;;27;10;6;2;2;5;2;;;;;82;58;9;15;;;;;;;;169;125;44;;;131;131;;;;;;;;;;;;
Bezirk Harburg;Wahlkreis 16 - Harburg;Marmstorf;7099902;BRIEFWAHLBEZIRK;;;N;0;0;0;0;536;536;0;535;7;528;2637;893;451;122;42;159;63;56;;;;;937;379;20;49;441;20;28;;;;;177;91;64;22;;;;;;;;65;23;20;5;1;11;5;;;;;112;89;6;17;;;;;;;;243;161;82;;;210;210;;;;;;;;;;;;
Bezirk Harburg;Wahlkreis 16 - Harburg;Marmstorf;7099903;BRIEFWAHLBEZIRK;;;N;0;0;0;0;721;721;0;715;1;714;3554;1205;601;149;53;236;108;58;;;;;1301;419;34;50;756;23;19;;;;;200;81;80;39;;;;;;;;91;42;23;12;3;4;7;;;;;121;63;29;29;;;;;;;;384;231;153;;;252;252;;;;;;;;;;;;
Bezirk Harburg;Wahlkreis 16 - Harburg;Marmstorf;7099904;BRIEFWAHLBEZIRK;;;N;0;0;0;0;353;353;0;352;3;349;1740;551;238;106;40;103;50;14;;;;;466;168;25;26;221;16;10;;;;;184;98;65;21;;;;;;;;47;22;5;8;6;3;3;;;;;112;82;8;22;;;;;;;;265;177;88;;;115;115;;;;;;;;;;;;
Bezirk Harburg;Wahlkreis 16 - Harburg;Eißendorf WK16;71001;STIMMBEZIRK;;;N;933;679;254;0;339;2;337;339;8;331;1648;581;256;149;82;24;42;28;;;;;241;128;32;23;21;12;25;;;;;274;152;91;31;;;;;;;;58;14;6;4;6;2;26;;;;;86;48;12;26;;;;;;;;218;155;63;;;190;190;;;;;;;;;;;;
Bezirk Harburg;Wahlkreis 16 - Harburg;Eißendorf WK16;71003;STIMMBEZIRK;;;N;1019;763;256;0;329;6;323;329;9;320;1557;461;271;99;28;10;32;21;;;;;380;212;22;57;60;4;25;;;;;175;77;50;48;;;;;;;;64;17;10;11;7;2;17;;;;;86;46;9;31;;;;;;;;217;170;47;;;174;174;;;;;;;;;;;;
Bezirk Harburg;Wahlkreis 16 - Harburg;Eißendorf WK16;71004;STIMMBEZIRK;;;N;929;665;264;0;294;1;293;294;14;280;1372;489;241;92;43;58;29;26;;;;;238;132;15;16;64;5;6;;;;;154;90;47;17;;;;;;;;15;6;1;5;1;1;1;;;;;66;47;12;7;;;;;;;;143;107;36;;;267;267;;;;;;;;;;;;
Bezirk Harburg;Wahlkreis 16 - Harburg;Eißendorf WK16;71005;STIMMBEZIRK;;;N;1125;722;403;0;440;3;437;440;9;431;2140;669;303;141;52;88;63;22;;;;;598;293;24;36;199;20;26;;;;;193;96;72;25;;;;;;;;40;24;1;4;1;1;9;;;;;67;43;2;22;;;;;;;;332;215;117;;;241;241;;;;;;;;;;;;
Bezirk Harburg;Wahlkreis 16 - Harburg;Eißendorf WK16;71014;STIMMBEZIRK;;;N;1229;914;315;0;383;4;379;383;8;375;1843;608;260;205;44;32;29;38;;;;;226;99;16;28;30;17;36;;;;;350;177;113;60;;;;;;;;37;12;0;11;2;6;6;;;;;112;50;11;51;;;;;;;;240;157;83;;;270;270;;;;;;;;;;;;
Bezirk Harburg;Wahlkreis 16 - Harburg;Eißendorf WK16;71017;STIMMBEZIRK;;;N;640;505;135;0;205;0;205;205;11;194;955;356;173;64;32;26;29;32;;;;;125;63;16;7;22;6;11;;;;;78;28;35;15;;;;;;;;23;19;2;1;0;1;0;;;;;45;37;2;6;;;;;;;;124;86;38;;;204;204;;;;;;;;;;;;
Bezirk Harburg;Wahlkreis 16 - Harburg;Eißendorf WK16;71018;STIMMBEZIRK;;;N;1108;784;324;0;272;1;271;272;8;264;1309;454;198;110;58;24;41;23;;;;;195;92;24;24;21;8;26;;;;;237;127;66;44;;;;;;;;21;12;0;0;2;7;0;;;;;63;39;5;19;;;;;;;;150;99;51;;;189;189;;;;;;;;;;;;
Bezirk Harburg;Wahlkreis 16 - Harburg;Eißendorf WK16;7109901;BRIEFWAHLBEZIRK;;;N;0;0;0;0;605;605;0;600;11;589;2944;878;421;176;56;77;106;42;;;;;844;455;50;42;215;24;58;;;;;289;152;106;31;;;;;;;;96;37;20;4;0;5;30;;;;;156;113;14;29;;;;;;;;464;336;128;;;217;217;;;;;;;;;;;;
Bezirk Harburg;Wahlkreis 16 - Harburg;Eißendorf WK16;7109902;BRIEFWAHLBEZIRK;;;N;0;0;0;0;529;529;0;529;1;528;2629;839;385;214;76;48;78;38;;;;;456;220;33;44;105;11;43;;;;;409;208;136;65;;;;;;;;92;37;7;23;6;16;3;;;;;204;98;32;74;;;;;;;;404;316;88;;;225;225;;;;;;;;;;;;
Bezirk Harburg;Wahlkreis 16 - Harburg;Eißendorf WK16;7109903;BRIEFWAHLBEZIRK;;;N;0;0;0;0;715;715;0;715;11;704;3499;1081;538;248;89;69;98;39;;;;;836;440;42;44;228;28;54;;;;;373;195;111;67;;;;;;;;104;46;3;27;1;0;27;;;;;171;111;17;43;;;;;;;;559;376;183;;;375;375;;;;;;;;;;;;
Bezirk Harburg;Wahlkreis 16 - Harburg;Heimfeld WK16;71102;STIMMBEZIRK;;;N;1093;874;219;0;304;1;303;303;6;297;1472;379;149;92;75;23;28;12;;;;;151;68;40;10;13;13;7;;;;;465;198;168;99;;;;;;;;14;12;0;1;0;0;1;;;;;63;30;8;25;;;;;;;;208;152;56;;;192;192;;;;;;;;;;;;
Bezirk Harburg;Wahlkreis 16 - Harburg;Heimfeld WK16;71103;STIMMBEZIRK;;;N;1227;986;241;0;392;1;391;392;12;380;1877;603;250;149;96;38;47;23;;;;;267;124;52;28;31;10;22;;;;;408;188;146;74;;;;;;;;29;10;14;3;0;0;2;;;;;95;62;13;20;;;;;;;;169;95;74;;;306;306;;;;;;;;;;;;
Bezirk Harburg;Wahlkreis 16 - Harburg;Heimfeld WK16;71105;STIMMBEZIRK;;;N;1137;896;241;0;331;3;328;331;9;322;1594;366;153;89;88;8;20;8;;;;;166;74;36;23;14;3;16;;;;;458;175;184;99;;;;;;;;41;5;7;19;3;3;4;;;;;77;42;13;22;;;;;;;;294;205;89;;;192;192;;;;;;;;;;;;
Bezirk Harburg;Wahlkreis 16 - Harburg;Heimfeld WK16;71107;STIMMBEZIRK;;;N;1231;923;308;0;441;1;440;440;6;434;2149;702;251;160;158;41;57;35;;;;;330;120;76;37;49;13;35;;;;;356;213;86;57;;;;;;;;26;8;8;4;2;0;4;;;;;98;65;8;25;;;;;;;;441;290;151;;;196;196;;;;;;;;;;;;
Bezirk Harburg;Wahlkreis 16 - Harburg;Heimfeld WK16;71110;STIMMBEZIRK;;;N;1016;778;238;0;393;2;391;393;8;385;1920;509;206;113;86;31;52;21;;;;;156;64;39;15;15;6;17;;;;;553;260;199;94;;;;;;;;40;26;2;9;0;0;3;;;;;120;69;10;41;;;;;;;;451;264;187;;;91;91;;;;;;;;;;;;
Bezirk Harburg;Wahlkreis 16 - Harburg;Heimfeld WK16;71111;STIMMBEZIRK;;;N;962;663;299;0;377;3;374;377;9;368;1822;448;202;122;57;29;30;8;;;;;271;180;33;15;27;9;7;;;;;391;158;166;67;;;;;;;;59;25;8;11;0;5;10;;;;;94;57;12;25;;;;;;;;400;284;116;;;159;159;;;;;;;;;;;;
Bezirk Harburg;Wahlkreis 16 - Harburg;Heimfeld WK16;71112;STIMMBEZIRK;;;N;1143;887;256;0;380;2;378;380;15;365;1807;595;192;192;124;28;42;17;;;;;264;135;53;24;14;14;24;;;;;403;199;152;52;;;;;;;;15;6;3;0;1;2;3;;;;;95;52;10;33;;;;;;;;247;159;88;;;188;188;;;;;;;;;;;;
Bezirk Harburg;Wahlkreis 16 - Harburg;Heimfeld WK16;7119901;BRIEFWAHLBEZIRK;;;N;0;0;0;0;496;496;0;493;8;485;2393;826;360;164;168;28;59;47;;;;;364;172;60;47;34;24;27;;;;;392;184;132;76;;;;;;;;42;15;7;12;5;1;2;;;;;148;93;16;39;;;;;;;;452;279;173;;;169;169;;;;;;;;;;;;
Bezirk Harburg;Wahlkreis 16 - Harburg;Heimfeld WK16;7119902;BRIEFWAHLBEZIRK;;;N;0;0;0;0;708;708;0;706;12;694;3445;1141;486;263;156;75;121;40;;;;;541;324;74;34;53;27;29;;;;;424;189;158;77;;;;;;;;81;18;21;10;7;14;11;;;;;304;186;35;83;;;;;;;;685;465;220;;;269;269;;;;;;;;;;;;
Bezirk Harburg;Wahlkreis 16 - Harburg;Heimfeld WK16;7119903;BRIEFWAHLBEZIRK;;;N;0;0;0;0;443;443;0;442;5;437;2179;547;187;139;85;33;54;49;;;;;275;144;44;28;22;7;30;;;;;491;213;180;98;;;;;;;;102;22;14;19;4;22;21;;;;;157;75;15;67;;;;;;;;462;328;134;;;145;145;;;;;;;;;;;;
Bezirk Harburg;Wahlkreis 17 - Süderelbe;Eißendorf WK17;71006;STIMMBEZIRK;;;N;910;582;328;0;338;2;336;337;21;316;1560;535;296;76;41;56;48;18;;;;;564;436;30;24;37;23;14;;;;;158;86;28;44;;;;;;;;36;11;10;1;4;8;2;;;;;65;31;14;20;;;;;;;;202;122;80;;;;;;;;;;;;;;;;
Bezirk Harburg;Wahlkreis 17 - Süderelbe;Eißendorf WK17;71007;STIMMBEZIRK;;;N;1007;687;320;0;367;3;364;367;16;351;1741;507;224;86;34;99;46;18;;;;;643;493;31;28;32;52;7;;;;;209;109;34;66;;;;;;;;97;19;6;10;4;37;21;;;;;63;39;17;7;;;;;;;;222;136;86;;;;;;;;;;;;;;;;
Bezirk Harburg;Wahlkreis 17 - Süderelbe;Eißendorf WK17;71008;STIMMBEZIRK;;;N;1148;748;400;0;446;0;446;445;11;434;2160;610;300;110;38;80;57;25;;;;;826;709;26;30;20;23;18;;;;;192;93;28;71;;;;;;;;131;52;16;19;15;23;6;;;;;98;72;21;5;;;;;;;;303;209;94;;;;;;;;;;;;;;;;
Bezirk Harburg;Wahlkreis 17 - Süderelbe;Eißendorf WK17;71009;STIMMBEZIRK;;;N;954;671;283;0;365;2;363;365;13;352;1741;579;289;85;46;87;32;40;;;;;606;480;31;15;26;34;20;;;;;201;99;32;70;;;;;;;;57;11;3;9;12;20;2;;;;;76;37;19;20;;;;;;;;222;149;73;;;;;;;;;;;;;;;;
Bezirk Harburg;Wahlkreis 17 - Süderelbe;Eißendorf WK17;71010;STIMMBEZIRK;;;N;1089;878;211;0;316;0;316;315;24;291;1423;524;280;44;96;45;38;21;;;;;326;235;39;14;16;15;7;;;;;277;150;47;80;;;;;;;;82;33;7;10;8;13;11;;;;;105;63;22;20;;;;;;;;109;79;30;;;;;;;;;;;;;;;;
Bezirk Harburg;Wahlkreis 17 - Süderelbe;Eißendorf WK17;71013;STIMMBEZIRK;;;N;928;618;310;0;384;0;384;384;14;370;1823;724;407;84;35;90;71;37;;;;;504;339;56;37;35;27;10;;;;;201;84;44;73;;;;;;;;55;12;1;2;5;26;9;;;;;127;71;37;19;;;;;;;;212;131;81;;;;;;;;;;;;;;;;
Bezirk Harburg;Wahlkreis 17 - Süderelbe;Eißendorf WK17;71016;STIMMBEZIRK;;;N;988;749;239;0;365;1;364;364;23;341;1681;662;346;93;43;87;69;24;;;;;528;400;38;18;34;26;12;;;;;136;80;24;32;;;;;;;;51;15;17;6;4;8;1;;;;;101;42;43;16;;;;;;;;203;151;52;;;;;;;;;;;;;;;;
Bezirk Harburg;Wahlkreis 17 - Süderelbe;Eißendorf WK17;71020;STIMMBEZIRK;;;N;1122;740;382;0;391;6;385;390;23;367;1810;615;261;88;33;111;74;48;;;;;592;485;33;22;25;19;8;;;;;258;112;44;102;;;;;;;;54;4;8;4;2;31;5;;;;;94;37;19;38;;;;;;;;197;142;55;;;;;;;;;;;;;;;;
Bezirk Harburg;Wahlkreis 17 - Süderelbe;Eißendorf WK17;71021;STIMMBEZIRK;;;N;947;642;305;0;395;1;394;395;25;370;1834;600;331;69;24;94;57;25;;;;;596;456;18;37;47;21;17;;;;;285;125;51;109;;;;;;;;40;8;7;7;4;12;2;;;;;80;37;29;14;;;;;;;;233;184;49;;;;;;;;;;;;;;;;
Bezirk Harburg;Wahlkreis 17 - Süderelbe;Eißendorf WK17;7109931;BRIEFWAHLBEZIRK;;;N;0;0;0;0;426;426;0;424;24;400;1909;647;317;87;70;72;68;33;;;;;511;363;54;20;34;36;4;;;;;240;129;55;56;;;;;;;;90;36;5;12;14;21;2;;;;;123;66;41;16;;;;;;;;298;170;128;;;;;;;;;;;;;;;;
Bezirk Harburg;Wahlkreis 17 - Süderelbe;Eißendorf WK17;7109932;BRIEFWAHLBEZIRK;;;N;0;0;0;0;735;735;0;706;12;694;3462;1246;561;221;74;210;121;59;;;;;1309;1019;58;70;54;86;22;;;;;166;100;27;39;;;;;;;;133;21;15;8;14;64;11;;;;;233;92;78;63;;;;;;;;375;215;160;;;;;;;;;;;;;;;;
Bezirk Harburg;Wahlkreis 17 - Süderelbe;Eißendorf WK17;7109933;BRIEFWAHLBEZIRK;;;N;0;0;0;0;691;691;0;659;17;642;3200;1251;524;225;51;234;144;73;;;;;1233;980;37;65;79;55;17;;;;;163;62;35;66;;;;;;;;124;45;16;16;12;31;4;;;;;126;54;43;29;;;;;;;;303;169;134;;;;;;;;;;;;;;;;
Bezirk Harburg;Wahlkreis 17 - Süderelbe;Eißendorf WK17;7109934;BRIEFWAHLBEZIRK;;;N;0;0;0;0;721;721;0;720;21;699;3448;1199;570;185;72;194;120;58;;;;;1227;862;107;65;85;66;42;;;;;308;108;85;115;;;;;;;;94;19;23;8;11;31;2;;;;;168;71;60;37;;;;;;;;452;262;190;;;;;;;;;;;;;;;;
Bezirk Harburg;Wahlkreis 17 - Süderelbe;Heimfeld WK17;71108;STIMMBEZIRK;;;N;1046;638;408;0;408;4;404;406;12;394;1955;482;231;66;50;53;48;34;;;;;607;446;29;32;48;32;20;;;;;249;123;64;62;;;;;;;;70;29;6;7;4;18;6;;;;;84;43;24;17;;;;;;;;463;267;196;;;;;;;;;;;;;;;;
Bezirk Harburg;Wahlkreis 17 - Süderelbe;Heimfeld WK17;71109;STIMMBEZIRK;;;N;1005;664;341;0;450;6;444;450;22;428;2087;686;339;126;51;65;63;42;;;;;502;388;27;11;40;24;12;;;;;211;100;27;84;;;;;;;;45;14;9;2;4;14;2;;;;;111;71;25;15;;;;;;;;532;366;166;;;;;;;;;;;;;;;;
Bezirk Harburg;Wahlkreis 17 - Süderelbe;Heimfeld WK17;71113;STIMMBEZIRK;;;N;501;389;112;0;183;1;182;183;9;174;854;272;116;62;14;42;24;14;;;;;233;146;15;15;30;19;8;;;;;160;69;28;63;;;;;;;;19;2;0;1;13;1;2;;;;;42;22;12;8;;;;;;;;128;89;39;;;;;;;;;;;;;;;;
Bezirk Harburg;Wahlkreis 17 - Süderelbe;Heimfeld WK17;71114;STIMMBEZIRK;;;N;1019;740;279;0;394;5;389;394;19;375;1860;634;262;104;83;101;53;31;;;;;504;411;18;13;34;20;8;;;;;270;142;44;84;;;;;;;;99;32;8;4;15;34;6;;;;;93;38;23;32;;;;;;;;260;166;94;;;;;;;;;;;;;;;;
Bezirk Harburg;Wahlkreis 17 - Süderelbe;Heimfeld WK17;71115;STIMMBEZIRK;;;N;799;628;171;0;371;1;370;371;37;334;1633;548;252;122;55;33;67;19;;;;;452;337;18;35;24;35;3;;;;;147;86;11;50;;;;;;;;67;19;5;11;10;16;6;;;;;316;35;253;28;;;;;;;;103;68;35;;;;;;;;;;;;;;;;
Bezirk Harburg;Wahlkreis 17 - Süderelbe;Heimfeld WK17;71116;STIMMBEZIRK;;;N;991;691;300;0;352;3;349;352;16;336;1670;581;251;116;65;49;62;38;;;;;521;401;26;25;39;25;5;;;;;211;97;37;77;;;;;;;;48;16;7;2;14;8;1;;;;;62;32;17;13;;;;;;;;247;178;69;;;;;;;;;;;;;;;;
Bezirk Harburg;Wahlkreis 17 - Süderelbe;Heimfeld WK17;7119931;BRIEFWAHLBEZIRK;;;N;0;0;0;0;559;559;0;551;25;526;2604;978;439;188;78;106;114;53;;;;;915;650;40;47;72;89;17;;;;;137;61;25;51;;;;;;;;90;42;8;3;19;12;6;;;;;159;63;64;32;;;;;;;;325;199;126;;;;;;;;;;;;;;;;
Bezirk Harburg;Wahlkreis 17 - Süderelbe;Heimfeld WK17;7119932;BRIEFWAHLBEZIRK;;;N;0;0;0;0;394;394;0;394;15;379;1891;560;236;109;33;75;79;28;;;;;626;415;56;33;73;47;2;;;;;173;84;45;44;;;;;;;;55;10;8;10;10;15;2;;;;;147;71;62;14;;;;;;;;330;189;141;;;;;;;;;;;;;;;;
Bezirk Harburg;Wahlkreis 17 - Süderelbe;Heimfeld WK17;7119933;BRIEFWAHLBEZIRK;;;N;0;0;0;0;540;540;0;515;8;507;2482;868;344;155;66;119;110;74;;;;;735;498;52;43;81;48;13;;;;;267;122;63;82;;;;;;;;71;6;12;16;11;20;6;;;;;198;119;56;23;;;;;;;;343;196;147;;;;;;;;;;;;;;;;
Bezirk Harburg;Wahlkreis 17 - Süderelbe;Moorburg/Altenwerder/Francop/Neuenfelde/Cranz;71201;STIMMBEZIRK;;;N;500;354;146;0;228;4;224;228;16;212;1037;203;77;61;16;16;16;17;;;;;176;110;3;17;10;29;7;;;;;255;125;50;80;;;;;;;;62;30;3;5;4;15;5;;;;;76;47;14;15;;;;;;;;265;228;37;;;;;;;;;;;;;;;;
Bezirk Harburg;Wahlkreis 17 - Süderelbe;Moorburg/Altenwerder/Francop/Neuenfelde/Cranz;71601;STIMMBEZIRK;;;N;490;357;133;0;242;3;239;242;4;238;1176;229;90;77;18;21;4;19;;;;;583;419;29;26;48;57;4;;;;;63;37;6;20;;;;;;;;54;33;2;5;1;8;5;;;;;37;15;15;7;;;;;;;;210;188;22;;;;;;;;;;;;;;;;
Bezirk Harburg;Wahlkreis 17 - Süderelbe;Moorburg/Altenwerder/Francop/Neuenfelde/Cranz;71701;STIMMBEZIRK;;;N;790;540;250;0;351;2;349;351;14;337;1675;412;206;66;74;14;8;44;;;;;656;441;18;64;32;78;23;;;;;126;53;11;62;;;;;;;;83;61;3;2;4;11;2;;;;;72;32;19;21;;;;;;;;326;299;27;;;;;;;;;;;;;;;;
Bezirk Harburg;Wahlkreis 17 - Süderelbe;Moorburg/Altenwerder/Francop/Neuenfelde/Cranz;71702;STIMMBEZIRK;;;N;767;484;283;0;325;4;321;325;12;313;1551;479;221;128;35;30;22;43;;;;;444;273;31;43;34;51;12;;;;;95;50;14;31;;;;;;;;81;19;22;7;12;13;8;;;;;99;50;23;26;;;;;;;;353;321;32;;;;;;;;;;;;;;;;
Bezirk Harburg;Wahlkreis 17 - Süderelbe;Moorburg/Altenwerder/Francop/Neuenfelde/Cranz;71704;STIMMBEZIRK;;;N;1107;914;193;0;397;3;394;397;24;373;1826;815;222;72;413;34;29;45;;;;;370;236;17;33;23;47;14;;;;;224;97;48;79;;;;;;;;51;18;7;0;9;7;10;;;;;109;59;17;33;;;;;;;;257;238;19;;;;;;;;;;;;;;;;
Bezirk Harburg;Wahlkreis 17 - Süderelbe;Moorburg/Altenwerder/Francop/Neuenfelde/Cranz;71801;STIMMBEZIRK;;;N;503;390;113;0;229;1;228;229;9;220;1092;219;91;36;43;22;8;19;;;;;184;117;11;16;7;20;13;;;;;108;64;14;30;;;;;;;;65;36;2;10;4;10;3;;;;;53;28;15;10;;;;;;;;463;438;25;;;;;;;;;;;;;;;;
Bezirk Harburg;Wahlkreis 17 - Süderelbe;Moorburg/Altenwerder/Francop/Neuenfelde/Cranz;7129901;BRIEFWAHLBEZIRK;;;N;0;0;0;0;496;496;0;494;9;485;2407;543;194;138;73;51;38;49;;;;;758;413;33;99;73;126;14;;;;;250;107;48;95;;;;;;;;93;41;9;5;6;22;10;;;;;134;76;29;29;;;;;;;;629;558;71;;;;;;;;;;;;;;;;
Bezirk Harburg;Wahlkreis 17 - Süderelbe;Moorburg/Altenwerder/Francop/Neuenfelde/Cranz;7129902;BRIEFWAHLBEZIRK;;;N;0;0;0;0;544;544;0;543;18;525;2609;696;280;196;61;51;47;61;;;;;934;603;32;90;83;100;26;;;;;99;51;26;22;;;;;;;;96;50;18;5;4;14;5;;;;;193;76;47;70;;;;;;;;591;540;51;;;;;;;;;;;;;;;;
Bezirk Harburg;Wahlkreis 17 - Süderelbe;Hausbruch;71401;STIMMBEZIRK;;;N;1091;775;316;0;385;0;385;384;37;347;1731;699;249;217;125;38;45;25;;;;;557;331;38;64;43;58;23;;;;;153;76;33;44;;;;;;;;76;41;8;1;2;23;1;;;;;50;23;14;13;;;;;;;;196;159;37;;;;;;;;;;;;;;;;
Bezirk Harburg;Wahlkreis 17 - Süderelbe;Hausbruch;71402;STIMMBEZIRK;;;N;1175;1016;159;0;283;2;281;281;31;250;1226;498;186;142;62;45;25;38;;;;;284;97;22;45;47;44;29;;;;;285;138;69;78;;;;;;;;94;69;4;5;2;9;5;;;;;40;7;16;17;;;;;;;;25;21;4;;;;;;;;;;;;;;;;
Bezirk Harburg;Wahlkreis 17 - Süderelbe;Hausbruch;71403;STIMMBEZIRK;;;N;744;623;121;0;222;0;222;222;31;191;922;390;118;113;68;32;23;36;;;;;220;96;12;34;22;50;6;;;;;152;52;37;63;;;;;;;;62;21;8;6;6;14;7;;;;;57;30;9;18;;;;;;;;41;31;10;;;;;;;;;;;;;;;;
Bezirk Harburg;Wahlkreis 17 - Süderelbe;Hausbruch;71404;STIMMBEZIRK;;;N;1075;921;154;0;316;1;315;316;23;293;1439;622;214;183;127;32;19;47;;;;;314;171;39;35;38;26;5;;;;;287;146;76;65;;;;;;;;71;49;4;4;2;12;0;;;;;50;18;9;23;;;;;;;;95;73;22;;;;;;;;;;;;;;;;
Bezirk Harburg;Wahlkreis 17 - Süderelbe;Hausbruch;71405;STIMMBEZIRK;;;N;924;687;237;0;369;0;369;369;25;344;1696;624;227;243;47;37;21;49;;;;;563;304;31;73;55;64;36;;;;;184;99;34;51;;;;;;;;34;8;8;2;4;9;3;;;;;86;46;5;35;;;;;;;;205;166;39;;;;;;;;;;;;;;;;
Bezirk Harburg;Wahlkreis 17 - Süderelbe;Hausbruch;71406;STIMMBEZIRK;;;N;1092;601;491;0;434;8;426;434;13;421;2095;603;204;218;75;52;21;33;;;;;710;409;40;81;63;98;19;;;;;201;151;18;32;;;;;;;;133;61;9;15;17;20;11;;;;;63;31;3;29;;;;;;;;385;266;119;;;;;;;;;;;;;;;;
Bezirk Harburg;Wahlkreis 17 - Süderelbe;Hausbruch;71407;STIMMBEZIRK;;;N;320;206;114;0;111;2;109;111;8;103;507;190;52;94;19;7;4;14;;;;;164;92;3;20;27;11;11;;;;;64;39;10;15;;;;;;;;17;2;7;2;3;1;2;;;;;29;13;4;12;;;;;;;;43;26;17;;;;;;;;;;;;;;;;
Bezirk Harburg;Wahlkreis 17 - Süderelbe;Hausbruch;71408;STIMMBEZIRK;;;N;1323;983;340;0;436;2;434;435;28;407;1966;680;274;229;82;34;24;37;;;;;636;363;36;102;58;44;33;;;;;296;140;69;87;;;;;;;;117;45;9;8;11;39;5;;;;;83;37;24;22;;;;;;;;154;97;57;;;;;;;;;;;;;;;;
Bezirk Harburg;Wahlkreis 17 - Süderelbe;Hausbruch;71409;STIMMBEZIRK;;;N;1496;1230;266;0;302;2;300;302;28;274;1339;564;196;136;156;28;18;30;;;;;180;113;16;15;6;22;8;;;;;389;195;87;107;;;;;;;;56;18;7;12;4;13;2;;;;;73;36;22;15;;;;;;;;77;33;44;;;;;;;;;;;;;;;;
Bezirk Harburg;Wahlkreis 17 - Süderelbe;Hausbruch;71412;STIMMBEZIRK;;;N;899;641;258;0;317;5;312;316;15;301;1503;526;211;141;74;30;22;48;;;;;456;258;29;49;57;41;22;;;;;199;99;34;66;;;;;;;;49;27;0;1;3;4;14;;;;;69;30;21;18;;;;;;;;204;155;49;;;;;;;;;;;;;;;;
Bezirk Harburg;Wahlkreis 17 - Süderelbe;Hausbruch;71413;STIMMBEZIRK;;;N;1057;813;244;0;365;0;365;365;33;332;1635;546;185;268;22;26;15;30;;;;;525;314;30;60;35;54;32;;;;;179;69;45;65;;;;;;;;112;47;8;9;7;29;12;;;;;149;56;31;62;;;;;;;;124;93;31;;;;;;;;;;;;;;;;
Bezirk Harburg;Wahlkreis 17 - Süderelbe;Hausbruch;7149901;BRIEFWAHLBEZIRK;;;N;0;0;0;0;551;551;0;550;13;537;2675;1204;441;508;86;68;32;69;;;;;872;552;28;87;94;85;26;;;;;97;69;12;16;;;;;;;;117;66;14;11;5;16;5;;;;;103;21;28;54;;;;;;;;282;193;89;;;;;;;;;;;;;;;;
Bezirk Harburg;Wahlkreis 17 - Süderelbe;Hausbruch;7149902;BRIEFWAHLBEZIRK;;;N;0;0;0;0;324;324;0;319;7;312;1554;578;203;193;85;65;17;15;;;;;431;206;18;55;66;61;25;;;;;217;89;67;61;;;;;;;;61;25;2;6;3;13;12;;;;;105;59;23;23;;;;;;;;162;93;69;;;;;;;;;;;;;;;;
Bezirk Harburg;Wahlkreis 17 - Süderelbe;Hausbruch;7149903;BRIEFWAHLBEZIRK;;;N;0;0;0;0;545;545;0;541;16;525;2612;865;284;323;91;60;49;58;;;;;872;418;103;77;117;91;66;;;;;234;114;44;76;;;;;;;;113;63;9;0;2;31;8;;;;;218;78;63;77;;;;;;;;310;205;105;;;;;;;;;;;;;;;;
Bezirk Harburg;Wahlkreis 17 - Süderelbe;Hausbruch;7149904;BRIEFWAHLBEZIRK;;;N;0;0;0;0;531;531;0;528;13;515;2549;930;348;362;63;45;42;70;;;;;774;422;30;104;98;84;36;;;;;245;114;65;66;;;;;;;;129;71;7;5;5;27;14;;;;;160;65;51;44;;;;;;;;311;203;108;;;;;;;;;;;;;;;;
Bezirk Harburg;Wahlkreis 17 - Süderelbe;Hausbruch;7149905;BRIEFWAHLBEZIRK;;;N;0;0;0;0;550;550;0;537;7;530;2631;1058;407;425;56;50;35;85;;;;;827;457;50;69;104;88;59;;;;;234;89;81;64;;;;;;;;112;45;27;3;3;27;7;;;;;92;21;30;41;;;;;;;;308;222;86;;;;;;;;;;;;;;;;
Bezirk Harburg;Wahlkreis 17 - Süderelbe;Neugraben-Fischbek;71501;STIMMBEZIRK;;;N;1264;1064;200;0;366;4;362;365;34;331;1614;659;250;160;97;46;50;56;;;;;357;177;17;32;47;55;29;;;;;300;126;74;100;;;;;;;;102;37;6;7;4;25;23;;;;;60;31;19;10;;;;;;;;136;91;45;;;;;;;;;;;;;;;;
Bezirk Harburg;Wahlkreis 17 - Süderelbe;Neugraben-Fischbek;71502;STIMMBEZIRK;;;N;1001;832;169;0;323;2;321;323;26;297;1469;584;228;117;117;33;27;62;;;;;449;209;46;40;89;36;29;;;;;216;61;36;119;;;;;;;;64;31;2;4;8;17;2;;;;;85;27;19;39;;;;;;;;71;51;20;;;;;;;;;;;;;;;;
Bezirk Harburg;Wahlkreis 17 - Süderelbe;Neugraben-Fischbek;71503;STIMMBEZIRK;;;N;1007;575;432;0;405;3;402;405;28;377;1869;651;317;110;85;44;17;78;;;;;531;254;23;55;74;97;28;;;;;238;125;39;74;;;;;;;;62;16;5;18;6;13;4;;;;;114;60;24;30;;;;;;;;273;227;46;;;;;;;;;;;;;;;;
Bezirk Harburg;Wahlkreis 17 - Süderelbe;Neugraben-Fischbek;71504;STIMMBEZIRK;;;N;1039;638;401;0;406;1;405;406;17;389;1930;595;292;119;72;45;15;52;;;;;743;339;26;74;117;87;100;;;;;119;43;23;53;;;;;;;;71;24;10;1;7;16;13;;;;;68;30;15;23;;;;;;;;334;276;58;;;;;;;;;;;;;;;;
Bezirk Harburg;Wahlkreis 17 - Süderelbe;Neugraben-Fischbek;71506;STIMMBEZIRK;;;N;815;625;190;0;362;6;356;362;21;341;1689;682;343;157;87;40;16;39;;;;;496;267;17;59;65;60;28;;;;;141;62;19;60;;;;;;;;84;17;8;19;6;17;17;;;;;96;42;23;31;;;;;;;;190;132;58;;;;;;;;;;;;;;;;
Bezirk Harburg;Wahlkreis 17 - Süderelbe;Neugraben-Fischbek;71507;STIMMBEZIRK;;;N;1281;928;353;0;407;3;404;407;32;375;1857;625;308;135;82;29;23;48;;;;;591;285;27;112;90;37;40;;;;;268;119;42;107;;;;;;;;38;11;6;4;1;2;14;;;;;117;72;24;21;;;;;;;;218;159;59;;;;;;;;;;;;;;;;
Bezirk Harburg;Wahlkreis 17 - Süderelbe;Neugraben-Fischbek;71508;STIMMBEZIRK;;;N;935;688;247;0;271;5;266;270;28;242;1209;406;147;118;55;28;17;41;;;;;350;182;16;52;37;39;24;;;;;152;65;17;70;;;;;;;;77;28;6;10;6;13;14;;;;;88;38;16;34;;;;;;;;136;100;36;;;;;;;;;;;;;;;;
Bezirk Harburg;Wahlkreis 17 - Süderelbe;Neugraben-Fischbek;71509;STIMMBEZIRK;;;N;1028;699;329;0;367;1;366;367;18;349;1735;641;233;229;83;44;15;37;;;;;685;374;20;65;48;132;46;;;;;106;49;26;31;;;;;;;;71;14;9;2;7;38;1;;;;;43;17;13;13;;;;;;;;189;140;49;;;;;;;;;;;;;;;;
Bezirk Harburg;Wahlkreis 17 - Süderelbe;Neugraben-Fischbek;71510;STIMMBEZIRK;;;N;1104;940;164;0;270;2;268;270;24;246;1206;417;208;62;49;14;15;69;;;;;337;142;18;63;58;36;20;;;;;232;124;36;72;;;;;;;;66;11;9;11;5;9;21;;;;;90;32;26;32;;;;;;;;64;40;24;;;;;;;;;;;;;;;;
Bezirk Harburg;Wahlkreis 17 - Süderelbe;Neugraben-Fischbek;71511;STIMMBEZIRK;;;N;1154;947;207;0;338;2;336;338;43;295;1442;564;209;157;74;54;34;36;;;;;306;187;15;25;33;37;9;;;;;304;123;51;130;;;;;;;;67;30;7;6;4;19;1;;;;;92;35;28;29;;;;;;;;109;68;41;;;;;;;;;;;;;;;;
Bezirk Harburg;Wahlkreis 17 - Süderelbe;Neugraben-Fischbek;71513;STIMMBEZIRK;;;N;1320;1111;209;0;311;2;309;311;36;275;1356;523;203;105;94;32;19;70;;;;;346;181;18;49;35;46;17;;;;;272;118;40;114;;;;;;;;49;5;5;18;3;12;6;;;;;74;37;22;15;;;;;;;;92;75;17;;;;;;;;;;;;;;;;
Bezirk Harburg;Wahlkreis 17 - Süderelbe;Neugraben-Fischbek;71514;STIMMBEZIRK;;;N;1105;691;414;0;480;0;480;480;22;458;2264;731;291;209;90;26;37;78;;;;;741;307;33;133;87;108;73;;;;;269;107;51;111;;;;;;;;73;31;5;7;4;7;19;;;;;88;45;18;25;;;;;;;;362;261;101;;;;;;;;;;;;;;;;
Bezirk Harburg;Wahlkreis 17 - Süderelbe;Neugraben-Fischbek;71515;STIMMBEZIRK;;;N;1046;700;346;0;350;3;347;350;19;331;1640;489;239;86;44;28;13;79;;;;;544;238;23;56;139;52;36;;;;;235;65;39;131;;;;;;;;67;21;8;8;3;9;18;;;;;108;62;21;25;;;;;;;;197;149;48;;;;;;;;;;;;;;;;
Bezirk Harburg;Wahlkreis 17 - Süderelbe;Neugraben-Fischbek;71519;STIMMBEZIRK;;;N;1131;764;367;0;481;0;481;481;23;458;2252;821;386;174;108;25;29;99;;;;;721;434;24;55;143;46;19;;;;;235;122;36;77;;;;;;;;57;16;0;2;3;8;28;;;;;80;31;24;25;;;;;;;;338;265;73;;;;;;;;;;;;;;;;
Bezirk Harburg;Wahlkreis 17 - Süderelbe;Neugraben-Fischbek;71521;STIMMBEZIRK;;;N;940;780;160;0;278;0;278;278;41;237;1167;497;180;95;99;44;16;63;;;;;242;100;8;23;67;20;24;;;;;199;82;46;71;;;;;;;;62;23;10;20;4;3;2;;;;;76;32;17;27;;;;;;;;91;65;26;;;;;;;;;;;;;;;;
Bezirk Harburg;Wahlkreis 17 - Süderelbe;Neugraben-Fischbek;71522;STIMMBEZIRK;;;N;1171;894;277;0;441;2;439;441;28;413;2031;859;307;213;157;69;27;86;;;;;515;313;28;33;57;55;29;;;;;253;109;65;79;;;;;;;;92;38;13;16;2;15;8;;;;;96;37;34;25;;;;;;;;216;156;60;;;;;;;;;;;;;;;;
Bezirk Harburg;Wahlkreis 17 - Süderelbe;Neugraben-Fischbek;71523;STIMMBEZIRK;;;N;1230;773;457;0;453;4;449;453;25;428;2111;748;357;175;64;39;18;95;;;;;657;383;24;50;85;78;37;;;;;215;121;30;64;;;;;;;;96;24;18;12;12;24;6;;;;;91;47;16;28;;;;;;;;304;237;67;;;;;;;;;;;;;;;;
Bezirk Harburg;Wahlkreis 17 - Süderelbe;Neugraben-Fischbek;71524;STIMMBEZIRK;;;N;1281;941;340;0;498;6;492;497;19;478;2363;803;245;160;230;57;17;94;;;;;462;201;38;84;57;69;13;;;;;291;136;54;101;;;;;;;;115;26;10;20;11;39;9;;;;;179;99;43;37;;;;;;;;513;317;196;;;;;;;;;;;;;;;;
Bezirk Harburg;Wahlkreis 17 - Süderelbe;Neugraben-Fischbek;71525;STIMMBEZIRK;;;N;821;664;157;0;332;5;327;332;18;314;1565;498;203;94;99;45;14;43;;;;;415;192;19;73;51;42;38;;;;;201;78;57;66;;;;;;;;52;9;3;2;9;17;12;;;;;116;61;22;33;;;;;;;;283;198;85;;;;;;;;;;;;;;;;
Bezirk Harburg;Wahlkreis 17 - Süderelbe;Neugraben-Fischbek;71526;STIMMBEZIRK;;;N;1055;825;230;0;435;1;434;435;4;431;2106;724;328;105;148;43;15;85;;;;;561;217;41;110;61;83;49;;;;;171;40;54;77;;;;;;;;91;25;8;12;8;23;15;;;;;119;62;19;38;;;;;;;;440;340;100;;;;;;;;;;;;;;;;
Bezirk Harburg;Wahlkreis 17 - Süderelbe;Neugraben-Fischbek;7159901;BRIEFWAHLBEZIRK;;;N;0;0;0;0;503;503;0;501;6;495;2460;956;410;239;125;56;30;96;;;;;855;444;30;102;136;101;42;;;;;138;75;29;34;;;;;;;;75;28;14;6;5;12;10;;;;;159;78;42;39;;;;;;;;277;208;69;;;;;;;;;;;;;;;;
Bezirk Harburg;Wahlkreis 17 - Süderelbe;Neugraben-Fischbek;7159902;BRIEFWAHLBEZIRK;;;N;0;0;0;0;469;469;0;459;9;450;2243;671;308;150;77;47;22;67;;;;;639;308;53;56;100;66;56;;;;;230;112;36;82;;;;;;;;125;24;16;17;4;34;30;;;;;196;93;52;51;;;;;;;;382;224;158;;;;;;;;;;;;;;;;
Bezirk Harburg;Wahlkreis 17 - Süderelbe;Neugraben-Fischbek;7159903;BRIEFWAHLBEZIRK;;;N;0;0;0;0;462;462;0;460;13;447;2208;820;355;280;65;39;16;65;;;;;722;377;31;84;104;88;38;;;;;143;55;43;45;;;;;;;;102;30;8;7;8;28;21;;;;;161;90;23;48;;;;;;;;260;199;61;;;;;;;;;;;;;;;;
Bezirk Harburg;Wahlkreis 17 - Süderelbe;Neugraben-Fischbek;7159904;BRIEFWAHLBEZIRK;;;N;0;0;0;0;495;495;0;490;9;481;2403;853;364;212;90;62;36;89;;;;;841;457;43;74;117;107;43;;;;;132;59;23;50;;;;;;;;99;25;21;9;4;23;17;;;;;158;84;39;35;;;;;;;;320;210;110;;;;;;;;;;;;;;;;
Bezirk Harburg;Wahlkreis 17 - Süderelbe;Neugraben-Fischbek;7159905;BRIEFWAHLBEZIRK;;;N;0;0;0;0;495;495;0;490;11;479;2389;899;367;235;102;58;38;99;;;;;799;414;30;56;120;93;86;;;;;205;84;44;77;;;;;;;;41;16;1;10;3;2;9;;;;;125;51;34;40;;;;;;;;320;246;74;;;;;;;;;;;;;;;;
Bezirk Harburg;Wahlkreis 17 - Süderelbe;Neugraben-Fischbek;7159906;BRIEFWAHLBEZIRK;;;N;0;0;0;0;473;473;0;470;7;463;2297;796;368;213;89;36;24;66;;;;;774;335;35;89;142;119;54;;;;;198;61;39;98;;;;;;;;85;14;8;6;10;23;24;;;;;130;62;31;37;;;;;;;;314;211;103;;;;;;;;;;;;;;;;
Bezirk Harburg;Wahlkreis 17 - Süderelbe;Neugraben-Fischbek;7159907;BRIEFWAHLBEZIRK;;;N;0;0;0;0;478;478;0;467;13;454;2260;884;360;216;106;58;35;109;;;;;663;280;33;96;102;77;75;;;;;150;53;26;71;;;;;;;;76;22;4;3;8;23;16;;;;;165;77;38;50;;;;;;;;322;238;84;;;;;;;;;;;;;;;;
Bezirk Harburg;Wahlkreis 17 - Süderelbe;Neugraben-Fischbek;7159908;BRIEFWAHLBEZIRK;;;N;0;0;0;0;477;477;0;476;9;467;2290;839;344;222;95;75;27;76;;;;;668;352;36;56;97;89;38;;;;;219;85;47;87;;;;;;;;114;32;18;24;5;22;13;;;;;134;62;37;35;;;;;;;;316;232;84;;;;;;;;;;;;;;;;
Bezirk Harburg;Wahlkreis 17 - Süderelbe;Neugraben-Fischbek;7159909;BRIEFWAHLBEZIRK;;;N;0;0;0;0;461;461;0;459;14;445;2207;874;423;246;71;51;20;63;;;;;821;465;20;80;151;96;9;;;;;60;32;10;18;;;;;;;;88;33;8;6;5;7;29;;;;;120;57;35;28;;;;;;;;244;196;48;;;;;;;;;;;;;;;;
Bezirk Harburg;Wahlkreis 17 - Süderelbe;Neugraben-Fischbek;7159910;BRIEFWAHLBEZIRK;;;N;0;0;0;0;455;455;0;455;7;448;2240;837;384;136;114;63;32;108;;;;;651;346;26;56;107;72;44;;;;;217;98;46;73;;;;;;;;95;38;7;6;9;25;10;;;;;136;64;42;30;;;;;;;;304;216;88;;;;;;;;;;;;;;;;
Bezirk Harburg;Wahlkreis 17 - Süderelbe;Neugraben-Fischbek;7159911;BRIEFWAHLBEZIRK;;;N;0;0;0;0;518;518;0;518;4;514;2515;863;302;212;161;65;32;91;;;;;870;373;82;81;166;101;67;;;;;205;93;37;75;;;;;;;;104;23;11;17;12;24;17;;;;;125;71;20;34;;;;;;;;348;249;99;;;;;;;;;;;;;;;;
